,Season,DayNum,WTeamID,WScore,LTeamID,LScore,WLoc,NumOT,Team1,Team2,y,SeedNum1,SeedNum2,SeedDiff,WinPct_1,MarginPG_1,Tempo_1,OffEff_1,DefEff_1,NetEff_1,eFG_1,TOV_rate_1,FTR_1,ORB_rate_1,WinPct_2,MarginPG_2,Tempo_2,OffEff_2,DefEff_2,NetEff_2,eFG_2,TOV_rate_2,FTR_2,ORB_rate_2
0,2003,134,1421,92,1411,84,N,1,1411,1421,0,16,16,0,0.6,1.9666666666666666,70.66499999999999,103.02129767211491,100.23821316540486,2.783084506710054,0.5012062726176115,0.2155711219604236,0.5078407720144753,0.3654024051803885,0.4482758620689655,-7.241379310344827,70.66637931034482,100.76488599904847,111.0121625413246,-10.247276542276126,0.48633879781420764,0.22934380832713214,0.36854887674559805,0.34970530451866405
1,2003,136,1112,80,1436,51,N,0,1112,1436,1,1,16,-15,0.8928571428571429,14.964285714285714,77.19642857142857,110.38630580615313,91.00161924589405,19.384686560259084,0.5149456521739131,0.19153365718251214,0.3804347826086957,0.3946146703806871,0.6551724137931034,4.655172413793103,66.25258620689655,102.32521827384747,95.29881722248969,7.02640105135778,0.49166666666666664,0.2123534539965909,0.35,0.3722772277227723
2,2003,136,1113,84,1272,71,N,0,1113,1272,1,10,7,3,0.6206896551724138,6.793103448275862,69.65517241379311,109.05940594059406,99.3069306930693,9.752475247524757,0.5133333333333333,0.200990099009901,0.46060606060606063,0.3997985901309164,0.7931034482758621,8.689655172413794,70.60000000000001,105.54850053726678,93.24020709192146,12.308293445345313,0.49626436781609196,0.19536973722770343,0.3816091954022989,0.37362637362637363
3,2003,136,1141,79,1166,73,N,0,1141,1166,1,11,6,5,0.7931034482758621,6.103448275862069,72.30172413793103,109.74126624537975,101.29963038035054,8.441635865029212,0.5700261780104712,0.25229521879098604,0.47774869109947643,0.35906432748538014,0.8787878787878788,14.909090909090908,69.45378787878788,114.09374011496635,92.627537385879,21.466202729087357,0.5688291139240507,0.19241047568145378,0.34862869198312235,0.337406015037594
4,2003,136,1143,76,1301,74,N,1,1143,1301,1,8,9,-1,0.7241379310344828,4.724137931034483,70.92586206896551,105.01495004497168,98.3542796023045,6.6606704426671826,0.5202583675866118,0.19982011328001556,0.33235466823253085,0.3282980866062437,0.6,4.4,67.52166666666668,107.22484140893046,100.70841458297336,6.516426825957097,0.5309375,0.21030286574679732,0.38375,0.3122994652406417
5,2003,136,1163,58,1140,53,N,0,1140,1163,0,12,5,7,0.7419354838709677,8.774193548387096,65.60564516129033,110.43502845693352,97.06088431611165,13.374144140821869,0.5292636878539962,0.20946269867610723,0.4713656387665198,0.34994807892004154,0.7,8.633333333333333,73.73083333333334,108.54798422188817,96.83872644868157,11.709257773206602,0.5235798499464094,0.21429298009652223,0.3553054662379421,0.4071691176470588
6,2003,136,1181,67,1161,57,N,0,1161,1181,0,14,3,11,0.5666666666666667,1.3333333333333333,68.96000000000001,107.30858468677494,105.37509667440061,1.933488012374326,0.5470249520153551,0.2339520494972931,0.4657709532949456,0.36160714285714285,0.8,11.566666666666666,73.93166666666666,110.86814400685319,95.22306634504837,15.64507766180482,0.5143646408839779,0.18981491918212764,0.46519337016574586,0.3782051282051282
7,2003,136,1211,74,1153,69,N,0,1153,1211,0,8,9,-1,0.6071428571428571,5.821428571428571,65.37232142857142,102.98154800114727,94.07651228539821,8.905035715749065,0.462822936357908,0.1622573992378819,0.3799621928166352,0.3346456692913386,0.7419354838709677,8.870967741935484,69.7709677419355,110.45355772342688,97.73914651625132,12.714411207175559,0.5346131471785922,0.20851634379767903,0.4444444444444444,0.3623898139079334
8,2003,136,1228,65,1443,60,N,0,1228,1443,1,4,13,-9,0.8,14.033333333333333,68.30583333333334,110.43468713018653,89.88983371356765,20.544853416618878,0.5522700119474313,0.19276050117730303,0.34229390681003585,0.3146551724137931,0.7419354838709677,6.67741935483871,68.9241935483871,106.05386937495612,96.36580628554044,9.688063089415678,0.5288517022504328,0.2199705145905974,0.3773802654356607,0.3600764087870105
9,2003,136,1242,64,1429,61,N,0,1242,1429,1,2,15,-13,0.7666666666666667,14.966666666666667,74.36333333333333,109.37289883006858,89.24649244699448,20.126406383074098,0.5238095238095238,0.2003675646600027,0.3873729266987694,0.38858695652173914,0.7333333333333333,5.866666666666666,61.14416666666667,107.88709743366088,98.2922873536587,9.59481008000219,0.49518613607188705,0.20007359655459092,0.38960205391527597,0.3989473684210526
10,2003,136,1266,72,1221,68,N,0,1221,1266,0,14,3,11,0.8620689655172413,11.137931034482758,65.10172413793103,106.5176514208533,89.4091474880161,17.108503932837195,0.5094833224329627,0.21398871792155513,0.4198822759973839,0.3812636165577342,0.8214285714285714,10.714285714285714,67.92767857142857,115.40635392158151,99.63327593685511,15.773077984726399,0.5352380952380953,0.19979232113986778,0.41968253968253966,0.4137542277339346
11,2003,136,1281,72,1356,71,N,0,1281,1356,1,6,11,-5,0.6774193548387096,5.290322580645161,67.9491935483871,105.62920588200386,97.84350261699323,7.785703265010625,0.5051771117166213,0.2003394376728343,0.3068119891008174,0.3669885864793679,0.8,6.433333333333334,68.74833333333332,108.41474944847148,99.0569468350748,9.357802613396686,0.5256336405529954,0.1818225896385367,0.3352534562211982,0.32082922013820336
12,2003,136,1323,70,1454,69,N,0,1323,1454,1,5,12,-7,0.7096774193548387,8.903225806451612,72.91290322580646,109.85267442374905,97.64190594168915,12.210768482059905,0.5170122275385434,0.17519798256868555,0.3763955342902711,0.3146167557932264,0.7666666666666667,7.166666666666667,71.14750000000001,108.36642187005867,98.29345139791747,10.072970472141208,0.5404858299595142,0.2089555735151153,0.37189126662810873,0.33494675701839305
13,2003,136,1328,71,1354,54,N,0,1328,1354,1,1,16,-15,0.8,11.0,65.035,109.42825657979037,92.51428717869865,16.91396940109172,0.5129716981132075,0.18144076266625664,0.3290094339622642,0.35135135135135137,0.6666666666666666,1.5333333333333334,73.12166666666667,99.56009390741458,97.46313222255145,2.096961684863132,0.5036787247087676,0.26622296173044924,0.47455548743102394,0.3795121951219512
14,2003,136,1390,77,1360,69,N,0,1360,1390,0,13,4,9,0.6071428571428571,3.107142857142857,72.68125,102.74805596845324,98.47302924953625,4.27502671891699,0.5356904603068713,0.25011363217571836,0.4916611074049366,0.3450854700854701,0.7419354838709677,5.290322580645161,68.48064516129033,105.51603938009326,97.7907579254793,7.725281454613963,0.5016675931072818,0.2091478637712563,0.35797665369649806,0.38904109589041097
15,2003,136,1409,84,1173,71,N,0,1173,1409,0,4,13,-9,0.8275862068965517,6.482758620689655,64.86120689655174,112.22903015723227,102.23421363920306,9.99481651802921,0.5209923664122137,0.2052127221254934,0.42048346055979646,0.41157894736842104,0.7096774193548387,8.258064516129032,69.40241935483871,105.9273289255046,94.02851532088451,11.898813604620088,0.5209276018099548,0.20637004845512963,0.3399321266968326,0.3295238095238095
16,2003,136,1458,81,1451,74,N,0,1451,1458,0,12,5,7,0.8620689655172413,7.0344827586206895,67.16810344827586,110.47936854264262,100.00641724956684,10.47295129307578,0.5234833659491194,0.1853301674902137,0.48597521200260924,0.3225806451612903,0.7586206896551724,12.03448275862069,63.341379310344834,111.65550655996515,92.6561053949589,18.999401165006248,0.5223928342930262,0.1660406119004845,0.36084452975047987,0.32219827586206895
17,2003,137,1120,65,1386,63,N,1,1120,1386,1,10,7,3,0.6333333333333333,4.533333333333333,68.04,103.02763080540858,96.36488340192044,6.66274740348814,0.5213284582571602,0.23368606701940034,0.3607556368068251,0.3668032786885246,0.7931034482758621,11.344827586206897,65.98362068965517,107.02760611959603,89.8342065037039,17.193399615892133,0.5193282636248415,0.19597339987718998,0.37959442332065907,0.3375
18,2003,137,1139,47,1280,46,N,0,1139,1280,1,12,5,7,0.8275862068965517,7.655172413793103,61.10344827586207,112.24604966139955,99.71783295711062,12.528216704288937,0.5588835942818243,0.17042889390519186,0.32675289312457456,0.27921279212792127,0.7,10.0,67.1425,104.5041019721736,89.61040572910848,14.893696243065122,0.5218040621266428,0.2328381179332514,0.3160095579450418,0.3861788617886179
19,2003,137,1196,85,1358,55,N,0,1196,1358,1,2,15,-13,0.7741935483870968,11.225806451612904,68.09112903225805,111.4730022621487,94.98655738869874,16.486444873449955,0.5533675799086758,0.19660559260004976,0.3350456621004566,0.33201189296333,0.7777777777777778,6.518518518518518,69.4675925925926,103.32555814728424,93.94201932689104,9.383538820393198,0.5159611380985427,0.22605798067310898,0.44066620402498263,0.32844243792325056
20,2003,137,1231,67,1104,62,N,0,1104,1231,0,10,7,3,0.6071428571428571,4.285714285714286,66.83392857142857,103.66847463061427,97.25599166377215,6.41248296684212,0.4759525296689569,0.1987869719721057,0.3660212367270456,0.3747534516765286,0.625,3.53125,65.965625,106.92121843763323,101.5680515419963,5.353166895636932,0.49516496018202505,0.1743332227959638,0.4118316268486917,0.31713780918727913
21,2003,137,1246,95,1237,64,N,0,1237,1246,0,16,1,15,0.59375,0.84375,68.903125,103.40605016100503,102.18150483015103,1.2245453308539993,0.5133256083429896,0.2308494716313665,0.41946697566628044,0.3511737089201878,0.90625,13.4375,69.46484375,111.6122139121633,92.26789630546027,19.34431760670303,0.537988228999465,0.20244053309340382,0.35580524344569286,0.39200761179828736
22,2003,137,1257,86,1122,64,N,0,1122,1257,0,13,4,9,0.7407407407407407,2.0,68.06666666666666,102.40504951572532,99.46675372728262,2.9382957884427015,0.5099573257467994,0.22363695723147242,0.46088193456614507,0.3206703910614525,0.8,13.366666666666667,72.9225,112.21959386106253,93.88963168660793,18.329962174454607,0.5290410958904109,0.18329962174454614,0.4126027397260274,0.358695652173913
23,2003,137,1268,75,1423,73,N,0,1268,1423,1,6,11,-5,0.6785714285714286,13.928571428571429,73.96071428571429,109.22787193973635,90.39548022598869,18.832391713747654,0.5177564825253664,0.19073832633154666,0.34047350620067646,0.36806883365200765,0.8,11.766666666666667,66.545,107.24572344528765,89.56345330227666,17.682270143010996,0.5215721040189125,0.17231447391489468,0.32269503546099293,0.2975124378109453
24,2003,137,1277,79,1160,64,N,0,1160,1277,0,10,7,3,0.6451612903225806,5.451612903225806,72.20806451612903,104.5812950925864,97.03142799705154,7.549867095534864,0.48395581273014204,0.19388416091491883,0.39032088374539714,0.3844178082191781,0.6129032258064516,6.258064516129032,65.4790322580645,102.66768480429589,93.11032834938543,9.557356454910462,0.49873737373737376,0.22218390521467105,0.43308080808080807,0.3455114822546973
25,2003,137,1329,77,1335,63,N,0,1329,1335,1,6,11,-5,0.6896551724137931,6.517241379310345,68.30344827586207,100.6159127625202,91.07431340872375,9.541599353796443,0.48879900435594276,0.21455977382875607,0.403235843186061,0.3557978196233895,0.8148148148148148,10.777777777777779,64.10462962962963,109.48536102725579,92.67256943942917,16.812791587826624,0.5531991373112869,0.20279346554388802,0.3644859813084112,0.30324909747292417
26,2003,137,1338,87,1447,61,N,0,1338,1447,1,2,15,-13,0.8666666666666667,15.766666666666667,68.13000000000001,109.49655071187435,86.35451832281423,23.14203238906012,0.5616822429906542,0.22163510934977249,0.4261682242990654,0.364124597207304,0.6774193548387096,4.096774193548387,69.80806451612904,108.22300778632655,102.35438183036436,5.868625955962187,0.5329977628635347,0.2144127908320048,0.3344519015659955,0.3597678916827853
27,2003,137,1345,80,1261,56,N,0,1261,1345,0,8,9,-1,0.6774193548387096,10.32258064516129,67.76129032258065,108.06436256307722,92.83061982290775,15.233742740169475,0.5480374926772115,0.20470341807102732,0.36086701816051553,0.33131923464249746,0.6428571428571429,6.5,69.93392857142858,102.596838852999,93.30235170952174,9.294487143477255,0.4835850295469468,0.19763552332558793,0.46881155613919895,0.3069620253164557
28,2003,137,1393,76,1264,65,N,0,1264,1393,0,14,3,11,0.7931034482758621,8.413793103448276,71.7991379310345,106.09098658854322,94.37247109392821,11.718515494615005,0.49850209706411025,0.19787001572874516,0.4152186938286399,0.3293172690763052,0.8275862068965517,10.206896551724139,72.73706896551724,110.1274074074074,96.09481481481481,14.032592592592593,0.5121951219512195,0.18725925925925926,0.37971175166297116,0.3911404335532517
29,2003,137,1400,82,1421,61,N,0,1400,1421,1,1,16,-15,0.7857142857142857,10.178571428571429,70.97678571428573,111.10272473394218,96.76201977507736,14.34070495886482,0.4954233409610984,0.1891966689309885,0.38100686498855835,0.4237605238540692,0.4482758620689655,-7.241379310344827,70.66637931034482,100.76488599904847,111.0121625413246,-10.247276542276126,0.48633879781420764,0.22934380832713214,0.36854887674559805,0.34970530451866405
30,2003,137,1428,60,1332,58,N,0,1332,1428,0,8,9,-1,0.71875,8.25,75.65546875,108.67522382511179,97.7705263375293,10.904697487582482,0.5337701612903226,0.20115862410805566,0.3331653225806452,0.3244206773618538,0.7666666666666667,6.733333333333333,62.230000000000004,107.23659542557179,96.41651936365096,10.82007606192083,0.5272667542706965,0.2040816326530612,0.37056504599211565,0.32723358449946177
31,2003,137,1448,76,1190,73,N,0,1190,1448,0,15,2,13,0.6296296296296297,2.2222222222222223,77.93518518518519,102.26921706071046,99.4178448378282,2.8513722228822616,0.4996984318455971,0.24046572412973743,0.4041013268998794,0.38336713995943206,0.8275862068965517,10.793103448275861,70.23103448275862,111.6512004713507,96.28320322089655,15.367997250454152,0.5099397590361445,0.21505376344086022,0.4650602409638554,0.4327603640040445
32,2003,137,1462,71,1407,59,N,0,1407,1462,0,14,3,11,0.8333333333333334,8.8,73.27833333333334,108.30850410535174,96.29949735028545,12.009006755066295,0.5045918367346939,0.1874132872381559,0.29897959183673467,0.3772954924874791,0.8333333333333334,12.266666666666667,69.87416666666667,111.96317189233027,94.40780450571862,17.55536738661165,0.5070382882882883,0.18652577848274876,0.4115990990990991,0.3950850661625709
33,2003,138,1112,96,1211,95,N,2,1112,1211,1,1,9,-8,0.8928571428571429,14.964285714285714,77.19642857142857,110.38630580615313,91.00161924589405,19.384686560259084,0.5149456521739131,0.19153365718251214,0.3804347826086957,0.3946146703806871,0.7419354838709677,8.870967741935484,69.7709677419355,110.45355772342688,97.73914651625132,12.714411207175559,0.5346131471785922,0.20851634379767903,0.4444444444444444,0.3623898139079334
34,2003,138,1163,85,1390,74,N,0,1163,1390,1,5,4,1,0.7,8.633333333333333,73.73083333333334,108.54798422188817,96.83872644868157,11.709257773206602,0.5235798499464094,0.21429298009652223,0.3553054662379421,0.4071691176470588,0.7419354838709677,5.290322580645161,68.48064516129033,105.51603938009326,97.7907579254793,7.725281454613963,0.5016675931072818,0.2091478637712563,0.35797665369649806,0.38904109589041097
35,2003,138,1181,86,1141,60,N,0,1141,1181,0,11,3,8,0.7931034482758621,6.103448275862069,72.30172413793103,109.74126624537975,101.29963038035054,8.441635865029212,0.5700261780104712,0.25229521879098604,0.47774869109947643,0.35906432748538014,0.8,11.566666666666666,73.93166666666666,110.86814400685319,95.22306634504837,15.64507766180482,0.5143646408839779,0.18981491918212764,0.46519337016574586,0.3782051282051282
36,2003,138,1242,108,1113,76,N,0,1113,1242,0,10,2,8,0.6206896551724138,6.793103448275862,69.65517241379311,109.05940594059406,99.3069306930693,9.752475247524757,0.5133333333333333,0.200990099009901,0.46060606060606063,0.3997985901309164,0.7666666666666667,14.966666666666667,74.36333333333333,109.37289883006858,89.24649244699448,20.126406383074098,0.5238095238095238,0.2003675646600027,0.3873729266987694,0.38858695652173914
37,2003,138,1266,101,1281,92,N,1,1266,1281,1,3,6,-3,0.8214285714285714,10.714285714285714,67.92767857142857,115.40635392158151,99.63327593685511,15.773077984726399,0.5352380952380953,0.19979232113986778,0.41968253968253966,0.4137542277339346,0.6774193548387096,5.290322580645161,67.9491935483871,105.62920588200386,97.84350261699323,7.785703265010625,0.5051771117166213,0.2003394376728343,0.3068119891008174,0.3669885864793679
38,2003,138,1323,68,1228,60,N,0,1228,1323,0,4,5,-1,0.8,14.033333333333333,68.30583333333334,110.43468713018653,89.88983371356765,20.544853416618878,0.5522700119474313,0.19276050117730303,0.34229390681003585,0.3146551724137931,0.7096774193548387,8.903225806451612,72.91290322580646,109.85267442374905,97.64190594168915,12.210768482059905,0.5170122275385434,0.17519798256868555,0.3763955342902711,0.3146167557932264
39,2003,138,1328,74,1143,65,N,0,1143,1328,0,8,1,7,0.7241379310344828,4.724137931034483,70.92586206896551,105.01495004497168,98.3542796023045,6.6606704426671826,0.5202583675866118,0.19982011328001556,0.33235466823253085,0.3282980866062437,0.8,11.0,65.035,109.42825657979037,92.51428717869865,16.91396940109172,0.5129716981132075,0.18144076266625664,0.3290094339622642,0.35135135135135137
40,2003,138,1458,61,1409,60,N,0,1409,1458,0,13,5,8,0.7096774193548387,8.258064516129032,69.40241935483871,105.9273289255046,94.02851532088451,11.898813604620088,0.5209276018099548,0.20637004845512963,0.3399321266968326,0.3295238095238095,0.7586206896551724,12.03448275862069,63.341379310344834,111.65550655996515,92.6561053949589,18.999401165006248,0.5223928342930262,0.1660406119004845,0.36084452975047987,0.32219827586206895
41,2003,139,1120,68,1448,62,N,0,1120,1448,1,10,2,8,0.6333333333333333,4.533333333333333,68.04,103.02763080540858,96.36488340192044,6.66274740348814,0.5213284582571602,0.23368606701940034,0.3607556368068251,0.3668032786885246,0.8275862068965517,10.793103448275861,70.23103448275862,111.6512004713507,96.28320322089655,15.367997250454152,0.5099397590361445,0.21505376344086022,0.4650602409638554,0.4327603640040445
42,2003,139,1139,79,1257,71,N,0,1139,1257,1,12,4,8,0.8275862068965517,7.655172413793103,61.10344827586207,112.24604966139955,99.71783295711062,12.528216704288937,0.5588835942818243,0.17042889390519186,0.32675289312457456,0.27921279212792127,0.8,13.366666666666667,72.9225,112.21959386106253,93.88963168660793,18.329962174454607,0.5290410958904109,0.18329962174454614,0.4126027397260274,0.358695652173913
43,2003,139,1246,74,1428,54,N,0,1246,1428,1,1,9,-8,0.90625,13.4375,69.46484375,111.6122139121633,92.26789630546027,19.34431760670303,0.537988228999465,0.20244053309340382,0.35580524344569286,0.39200761179828736,0.7666666666666667,6.733333333333333,62.230000000000004,107.23659542557179,96.41651936365096,10.82007606192083,0.5272667542706965,0.2040816326530612,0.37056504599211565,0.32723358449946177
44,2003,139,1268,77,1462,64,N,0,1268,1462,1,6,3,3,0.6785714285714286,13.928571428571429,73.96071428571429,109.22787193973635,90.39548022598869,18.832391713747654,0.5177564825253664,0.19073832633154666,0.34047350620067646,0.36806883365200765,0.8333333333333334,12.266666666666667,69.87416666666667,111.96317189233027,94.40780450571862,17.55536738661165,0.5070382882882883,0.18652577848274876,0.4115990990990991,0.3950850661625709
45,2003,139,1277,68,1196,46,N,0,1196,1277,0,2,7,-5,0.7741935483870968,11.225806451612904,68.09112903225805,111.4730022621487,94.98655738869874,16.486444873449955,0.5533675799086758,0.19660559260004976,0.3350456621004566,0.33201189296333,0.6129032258064516,6.258064516129032,65.4790322580645,102.66768480429589,93.11032834938543,9.557356454910462,0.49873737373737376,0.22218390521467105,0.43308080808080807,0.3455114822546973
46,2003,139,1338,74,1231,52,N,0,1231,1338,0,7,2,5,0.625,3.53125,65.965625,106.92121843763323,101.5680515419963,5.353166895636932,0.49516496018202505,0.1743332227959638,0.4118316268486917,0.31713780918727913,0.8666666666666667,15.766666666666667,68.13000000000001,109.49655071187435,86.35451832281423,23.14203238906012,0.5616822429906542,0.22163510934977249,0.4261682242990654,0.364124597207304
47,2003,139,1393,68,1329,56,N,0,1329,1393,0,6,3,3,0.6896551724137931,6.517241379310345,68.30344827586207,100.6159127625202,91.07431340872375,9.541599353796443,0.48879900435594276,0.21455977382875607,0.403235843186061,0.3557978196233895,0.8275862068965517,10.206896551724139,72.73706896551724,110.1274074074074,96.09481481481481,14.032592592592593,0.5121951219512195,0.18725925925925926,0.37971175166297116,0.3911404335532517
48,2003,139,1400,77,1345,67,N,0,1345,1400,0,9,1,8,0.6428571428571429,6.5,69.93392857142858,102.596838852999,93.30235170952174,9.294487143477255,0.4835850295469468,0.19763552332558793,0.46881155613919895,0.3069620253164557,0.7857142857142857,10.178571428571429,70.97678571428573,111.10272473394218,96.76201977507736,14.34070495886482,0.4954233409610984,0.1891966689309885,0.38100686498855835,0.4237605238540692
49,2003,143,1112,88,1323,71,N,0,1112,1323,1,1,5,-4,0.8928571428571429,14.964285714285714,77.19642857142857,110.38630580615313,91.00161924589405,19.384686560259084,0.5149456521739131,0.19153365718251214,0.3804347826086957,0.3946146703806871,0.7096774193548387,8.903225806451612,72.91290322580646,109.85267442374905,97.64190594168915,12.210768482059905,0.5170122275385434,0.17519798256868555,0.3763955342902711,0.3146167557932264
50,2003,143,1242,69,1181,65,N,0,1181,1242,0,3,2,1,0.8,11.566666666666666,73.93166666666666,110.86814400685319,95.22306634504837,15.64507766180482,0.5143646408839779,0.18981491918212764,0.46519337016574586,0.3782051282051282,0.7666666666666667,14.966666666666667,74.36333333333333,109.37289883006858,89.24649244699448,20.126406383074098,0.5238095238095238,0.2003675646600027,0.3873729266987694,0.38858695652173914
51,2003,143,1246,63,1458,57,N,0,1246,1458,1,1,5,-4,0.90625,13.4375,69.46484375,111.6122139121633,92.26789630546027,19.34431760670303,0.537988228999465,0.20244053309340382,0.35580524344569286,0.39200761179828736,0.7586206896551724,12.03448275862069,63.341379310344834,111.65550655996515,92.6561053949589,18.999401165006248,0.5223928342930262,0.1660406119004845,0.36084452975047987,0.32219827586206895
52,2003,143,1266,77,1338,74,N,0,1266,1338,1,3,2,1,0.8214285714285714,10.714285714285714,67.92767857142857,115.40635392158151,99.63327593685511,15.773077984726399,0.5352380952380953,0.19979232113986778,0.41968253968253966,0.4137542277339346,0.8666666666666667,15.766666666666667,68.13000000000001,109.49655071187435,86.35451832281423,23.14203238906012,0.5616822429906542,0.22163510934977249,0.4261682242990654,0.364124597207304
53,2003,144,1277,60,1268,58,N,0,1268,1277,0,6,7,-1,0.6785714285714286,13.928571428571429,73.96071428571429,109.22787193973635,90.39548022598869,18.832391713747654,0.5177564825253664,0.19073832633154666,0.34047350620067646,0.36806883365200765,0.6129032258064516,6.258064516129032,65.4790322580645,102.66768480429589,93.11032834938543,9.557356454910462,0.49873737373737376,0.22218390521467105,0.43308080808080807,0.3455114822546973
54,2003,144,1328,65,1139,54,N,0,1139,1328,0,12,1,11,0.8275862068965517,7.655172413793103,61.10344827586207,112.24604966139955,99.71783295711062,12.528216704288937,0.5588835942818243,0.17042889390519186,0.32675289312457456,0.27921279212792127,0.8,11.0,65.035,109.42825657979037,92.51428717869865,16.91396940109172,0.5129716981132075,0.18144076266625664,0.3290094339622642,0.35135135135135137
55,2003,144,1393,79,1120,78,N,0,1120,1393,0,10,3,7,0.6333333333333333,4.533333333333333,68.04,103.02763080540858,96.36488340192044,6.66274740348814,0.5213284582571602,0.23368606701940034,0.3607556368068251,0.3668032786885246,0.8275862068965517,10.206896551724139,72.73706896551724,110.1274074074074,96.09481481481481,14.032592592592593,0.5121951219512195,0.18725925925925926,0.37971175166297116,0.3911404335532517
56,2003,144,1400,82,1163,78,N,0,1163,1400,0,5,1,4,0.7,8.633333333333333,73.73083333333334,108.54798422188817,96.83872644868157,11.709257773206602,0.5235798499464094,0.21429298009652223,0.3553054662379421,0.4071691176470588,0.7857142857142857,10.178571428571429,70.97678571428573,111.10272473394218,96.76201977507736,14.34070495886482,0.4954233409610984,0.1891966689309885,0.38100686498855835,0.4237605238540692
57,2003,145,1242,78,1112,75,N,0,1112,1242,0,1,2,-1,0.8928571428571429,14.964285714285714,77.19642857142857,110.38630580615313,91.00161924589405,19.384686560259084,0.5149456521739131,0.19153365718251214,0.3804347826086957,0.3946146703806871,0.7666666666666667,14.966666666666667,74.36333333333333,109.37289883006858,89.24649244699448,20.126406383074098,0.5238095238095238,0.2003675646600027,0.3873729266987694,0.38858695652173914
58,2003,145,1266,83,1246,69,N,0,1246,1266,0,1,3,-2,0.90625,13.4375,69.46484375,111.6122139121633,92.26789630546027,19.34431760670303,0.537988228999465,0.20244053309340382,0.35580524344569286,0.39200761179828736,0.8214285714285714,10.714285714285714,67.92767857142857,115.40635392158151,99.63327593685511,15.773077984726399,0.5352380952380953,0.19979232113986778,0.41968253968253966,0.4137542277339346
59,2003,146,1393,63,1328,47,N,0,1328,1393,0,1,3,-2,0.8,11.0,65.035,109.42825657979037,92.51428717869865,16.91396940109172,0.5129716981132075,0.18144076266625664,0.3290094339622642,0.35135135135135137,0.8275862068965517,10.206896551724139,72.73706896551724,110.1274074074074,96.09481481481481,14.032592592592593,0.5121951219512195,0.18725925925925926,0.37971175166297116,0.3911404335532517
60,2003,146,1400,85,1277,76,N,0,1277,1400,0,7,1,6,0.6129032258064516,6.258064516129032,65.4790322580645,102.66768480429589,93.11032834938543,9.557356454910462,0.49873737373737376,0.22218390521467105,0.43308080808080807,0.3455114822546973,0.7857142857142857,10.178571428571429,70.97678571428573,111.10272473394218,96.76201977507736,14.34070495886482,0.4954233409610984,0.1891966689309885,0.38100686498855835,0.4237605238540692
61,2003,152,1242,94,1266,61,N,0,1242,1266,1,2,3,-1,0.7666666666666667,14.966666666666667,74.36333333333333,109.37289883006858,89.24649244699448,20.126406383074098,0.5238095238095238,0.2003675646600027,0.3873729266987694,0.38858695652173914,0.8214285714285714,10.714285714285714,67.92767857142857,115.40635392158151,99.63327593685511,15.773077984726399,0.5352380952380953,0.19979232113986778,0.41968253968253966,0.4137542277339346
62,2003,152,1393,95,1400,84,N,0,1393,1400,1,3,1,2,0.8275862068965517,10.206896551724139,72.73706896551724,110.1274074074074,96.09481481481481,14.032592592592593,0.5121951219512195,0.18725925925925926,0.37971175166297116,0.3911404335532517,0.7857142857142857,10.178571428571429,70.97678571428573,111.10272473394218,96.76201977507736,14.34070495886482,0.4954233409610984,0.1891966689309885,0.38100686498855835,0.4237605238540692
63,2003,154,1393,81,1242,78,N,0,1242,1393,0,2,3,-1,0.7666666666666667,14.966666666666667,74.36333333333333,109.37289883006858,89.24649244699448,20.126406383074098,0.5238095238095238,0.2003675646600027,0.3873729266987694,0.38858695652173914,0.8275862068965517,10.206896551724139,72.73706896551724,110.1274074074074,96.09481481481481,14.032592592592593,0.5121951219512195,0.18725925925925926,0.37971175166297116,0.3911404335532517
64,2004,134,1197,72,1250,57,N,0,1197,1250,1,16,16,0,0.4666666666666667,-1.8666666666666667,72.92,98.87547997805815,101.43536295483635,-2.559882976778198,0.4895397489539749,0.23221795575059426,0.4399282725642558,0.3155473781048758,0.6428571428571429,2.1785714285714284,66.84375,98.52400988445869,95.2648099913177,3.2591998931409876,0.4784910655195235,0.21906097642423028,0.3673064195896757,0.32401656314699795
65,2004,136,1104,65,1356,64,N,0,1104,1356,1,8,9,-1,0.5862068965517241,4.758620689655173,67.35000000000001,107.21142769372551,100.1459181322479,7.0655095614776116,0.5175548589341693,0.19711747689629572,0.3974921630094044,0.3384932920536636,0.8620689655172413,8.379310344827585,66.79741379310344,106.7045234561528,94.16016003097374,12.544363425179057,0.49504662004662003,0.18068013163838162,0.3117715617715618,0.3613207547169811
66,2004,136,1163,70,1436,53,N,0,1163,1436,1,2,15,-13,0.8181818181818182,15.151515151515152,70.7219696969697,111.8335779246516,90.40952085096356,21.424057073688047,0.5319303338171263,0.19495891937056123,0.32268988872762455,0.4149548069022186,0.7333333333333333,4.3,65.49583333333334,101.38049494242637,94.81519180609453,6.565303136331835,0.4833134684147795,0.1918697118137286,0.32479141835518477,0.32800751879699247
67,2004,136,1177,76,1173,69,N,2,1173,1177,0,10,7,3,0.75,3.875,64.4578125,105.4468765907934,99.43519259205391,6.0116839987394854,0.5128974205158968,0.2215596441470923,0.41631673665266944,0.3781431334622824,0.7,3.2,65.71833333333333,107.8339377647029,102.96467246582638,4.869265298876513,0.5164935858277336,0.20440769952575386,0.3775198533903482,0.3802521008403361
68,2004,136,1181,96,1106,61,N,0,1106,1181,0,16,1,15,0.5333333333333333,0.8333333333333334,64.905,94.6511568189405,93.36722902703953,1.2839277919009788,0.478796169630643,0.26500269624836303,0.46101231190150477,0.36869747899159666,0.84375,14.78125,70.57578125,112.99910335742828,92.05530402824976,20.943799329178518,0.532870122928915,0.2010250506437008,0.40780331373597006,0.3998136067101584
69,2004,136,1211,76,1434,49,N,0,1211,1434,1,2,15,-13,0.9310344827586207,16.413793103448278,69.53362068965517,118.42447835951351,94.8189290717713,23.60554928774222,0.572782874617737,0.19489455609417425,0.41651376146788993,0.3781038374717833,0.5862068965517241,0.8275862068965517,71.71293103448276,100.78497842210922,99.63095195162705,1.1540264704821652,0.49134199134199136,0.2255160061067234,0.4409400123685838,0.3369140625
70,2004,136,1264,75,1196,60,N,0,1196,1264,0,5,12,-7,0.6666666666666666,7.833333333333333,69.63833333333334,110.52341861522628,99.27482468946701,11.248593925759266,0.5561529271206691,0.21061197137591842,0.3548387096774194,0.32659574468085106,0.8275862068965517,10.89655172413793,68.43362068965517,108.6378695690513,92.71506493833692,15.922804630714381,0.4937539038101187,0.1899651058790925,0.4728294815740162,0.3562058526740666
71,2004,136,1268,86,1431,83,N,0,1268,1431,1,4,13,-9,0.6333333333333333,5.6,75.24083333333333,102.82537186146708,95.38260474697915,7.442767114487921,0.481151832460733,0.20113192083199505,0.4036649214659686,0.3814516129032258,0.7586206896551724,8.241379310344827,69.35689655172413,108.83237626469784,96.94980982921919,11.882566435478651,0.5256166982922201,0.19539115519427253,0.4465528146742568,0.31871657754010696
72,2004,136,1305,72,1277,66,N,0,1277,1305,0,7,10,-3,0.6206896551724138,4.103448275862069,65.30344827586207,109.40965255042771,103.12599007286937,6.283662477558337,0.5584016393442623,0.22388847819199495,0.3879781420765027,0.3279503105590062,0.7333333333333333,9.333333333333334,69.735,108.26701082670107,94.88300948830094,13.384001338400125,0.4968803176403857,0.18642001864200186,0.40726035167328417,0.3743016759776536
73,2004,136,1314,63,1102,52,N,0,1102,1314,0,11,6,5,0.7857142857142857,9.75,54.142857142857146,111.14775725593668,93.13984168865436,18.007915567282325,0.5832625318606627,0.19920844327176782,0.37383177570093457,0.24891461649782923,0.6428571428571429,7.607142857142857,76.47142857142856,108.63067438819354,98.68298150569775,9.947692882495787,0.5130919220055711,0.20455819166822345,0.3966573816155989,0.3974121996303142
74,2004,136,1371,80,1112,76,N,0,1112,1371,0,9,8,1,0.6896551724137931,9.10344827586207,76.40431034482758,114.54490065328504,102.6300646515249,11.914836001760136,0.5416445623342175,0.19587268275620848,0.3347480106100796,0.39088263821532493,0.6785714285714286,7.821428571428571,67.56160714285714,106.99229539177206,95.41555987260305,11.576735519169006,0.5116206030150754,0.1945314461668583,0.34610552763819097,0.3488372093023256
75,2004,136,1386,82,1251,63,N,0,1251,1386,0,16,1,15,0.5483870967741935,1.7419354838709677,69.65887096774195,98.68367736781781,96.18301168135035,2.500665686467457,0.4793641940881205,0.22691225673501045,0.3363078639152259,0.36639857015192134,0.9642857142857143,16.285714285714285,68.06696428571429,114.27821866596707,90.35220043287204,23.926018233095036,0.5644654088050315,0.17209942939594675,0.34276729559748426,0.29585152838427947
76,2004,136,1390,71,1427,45,N,0,1390,1427,1,1,16,-15,0.9666666666666667,13.233333333333333,67.5625,109.4295405488745,89.84273820536541,19.586802343509092,0.5316301703163017,0.20672217082947889,0.38017031630170317,0.3639344262295082,0.5714285714285714,-0.21428571428571427,72.63303571428571,99.71849684691884,100.01352198551919,-0.2950251386003515,0.4920986093552465,0.23552840231594735,0.42414664981036665,0.3415597235932873
77,2004,136,1393,80,1140,75,N,0,1140,1393,0,12,5,7,0.7037037037037037,6.814814814814815,66.49166666666667,108.56275500967818,98.31362883123755,10.249126178440633,0.5386542591267001,0.2105527008397042,0.4359341445955619,0.33292079207920794,0.75,6.107142857142857,68.49732142857142,106.46923107003663,97.55334541235972,8.91588565767691,0.49940227136879856,0.18666006230692025,0.3484757919904363,0.38272816486751715
78,2004,136,1400,66,1343,49,N,0,1343,1400,0,14,3,11,0.7307692307692307,5.6923076923076925,59.43269230769231,105.16097718815726,95.5832389580974,9.577738230059865,0.5436933223413025,0.22714771072641968,0.35449299258037925,0.31721194879089615,0.7666666666666667,10.733333333333333,68.83999999999999,112.04725934534187,96.45554909936085,15.59171024598102,0.494944119212347,0.17238039899283364,0.35763704097924426,0.41938250428816465
79,2004,136,1403,76,1150,73,N,0,1150,1403,0,9,8,1,0.7241379310344828,7.896551724137931,73.51982758620689,107.92303272633468,97.18232238546956,10.740710340865121,0.5151688609044076,0.20824783368314906,0.44476244991413855,0.3821428571428571,0.6875,6.96875,69.55390625,105.53864471127386,95.51943748666166,10.019207224612202,0.49572192513368984,0.17926742971391346,0.3588235294117647,0.32879200726612173
80,2004,136,1448,79,1433,78,N,0,1433,1448,0,13,4,9,0.7666666666666667,7.233333333333333,68.61583333333333,103.18318172433477,92.64139715080339,10.541784573531388,0.5336363636363637,0.23949768639405386,0.36424242424242426,0.3666997026759167,0.6785714285714286,8.178571428571429,74.20267857142858,112.9628069837679,101.9408714067407,11.021935577027207,0.5348699763593381,0.20263034401434293,0.4450354609929078,0.3898809523809524
81,2004,137,1130,58,1428,51,N,0,1130,1428,1,6,11,-5,0.71875,5.0,65.5796875,104.8342903433323,97.20997831836267,7.624312024969626,0.4886031560490941,0.20395034666793738,0.4547048509643483,0.38789025543992434,0.7419354838709677,7.290322580645161,61.053225806451614,106.3059731064909,94.36504372176577,11.940929384725123,0.5337041884816754,0.23300663091432647,0.3494764397905759,0.36995515695067266
82,2004,137,1153,80,1190,77,N,0,1153,1190,1,4,13,-9,0.8,14.0,69.16583333333332,111.18206243448716,90.94085470909289,20.241207725394275,0.5186125211505922,0.17494186676947915,0.39537507050197407,0.3685687558465856,0.8275862068965517,7.689655172413793,75.78103448275863,102.83712147066184,92.68991877687529,10.147202693786554,0.5126975169300225,0.21340977862716992,0.3690744920993228,0.3339622641509434
83,2004,137,1210,65,1320,60,N,0,1210,1320,1,3,14,-11,0.71875,10.78125,73.39375,106.36123648130801,91.67163416503449,14.689602316273522,0.5321199143468951,0.21076385932044622,0.39400428265524623,0.3285198555956679,0.6896551724137931,3.9655172413793105,66.81724137931035,103.57640501625639,97.64153377715849,5.934871239097902,0.5058479532163743,0.18939980389121122,0.39766081871345027,0.2695109261186264
84,2004,137,1228,72,1293,53,N,0,1228,1293,1,5,12,-7,0.8,9.733333333333333,66.30583333333333,109.39208465821258,94.71263212135685,14.679452536855734,0.5247093023255814,0.1895258084381716,0.30988372093023253,0.36427850655903127,0.8333333333333334,11.4,71.23166666666665,113.43269613233815,97.42857811366669,16.004118018671463,0.5507002801120449,0.19373406022602307,0.3596638655462185,0.3612204724409449
85,2004,137,1242,78,1227,53,N,0,1227,1242,0,13,4,9,0.7741935483870968,7.483870967741935,65.70483870967742,106.53705476593761,95.14691803520142,11.390136730736188,0.5005770340450086,0.1914721260770307,0.3958453548759377,0.38721804511278196,0.7142857142857143,6.678571428571429,70.74642857142858,105.81049018123075,96.37033671563431,9.440153465596438,0.5125921375921376,0.2039477005401585,0.371007371007371,0.345957011258956
86,2004,137,1246,96,1197,76,N,0,1197,1246,0,16,1,15,0.4666666666666667,-1.8666666666666667,72.92,98.87547997805815,101.43536295483635,-2.559882976778198,0.4895397489539749,0.23221795575059426,0.4399282725642558,0.3155473781048758,0.8666666666666667,10.333333333333334,68.81166666666667,106.28042725313053,91.26359386731902,15.016833385811509,0.5237536656891496,0.21072008138154869,0.3436950146627566,0.35939086294416245
87,2004,137,1272,59,1376,43,N,0,1272,1376,1,7,10,-3,0.75,7.642857142857143,69.13392857142857,106.41870076197856,95.3635541779672,11.055146584011354,0.49634591961023145,0.1870076197856128,0.39585870889159563,0.35904761904761906,0.696969696969697,8.151515151515152,67.97424242424243,104.31758910460735,92.32552437420591,11.992064730401438,0.4947534102833158,0.19436952499832824,0.35362014690451204,0.3521008403361345
88,2004,137,1280,85,1284,52,N,0,1280,1284,1,2,15,-13,0.8928571428571429,10.821428571428571,70.63125,109.16859443538499,93.84757353963619,15.321020895748802,0.5228937728937729,0.2189439619755521,0.41086691086691085,0.4121756487025948,0.65625,1.875,68.8140625,99.95231715901092,97.22758338820644,2.7247337708044768,0.4840091376356368,0.19481846461252014,0.38720731010850945,0.27100271002710025
89,2004,137,1301,61,1418,52,N,0,1301,1418,1,3,14,-11,0.6896551724137931,8.137931034482758,67.61206896551724,108.47889838072166,96.44268774703558,12.036210633686082,0.5284450063211125,0.2034935611373199,0.36030341340075855,0.3142548596112311,0.6923076923076923,6.384615384615385,71.02211538461539,107.3880021120182,98.39838620148112,8.989615910537083,0.5334207077326344,0.20470330205921775,0.33879423328964614,0.3443181818181818
90,2004,137,1329,75,1186,56,N,0,1186,1329,0,15,2,13,0.5714285714285714,1.8928571428571428,67.80357142857143,103.6081116671056,100.81643402686332,2.791677640242284,0.5364762560220234,0.22438767447985253,0.3991741225051617,0.30011723329425555,0.896551724137931,14.310344827586206,69.0603448275862,113.24428910248409,92.52278117588317,20.72150792660092,0.5556915544675642,0.19473224316564725,0.397796817625459,0.3662597114317425
91,2004,137,1334,66,1344,58,N,0,1334,1344,1,12,5,7,0.7666666666666667,5.366666666666666,65.19500000000001,106.09198046884985,97.86026535777283,8.231715111077023,0.5282828282828282,0.21627425416059512,0.46195286195286195,0.30992196209587514,0.7142857142857143,7.178571428571429,67.20803571428571,106.3860879731112,95.7049672525341,10.681120720577098,0.5258001306335728,0.22212479906473767,0.3572828216851731,0.3625277161862528
92,2004,137,1338,53,1416,44,N,0,1338,1416,1,3,14,-11,0.875,12.78125,62.6171875,109.99376169681847,89.58203368683718,20.41172800998129,0.52046783625731,0.1986275733000624,0.38011695906432746,0.4097222222222222,0.8275862068965517,8.310344827586206,66.39396551724138,106.2103172026955,93.69360011426049,12.516717088435016,0.5247524752475248,0.22800161003414832,0.2988861386138614,0.37631027253668764
93,2004,137,1412,102,1449,100,N,0,1412,1449,1,9,8,1,0.6896551724137931,7.551724137931035,72.86637931034483,102.31292517006803,91.94912747707778,10.363797692990246,0.49528563505268997,0.18692694469091983,0.3189129229062673,0.3196428571428571,0.6333333333333333,3.2,76.305,106.72083524452307,102.52713889434942,4.193696350173653,0.5157011369788846,0.19920057663324814,0.40822956145100164,0.34540389972144847
94,2004,137,1435,71,1444,58,N,0,1435,1444,1,6,11,-5,0.7,9.1,68.40583333333333,107.9342648653258,94.6313058096897,13.302959055636094,0.516560139453806,0.18663125708090195,0.3561882626380012,0.3310810810810811,0.8666666666666667,13.266666666666667,69.4875,113.97733405288722,94.8851711938598,19.09216285902741,0.5236353404614519,0.1914013311746717,0.40236353404614517,0.40018570102135564
95,2004,137,1458,76,1350,64,N,0,1350,1458,0,11,6,5,0.625,5.53125,64.86328125,99.48810599217103,90.96055404998495,8.52755194218608,0.4614721104082806,0.20138512496236075,0.3651523864289822,0.3392382639503986,0.8,11.966666666666667,61.780833333333334,111.09162766230088,91.72208209126347,19.369545571037406,0.5031486146095718,0.16078341448939126,0.404911838790932,0.35025906735751294
96,2004,137,1462,80,1257,70,N,0,1257,1462,0,10,7,3,0.6896551724137931,12.379310344827585,70.94137931034481,103.29072084771303,85.84066494920528,17.450055898507756,0.4884887839433294,0.1958878141253099,0.3707201889020071,0.32037914691943126,0.696969696969697,8.06060606060606,65.99469696969696,106.71197180673379,94.49795093728835,12.214020869445434,0.5095315904139434,0.1900979187951282,0.3632897603485839,0.34003496503496505
97,2004,138,1104,70,1390,67,N,0,1104,1390,1,8,1,7,0.5862068965517241,4.758620689655173,67.35000000000001,107.21142769372551,100.1459181322479,7.0655095614776116,0.5175548589341693,0.19711747689629572,0.3974921630094044,0.3384932920536636,0.9666666666666667,13.233333333333333,67.5625,109.4295405488745,89.84273820536541,19.586802343509092,0.5316301703163017,0.20672217082947889,0.38017031630170317,0.3639344262295082
98,2004,138,1163,72,1177,55,N,0,1163,1177,1,2,7,-5,0.8181818181818182,15.151515151515152,70.7219696969697,111.8335779246516,90.40952085096356,21.424057073688047,0.5319303338171263,0.19495891937056123,0.32268988872762455,0.4149548069022186,0.7,3.2,65.71833333333333,107.8339377647029,102.96467246582638,4.869265298876513,0.5164935858277336,0.20440769952575386,0.3775198533903482,0.3802521008403361
99,2004,138,1181,90,1371,62,N,0,1181,1371,1,1,8,-7,0.84375,14.78125,70.57578125,112.99910335742828,92.05530402824976,20.943799329178518,0.532870122928915,0.2010250506437008,0.40780331373597006,0.3998136067101584,0.6785714285714286,7.821428571428571,67.56160714285714,106.99229539177206,95.41555987260305,11.576735519169006,0.5116206030150754,0.1945314461668583,0.34610552763819097,0.3488372093023256
100,2004,138,1305,91,1211,72,N,0,1211,1305,0,2,10,-8,0.9310344827586207,16.413793103448278,69.53362068965517,118.42447835951351,94.8189290717713,23.60554928774222,0.572782874617737,0.19489455609417425,0.41651376146788993,0.3781038374717833,0.7333333333333333,9.333333333333334,69.735,108.26701082670107,94.88300948830094,13.384001338400125,0.4968803176403857,0.18642001864200186,0.40726035167328417,0.3743016759776536
101,2004,138,1386,70,1403,65,N,0,1386,1403,1,1,8,-7,0.9642857142857143,16.285714285714285,68.06696428571429,114.27821866596707,90.35220043287204,23.926018233095036,0.5644654088050315,0.17209942939594675,0.34276729559748426,0.29585152838427947,0.6875,6.96875,69.55390625,105.53864471127386,95.51943748666166,10.019207224612202,0.49572192513368984,0.17926742971391346,0.3588235294117647,0.32879200726612173
102,2004,138,1393,72,1268,70,N,0,1268,1393,0,4,5,-1,0.6333333333333333,5.6,75.24083333333333,102.82537186146708,95.38260474697915,7.442767114487921,0.481151832460733,0.20113192083199505,0.4036649214659686,0.3814516129032258,0.75,6.107142857142857,68.49732142857142,106.46923107003663,97.55334541235972,8.91588565767691,0.49940227136879856,0.18666006230692025,0.3484757919904363,0.38272816486751715
103,2004,138,1400,78,1314,75,N,0,1314,1400,0,6,3,3,0.6428571428571429,7.607142857142857,76.47142857142856,108.63067438819354,98.68298150569775,9.947692882495787,0.5130919220055711,0.20455819166822345,0.3966573816155989,0.3974121996303142,0.7666666666666667,10.733333333333333,68.83999999999999,112.04725934534187,96.45554909936085,15.59171024598102,0.494944119212347,0.17238039899283364,0.35763704097924426,0.41938250428816465
104,2004,138,1448,84,1264,80,N,0,1264,1448,0,12,4,8,0.8275862068965517,10.89655172413793,68.43362068965517,108.6378695690513,92.71506493833692,15.922804630714381,0.4937539038101187,0.1899651058790925,0.4728294815740162,0.3562058526740666,0.6785714285714286,8.178571428571429,74.20267857142858,112.9628069837679,101.9408714067407,11.021935577027207,0.5348699763593381,0.20263034401434293,0.4450354609929078,0.3898809523809524
105,2004,139,1210,57,1130,54,N,0,1130,1210,0,6,3,3,0.71875,5.0,65.5796875,104.8342903433323,97.20997831836267,7.624312024969626,0.4886031560490941,0.20395034666793738,0.4547048509643483,0.38789025543992434,0.71875,10.78125,73.39375,106.36123648130801,91.67163416503449,14.689602316273522,0.5321199143468951,0.21076385932044622,0.39400428265524623,0.3285198555956679
106,2004,139,1228,92,1153,68,N,0,1153,1228,0,4,5,-1,0.8,14.0,69.16583333333332,111.18206243448716,90.94085470909289,20.241207725394275,0.5186125211505922,0.17494186676947915,0.39537507050197407,0.3685687558465856,0.8,9.733333333333333,66.30583333333333,109.39208465821258,94.71263212135685,14.679452536855734,0.5247093023255814,0.1895258084381716,0.30988372093023253,0.36427850655903127
107,2004,139,1242,78,1334,63,N,0,1242,1334,1,4,12,-8,0.7142857142857143,6.678571428571429,70.74642857142858,105.81049018123075,96.37033671563431,9.440153465596438,0.5125921375921376,0.2039477005401585,0.371007371007371,0.345957011258956,0.7666666666666667,5.366666666666666,65.19500000000001,106.09198046884985,97.86026535777283,8.231715111077023,0.5282828282828282,0.21627425416059512,0.46195286195286195,0.30992196209587514
108,2004,139,1329,70,1272,53,N,0,1272,1329,0,7,2,5,0.75,7.642857142857143,69.13392857142857,106.41870076197856,95.3635541779672,11.055146584011354,0.49634591961023145,0.1870076197856128,0.39585870889159563,0.35904761904761906,0.896551724137931,14.310344827586206,69.0603448275862,113.24428910248409,92.52278117588317,20.72150792660092,0.5556915544675642,0.19473224316564725,0.397796817625459,0.3662597114317425
109,2004,139,1338,59,1458,55,N,0,1338,1458,1,3,6,-3,0.875,12.78125,62.6171875,109.99376169681847,89.58203368683718,20.41172800998129,0.52046783625731,0.1986275733000624,0.38011695906432746,0.4097222222222222,0.8,11.966666666666667,61.780833333333334,111.09162766230088,91.72208209126347,19.369545571037406,0.5031486146095718,0.16078341448939126,0.404911838790932,0.35025906735751294
110,2004,139,1412,76,1246,75,N,0,1246,1412,0,1,9,-8,0.8666666666666667,10.333333333333334,68.81166666666667,106.28042725313053,91.26359386731902,15.016833385811509,0.5237536656891496,0.21072008138154869,0.3436950146627566,0.35939086294416245,0.6896551724137931,7.551724137931035,72.86637931034483,102.31292517006803,91.94912747707778,10.363797692990246,0.49528563505268997,0.18692694469091983,0.3189129229062673,0.3196428571428571
111,2004,139,1435,75,1301,73,N,0,1301,1435,0,3,6,-3,0.6896551724137931,8.137931034482758,67.61206896551724,108.47889838072166,96.44268774703558,12.036210633686082,0.5284450063211125,0.2034935611373199,0.36030341340075855,0.3142548596112311,0.7,9.1,68.40583333333333,107.9342648653258,94.6313058096897,13.302959055636094,0.516560139453806,0.18663125708090195,0.3561882626380012,0.3310810810810811
112,2004,139,1462,89,1280,74,N,0,1280,1462,0,2,7,-5,0.8928571428571429,10.821428571428571,70.63125,109.16859443538499,93.84757353963619,15.321020895748802,0.5228937728937729,0.2189439619755521,0.41086691086691085,0.4121756487025948,0.696969696969697,8.06060606060606,65.99469696969696,106.71197180673379,94.49795093728835,12.214020869445434,0.5095315904139434,0.1900979187951282,0.3632897603485839,0.34003496503496505
113,2004,143,1104,80,1393,71,N,0,1104,1393,1,8,5,3,0.5862068965517241,4.758620689655173,67.35000000000001,107.21142769372551,100.1459181322479,7.0655095614776116,0.5175548589341693,0.19711747689629572,0.3974921630094044,0.3384932920536636,0.75,6.107142857142857,68.49732142857142,106.46923107003663,97.55334541235972,8.91588565767691,0.49940227136879856,0.18666006230692025,0.3484757919904363,0.38272816486751715
114,2004,143,1163,73,1435,53,N,0,1163,1435,1,2,6,-4,0.8181818181818182,15.151515151515152,70.7219696969697,111.8335779246516,90.40952085096356,21.424057073688047,0.5319303338171263,0.19495891937056123,0.32268988872762455,0.4149548069022186,0.7,9.1,68.40583333333333,107.9342648653258,94.6313058096897,13.302959055636094,0.516560139453806,0.18663125708090195,0.3561882626380012,0.3310810810810811
115,2004,143,1329,63,1338,51,N,0,1329,1338,1,2,3,-1,0.896551724137931,14.310344827586206,69.0603448275862,113.24428910248409,92.52278117588317,20.72150792660092,0.5556915544675642,0.19473224316564725,0.397796817625459,0.3662597114317425,0.875,12.78125,62.6171875,109.99376169681847,89.58203368683718,20.41172800998129,0.52046783625731,0.1986275733000624,0.38011695906432746,0.4097222222222222
116,2004,143,1386,84,1448,80,N,0,1386,1448,1,1,4,-3,0.9642857142857143,16.285714285714285,68.06696428571429,114.27821866596707,90.35220043287204,23.926018233095036,0.5644654088050315,0.17209942939594675,0.34276729559748426,0.29585152838427947,0.6785714285714286,8.178571428571429,74.20267857142858,112.9628069837679,101.9408714067407,11.021935577027207,0.5348699763593381,0.20263034401434293,0.4450354609929078,0.3898809523809524
117,2004,144,1181,72,1228,62,N,0,1181,1228,1,1,5,-4,0.84375,14.78125,70.57578125,112.99910335742828,92.05530402824976,20.943799329178518,0.532870122928915,0.2010250506437008,0.40780331373597006,0.3998136067101584,0.8,9.733333333333333,66.30583333333333,109.39208465821258,94.71263212135685,14.679452536855734,0.5247093023255814,0.1895258084381716,0.30988372093023253,0.36427850655903127
118,2004,144,1210,72,1305,67,N,0,1210,1305,1,3,10,-7,0.71875,10.78125,73.39375,106.36123648130801,91.67163416503449,14.689602316273522,0.5321199143468951,0.21076385932044622,0.39400428265524623,0.3285198555956679,0.7333333333333333,9.333333333333334,69.735,108.26701082670107,94.88300948830094,13.384001338400125,0.4968803176403857,0.18642001864200186,0.40726035167328417,0.3743016759776536
119,2004,144,1242,100,1412,74,N,0,1242,1412,1,4,9,-5,0.7142857142857143,6.678571428571429,70.74642857142858,105.81049018123075,96.37033671563431,9.440153465596438,0.5125921375921376,0.2039477005401585,0.371007371007371,0.345957011258956,0.6896551724137931,7.551724137931035,72.86637931034483,102.31292517006803,91.94912747707778,10.363797692990246,0.49528563505268997,0.18692694469091983,0.3189129229062673,0.3196428571428571
120,2004,144,1462,79,1400,71,N,0,1400,1462,0,3,7,-4,0.7666666666666667,10.733333333333333,68.83999999999999,112.04725934534187,96.45554909936085,15.59171024598102,0.494944119212347,0.17238039899283364,0.35763704097924426,0.41938250428816465,0.696969696969697,8.06060606060606,65.99469696969696,106.71197180673379,94.49795093728835,12.214020869445434,0.5095315904139434,0.1900979187951282,0.3632897603485839,0.34003496503496505
121,2004,145,1163,87,1104,71,N,0,1104,1163,0,8,2,6,0.5862068965517241,4.758620689655173,67.35000000000001,107.21142769372551,100.1459181322479,7.0655095614776116,0.5175548589341693,0.19711747689629572,0.3974921630094044,0.3384932920536636,0.8181818181818182,15.151515151515152,70.7219696969697,111.8335779246516,90.40952085096356,21.424057073688047,0.5319303338171263,0.19495891937056123,0.32268988872762455,0.4149548069022186
122,2004,145,1329,64,1386,62,N,0,1329,1386,1,2,1,1,0.896551724137931,14.310344827586206,69.0603448275862,113.24428910248409,92.52278117588317,20.72150792660092,0.5556915544675642,0.19473224316564725,0.397796817625459,0.3662597114317425,0.9642857142857143,16.285714285714285,68.06696428571429,114.27821866596707,90.35220043287204,23.926018233095036,0.5644654088050315,0.17209942939594675,0.34276729559748426,0.29585152838427947
123,2004,146,1181,66,1462,63,N,0,1181,1462,1,1,7,-6,0.84375,14.78125,70.57578125,112.99910335742828,92.05530402824976,20.943799329178518,0.532870122928915,0.2010250506437008,0.40780331373597006,0.3998136067101584,0.696969696969697,8.06060606060606,65.99469696969696,106.71197180673379,94.49795093728835,12.214020869445434,0.5095315904139434,0.1900979187951282,0.3632897603485839,0.34003496503496505
124,2004,146,1210,79,1242,71,N,1,1210,1242,1,3,4,-1,0.71875,10.78125,73.39375,106.36123648130801,91.67163416503449,14.689602316273522,0.5321199143468951,0.21076385932044622,0.39400428265524623,0.3285198555956679,0.7142857142857143,6.678571428571429,70.74642857142858,105.81049018123075,96.37033671563431,9.440153465596438,0.5125921375921376,0.2039477005401585,0.371007371007371,0.345957011258956
125,2004,152,1163,79,1181,78,N,0,1163,1181,1,2,1,1,0.8181818181818182,15.151515151515152,70.7219696969697,111.8335779246516,90.40952085096356,21.424057073688047,0.5319303338171263,0.19495891937056123,0.32268988872762455,0.4149548069022186,0.84375,14.78125,70.57578125,112.99910335742828,92.05530402824976,20.943799329178518,0.532870122928915,0.2010250506437008,0.40780331373597006,0.3998136067101584
126,2004,152,1210,67,1329,65,N,0,1210,1329,1,3,2,1,0.71875,10.78125,73.39375,106.36123648130801,91.67163416503449,14.689602316273522,0.5321199143468951,0.21076385932044622,0.39400428265524623,0.3285198555956679,0.896551724137931,14.310344827586206,69.0603448275862,113.24428910248409,92.52278117588317,20.72150792660092,0.5556915544675642,0.19473224316564725,0.397796817625459,0.3662597114317425
127,2004,154,1163,82,1210,73,N,0,1163,1210,1,2,3,-1,0.8181818181818182,15.151515151515152,70.7219696969697,111.8335779246516,90.40952085096356,21.424057073688047,0.5319303338171263,0.19495891937056123,0.32268988872762455,0.4149548069022186,0.71875,10.78125,73.39375,106.36123648130801,91.67163416503449,14.689602316273522,0.5321199143468951,0.21076385932044622,0.39400428265524623,0.3285198555956679
128,2005,134,1324,79,1105,69,N,0,1105,1324,0,16,16,0,0.5517241379310345,1.2758620689655173,73.43103448275862,94.05963841277296,92.32214134773422,1.7374970650387382,0.4526592635885447,0.20756046020192534,0.4324956165984804,0.31512605042016806,0.3793103448275862,-3.1379310344827585,66.26724137931035,106.15324573956029,110.88851307402108,-4.7352673344607865,0.5027658266748617,0.18160530766228697,0.3749231714812538,0.33992094861660077
129,2005,136,1112,66,1429,53,N,0,1112,1429,1,3,14,-11,0.8181818181818182,10.121212121212121,71.86515151515152,110.85576943349285,96.77215323311758,14.083616200375275,0.5262126408623224,0.20661592629293077,0.3027927486526213,0.39806678383128297,0.7741935483870968,15.483870967741936,62.71854838709677,116.34156690797342,91.65370125110903,24.68786565686439,0.5874840357598978,0.19750292525491508,0.3888888888888889,0.35499398315282793
130,2005,136,1130,85,1335,65,N,0,1130,1335,1,4,13,-9,0.8571428571428571,8.107142857142858,66.37321428571428,108.36987812424331,96.1553983158008,12.214479808442519,0.48704990524320907,0.19478597756194677,0.41819330385344283,0.4087665647298675,0.7142857142857143,7.642857142857143,67.86607142857143,100.8814629653993,89.61978687014866,11.261676095250635,0.4970178926441352,0.2304959873700829,0.41749502982107356,0.35892116182572614
131,2005,136,1153,76,1234,64,N,0,1153,1234,1,7,10,-3,0.7741935483870968,12.0,70.11532258064516,108.99094809242838,91.87628676259159,17.114661329836792,0.4955678670360111,0.19184983264897693,0.46371191135734074,0.39715048975957257,0.65625,6.1875,69.5,105.35071942446044,96.4478417266187,8.902877697841731,0.5211625282167043,0.20908273381294964,0.40632054176072235,0.3268876611418048
132,2005,136,1211,74,1457,64,N,0,1211,1457,1,3,14,-11,0.8620689655172413,9.89655172413793,68.74396551724138,115.92240071228822,101.52615276576,14.39624794652822,0.5521821631878557,0.19713329069636207,0.47881087919038584,0.3854875283446712,0.8275862068965517,7.724137931034483,64.61465517241379,103.31807932971329,91.3639213907382,11.954157938975086,0.5043507362784472,0.21666911264392352,0.41967871485943775,0.3443145589798087
133,2005,136,1228,67,1192,55,N,0,1192,1228,0,16,1,15,0.6129032258064516,3.2580645161290325,70.85645161290323,104.66413238942887,100.06601261068494,4.598119778743936,0.5072658772874058,0.196216794518677,0.3326157158234661,0.34008810572687226,0.9696969696969697,17.303030303030305,65.90454545454546,117.47936639308459,91.22468216198818,26.254684231096405,0.5641767490794318,0.1687472699266616,0.29773803261441345,0.3484119345524543
134,2005,136,1246,72,1184,64,N,0,1184,1246,0,15,2,13,0.7037037037037037,2.888888888888889,67.48703703703704,104.27242543149576,99.99176796641329,4.28065746508247,0.5255305039787799,0.21074005981944405,0.31432360742705573,0.3322072072072072,0.8333333333333334,11.833333333333334,68.23166666666667,108.06321600429908,90.72034001807567,17.342875986223405,0.5155889145496536,0.19101590170741836,0.37066974595842955,0.3638968481375358
135,2005,136,1305,61,1400,57,N,0,1305,1400,1,9,8,1,0.7931034482758621,7.0344827586206895,67.78017241379311,102.61367249602544,92.23529411764706,10.378378378378386,0.4867997424339987,0.21519872813990462,0.4603992273019961,0.36764705882352944,0.6551724137931034,8.344827586206897,69.52758620689654,111.2433665625155,99.24118434756733,12.002182214948178,0.5277442702050663,0.20433467241977882,0.4270205066344994,0.3872889771598808
136,2005,136,1328,84,1310,67,N,0,1310,1328,0,14,3,11,0.6896551724137931,7.0,73.33103448275861,116.14784162512932,106.6020878397442,9.545753785385116,0.5094748240389821,0.17445687952600394,0.42014076881429346,0.4078014184397163,0.7741935483870968,12.387096774193548,67.53387096774195,111.67633923240427,93.3342886484679,18.34205058393637,0.5418788907753254,0.20443743880012416,0.34974533106960953,0.3853658536585366
137,2005,136,1334,79,1338,71,N,0,1334,1338,1,8,9,-1,0.896551724137931,8.862068965517242,64.74913793103448,111.8374628872705,98.15068766725692,13.686775220013587,0.5619918699186992,0.21515397622122517,0.40040650406504064,0.3463892288861689,0.7142857142857143,9.392857142857142,65.21517857142858,110.9513834695582,96.54851384838652,14.402869621171675,0.528183023872679,0.22398378992620582,0.4370026525198939,0.4434687156970362
138,2005,136,1403,78,1417,66,N,0,1403,1417,1,6,11,-5,0.6666666666666666,7.966666666666667,71.42666666666668,108.54956132163524,97.39593055814821,11.15363076348703,0.5114525139664804,0.1801381370169871,0.36201117318435755,0.3333333333333333,0.6428571428571429,2.5714285714285716,71.60803571428572,103.34035735215271,99.74937968354509,3.5909776686076214,0.5094102885821832,0.22493485118639417,0.38833124215809284,0.35456475583864117
139,2005,136,1412,82,1261,68,N,0,1261,1412,0,6,11,-5,0.6896551724137931,4.448275862068965,68.68706896551724,109.8936957967795,103.41754835146907,6.476147445310431,0.5242927429274292,0.19277834255807824,0.4077490774907749,0.3465140478668054,0.6774193548387096,6.258064516129032,73.12741935483871,106.39846489777014,97.84071108758465,8.557753810185488,0.5093432995194874,0.18306535212510203,0.38547784303256805,0.32355555555555554
140,2005,136,1428,60,1431,54,N,0,1428,1431,1,6,11,-5,0.8333333333333334,10.433333333333334,60.549166666666665,111.25944480380959,94.02826903755901,17.231175766250573,0.5550786838340487,0.23837377337976026,0.4585121602288984,0.40328697850821743,0.78125,9.15625,67.86171875,111.48590308877198,97.99339189298091,13.492511195791067,0.5175977653631285,0.18235612401137424,0.4005586592178771,0.3387404580152672
141,2005,136,1448,70,1151,54,N,0,1151,1448,0,15,2,13,0.6296296296296297,2.888888888888889,70.4898148148148,99.93563556594728,95.83732874463082,4.098306821316456,0.4916051040967092,0.24694925718188865,0.43720617864338485,0.3870625662778367,0.8387096774193549,11.290322580645162,72.84758064516129,116.28344643588579,100.78489112264892,15.498555313236878,0.5563418617310832,0.1997099556077094,0.46216657593903104,0.4031657355679702
142,2005,136,1449,88,1285,77,N,0,1285,1449,0,16,1,15,0.5714285714285714,0.25,69.58482142857143,99.57015461602617,99.21088086225701,0.35927375376915904,0.5139372822299652,0.24430615256303329,0.47735191637630664,0.32142857142857145,0.8387096774193549,12.806451612903226,74.85,115.19813821190769,98.08865041911781,17.109487792789878,0.5413776015857285,0.19522916801344625,0.33002973240832506,0.41696428571428573
143,2005,136,1452,63,1166,61,N,0,1166,1452,0,10,7,3,0.696969696969697,6.545454545454546,65.0401515151515,109.95538886235776,99.891675305464,10.06371355689376,0.5336158192090396,0.18403550254504794,0.3655367231638418,0.3049579045837231,0.6774193548387096,4.516129032258065,64.76048387096775,108.43928620350422,101.46569866630138,6.973587537202846,0.5230186480186481,0.17583402861661457,0.30128205128205127,0.29863813229571984
144,2005,136,1454,83,1104,73,N,0,1104,1454,0,5,12,-7,0.7666666666666667,10.6,66.15166666666667,114.03088861454738,98.00710488523848,16.023783729308903,0.5541139240506329,0.19147917663954045,0.4417721518987342,0.3358862144420131,0.8148148148148148,9.814814814814815,68.63240740740741,107.65889130229483,93.35833681853136,14.300554483763477,0.506687898089172,0.19912847564183855,0.36751592356687895,0.36960985626283366
145,2005,137,1137,64,1242,63,N,0,1137,1242,1,14,3,11,0.7096774193548387,5.129032258064516,63.998387096774195,99.3472617757504,91.33294689886338,8.014314876887013,0.514527027027027,0.2464779858363366,0.4337837837837838,0.31624863685932386,0.7931034482758621,10.206896551724139,69.3603448275862,108.77725024236247,94.0614979243829,14.715752317979565,0.5369352869352869,0.20880459370106141,0.3797313797313797,0.35550935550935553
146,2005,137,1163,77,1416,71,N,0,1163,1416,1,2,15,-13,0.7586206896551724,11.862068965517242,72.23275862068965,108.84353741496598,92.42153001551497,16.422007399451005,0.5025539160045402,0.21052631578947367,0.41430192962542567,0.4272300469483568,0.7241379310344828,3.1724137931034484,63.01206896551724,108.35362683667607,103.31901387254769,5.034612964128385,0.5420338983050847,0.2407858374148357,0.3701694915254237,0.39120631341600903
147,2005,137,1181,57,1175,46,N,0,1175,1181,0,16,1,15,0.59375,0.5625,61.6390625,101.24464498466374,100.33207432381049,0.9125706608532482,0.49054142204827134,0.2281426652133134,0.4318330071754729,0.3333333333333333,0.8333333333333334,13.966666666666667,71.09416666666667,112.19860982499738,92.5533037169013,19.64530610809608,0.5242253521126761,0.1912955821504343,0.4208450704225352,0.3792134831460674
148,2005,137,1196,67,1325,62,N,0,1196,1325,1,4,13,-9,0.7666666666666667,14.133333333333333,67.60666666666667,113.69687407553495,92.791637905532,20.90523617000295,0.5580547112462007,0.20165664135686814,0.4085106382978723,0.3582554517133956,0.6774193548387096,3.838709677419355,66.53548387096774,107.9220401435082,102.15262290313197,5.769417240376228,0.5165745856353591,0.19538446620769903,0.476365868631062,0.3356504468718967
149,2005,137,1210,80,1203,68,N,0,1203,1210,0,12,5,7,0.7586206896551724,10.310344827586206,71.12327586206897,108.60211143837195,94.10566888476784,14.496442553604112,0.5234421364985163,0.21041659091184564,0.40178041543026705,0.378,0.6333333333333333,8.266666666666667,72.02749999999999,103.5252739115847,92.04817604387215,11.477097867712558,0.5031108597285068,0.2124188677935511,0.377262443438914,0.3529953917050691
150,2005,137,1235,64,1278,53,N,0,1235,1278,1,9,8,1,0.6206896551724138,4.241379310344827,68.17586206896551,100.29841687319812,94.0771837539831,6.2212331192150145,0.4731927710843373,0.18967174143948207,0.35903614457831323,0.33106796116504855,0.6774193548387096,5.612903225806452,67.67258064516129,101.15117858760159,92.85697261481994,8.294205972781654,0.5063868613138686,0.23833925209142695,0.3929440389294404,0.3565656565656566
151,2005,137,1257,68,1418,62,N,0,1257,1418,1,4,13,-9,0.8709677419354839,17.903225806451612,70.42096774193548,114.38125558278554,88.95810906758892,25.42314651519662,0.549124788255223,0.20430132154554406,0.4280067758328628,0.3755958055290753,0.6551724137931034,4.137931034482759,69.70086206896552,103.79330389719614,97.85660396027357,5.936699936922565,0.4991160872127283,0.22213152263985256,0.3576900412492634,0.4001937984496124
152,2005,137,1277,89,1330,81,N,0,1277,1330,1,5,12,-7,0.7857142857142857,14.714285714285714,67.5625,115.55438086427911,93.77560459891635,21.778776265362765,0.5571884984025559,0.2051010968679794,0.36421725239616615,0.38739789964994165,0.84375,9.8125,66.7703125,105.30503358060515,90.60913111646737,14.695902464137788,0.4934210526315789,0.1806566353871715,0.35855263157894735,0.3368421052631579
153,2005,137,1280,93,1390,70,N,0,1280,1390,1,9,8,1,0.6875,6.4375,69.15234375,104.75060724171044,95.44145060159295,9.309156640117493,0.4953779227841218,0.21871999096198386,0.4051114736269712,0.4073748902546093,0.6,2.066666666666667,69.30583333333334,101.1458871908329,98.16393521468851,2.981951976144387,0.47230320699708456,0.20296511837627904,0.3807580174927114,0.34947768281101615
154,2005,137,1301,75,1150,63,N,0,1150,1301,0,7,10,-3,0.75,6.285714285714286,71.78928571428571,109.14879856723546,100.393015272872,8.755783294363454,0.49853715623171446,0.18357295656932493,0.41895845523698066,0.3695652173913043,0.59375,7.46875,66.3046875,111.3703310946153,100.10604453870626,11.264286555909038,0.5361617312072893,0.18522446094026157,0.3929384965831435,0.3330206378986867
155,2005,137,1314,96,1324,68,N,0,1314,1324,1,1,16,-15,0.8709677419354839,18.516129032258064,77.49677419354839,114.55211455211455,90.65934065934066,23.89277389277389,0.5565194532071503,0.2152014652014652,0.45425867507886436,0.3983208955223881,0.3793103448275862,-3.1379310344827585,66.26724137931035,106.15324573956029,110.88851307402108,-4.7352673344607865,0.5027658266748617,0.18160530766228697,0.3749231714812538,0.33992094861660077
156,2005,137,1329,63,1368,50,N,0,1329,1368,1,2,15,-13,0.7931034482758621,12.241379310344827,67.92672413793103,114.98191509613554,96.96046703471032,18.021448061425218,0.5595679012345679,0.20407386255473062,0.3611111111111111,0.3733031674208145,0.7037037037037037,5.0,62.90833333333334,97.43748252159962,89.48940992920328,7.948072592396343,0.4861940298507463,0.22548976317687405,0.4171641791044776,0.33564814814814814
157,2005,137,1356,65,1388,56,N,0,1356,1388,1,7,10,-3,0.78125,6.78125,64.17734375,104.20344017432163,93.63701656786004,10.566423606461584,0.5016844469399214,0.1996421050068779,0.26558113419427287,0.34541984732824427,0.7419354838709677,4.709677419354839,67.53387096774195,103.60392634520312,96.63012586276898,6.973800482434143,0.5033212560386473,0.2302309474337847,0.4214975845410628,0.3654033041788144
158,2005,137,1436,60,1393,57,N,1,1393,1436,0,4,13,-9,0.8181818181818182,10.727272727272727,67.81742424242424,111.3059797361454,95.4881086696679,15.817871066477508,0.5257759074171489,0.19705313955696557,0.38979484481851656,0.40641711229946526,0.8,10.666666666666666,66.08583333333334,109.85713024727941,93.7165050502503,16.14062519702911,0.5156703424260012,0.17956445531694892,0.3232733604178758,0.3418560606060606
159,2005,137,1437,55,1307,47,N,0,1307,1437,0,12,5,7,0.8064516129032258,10.935483870967742,67.13225806451612,113.01715438950555,96.7276920859161,16.289462303589445,0.5783767038413878,0.20566046802171928,0.4436183395291202,0.31919406150583246,0.7586206896551724,11.10344827586207,65.91896551724139,111.89286741819893,95.04877984986791,16.84408756833102,0.5047961630695443,0.1914576413046321,0.36810551558752996,0.4152457372116349
160,2005,137,1458,57,1320,52,N,0,1320,1458,0,11,6,5,0.6666666666666666,5.7,66.42,109.15386931647095,100.57211683227943,8.581752484191512,0.5454270139309509,0.17564990464719463,0.3246517262265294,0.27568134171907754,0.7333333333333333,7.533333333333333,63.66,105.5084302021154,93.67473033825532,11.83369986386009,0.5053391959798995,0.18012357314902083,0.38190954773869346,0.3156312625250501
161,2005,138,1112,85,1412,63,N,0,1112,1412,1,3,11,-8,0.8181818181818182,10.121212121212121,71.86515151515152,110.85576943349285,96.77215323311758,14.083616200375275,0.5262126408623224,0.20661592629293077,0.3027927486526213,0.39806678383128297,0.6774193548387096,6.258064516129032,73.12741935483871,106.39846489777014,97.84071108758465,8.557753810185488,0.5093432995194874,0.18306535212510203,0.38547784303256805,0.32355555555555554
162,2005,138,1228,71,1305,59,N,0,1228,1305,1,1,9,-8,0.9696969696969697,17.303030303030305,65.90454545454546,117.47936639308459,91.22468216198818,26.254684231096405,0.5641767490794318,0.1687472699266616,0.29773803261441345,0.3484119345524543,0.7931034482758621,7.0344827586206895,67.78017241379311,102.61367249602544,92.23529411764706,10.378378378378386,0.4867997424339987,0.21519872813990462,0.4603992273019961,0.36764705882352944
163,2005,138,1246,69,1153,60,N,0,1153,1246,0,7,2,5,0.7741935483870968,12.0,70.11532258064516,108.99094809242838,91.87628676259159,17.114661329836792,0.4955678670360111,0.19184983264897693,0.46371191135734074,0.39715048975957257,0.8333333333333334,11.833333333333334,68.23166666666667,108.06321600429908,90.72034001807567,17.342875986223405,0.5155889145496536,0.19101590170741836,0.37066974595842955,0.3638968481375358
164,2005,138,1403,71,1211,69,N,0,1211,1403,0,3,6,-3,0.8620689655172413,9.89655172413793,68.74396551724138,115.92240071228822,101.52615276576,14.39624794652822,0.5521821631878557,0.19713329069636207,0.47881087919038584,0.3854875283446712,0.6666666666666666,7.966666666666667,71.42666666666668,108.54956132163524,97.39593055814821,11.15363076348703,0.5114525139664804,0.1801381370169871,0.36201117318435755,0.3333333333333333
165,2005,138,1428,67,1328,58,N,0,1328,1428,0,3,6,-3,0.7741935483870968,12.387096774193548,67.53387096774195,111.67633923240427,93.3342886484679,18.34205058393637,0.5418788907753254,0.20443743880012416,0.34974533106960953,0.3853658536585366,0.8333333333333334,10.433333333333334,60.549166666666665,111.25944480380959,94.02826903755901,17.231175766250573,0.5550786838340487,0.23837377337976026,0.4585121602288984,0.40328697850821743
166,2005,138,1449,97,1334,79,N,0,1334,1449,0,8,1,7,0.896551724137931,8.862068965517242,64.74913793103448,111.8374628872705,98.15068766725692,13.686775220013587,0.5619918699186992,0.21515397622122517,0.40040650406504064,0.3463892288861689,0.8387096774193549,12.806451612903226,74.85,115.19813821190769,98.08865041911781,17.109487792789878,0.5413776015857285,0.19522916801344625,0.33002973240832506,0.41696428571428573
167,2005,138,1452,111,1448,105,N,2,1448,1452,0,2,7,-5,0.8387096774193549,11.290322580645162,72.84758064516129,116.28344643588579,100.78489112264892,15.498555313236878,0.5563418617310832,0.1997099556077094,0.46216657593903104,0.4031657355679702,0.6774193548387096,4.516129032258065,64.76048387096775,108.43928620350422,101.46569866630138,6.973587537202846,0.5230186480186481,0.17583402861661457,0.30128205128205127,0.29863813229571984
168,2005,138,1454,83,1130,75,N,0,1130,1454,0,4,12,-8,0.8571428571428571,8.107142857142858,66.37321428571428,108.36987812424331,96.1553983158008,12.214479808442519,0.48704990524320907,0.19478597756194677,0.41819330385344283,0.4087665647298675,0.8148148148148148,9.814814814814815,68.63240740740741,107.65889130229483,93.35833681853136,14.300554483763477,0.506687898089172,0.19912847564183855,0.36751592356687895,0.36960985626283366
169,2005,139,1181,63,1280,55,N,0,1181,1280,1,1,9,-8,0.8333333333333334,13.966666666666667,71.09416666666667,112.19860982499738,92.5533037169013,19.64530610809608,0.5242253521126761,0.1912955821504343,0.4208450704225352,0.3792134831460674,0.6875,6.4375,69.15234375,104.75060724171044,95.44145060159295,9.309156640117493,0.4953779227841218,0.21871999096198386,0.4051114736269712,0.4073748902546093
170,2005,139,1257,76,1210,54,N,0,1210,1257,0,5,4,1,0.6333333333333333,8.266666666666667,72.02749999999999,103.5252739115847,92.04817604387215,11.477097867712558,0.5031108597285068,0.2124188677935511,0.377262443438914,0.3529953917050691,0.8709677419354839,17.903225806451612,70.42096774193548,114.38125558278554,88.95810906758892,25.42314651519662,0.549124788255223,0.20430132154554406,0.4280067758328628,0.3755958055290753
171,2005,139,1277,72,1436,61,N,0,1277,1436,1,5,13,-8,0.7857142857142857,14.714285714285714,67.5625,115.55438086427911,93.77560459891635,21.778776265362765,0.5571884984025559,0.2051010968679794,0.36421725239616615,0.38739789964994165,0.8,10.666666666666666,66.08583333333334,109.85713024727941,93.7165050502503,16.14062519702911,0.5156703424260012,0.17956445531694892,0.3232733604178758,0.3418560606060606
172,2005,139,1301,65,1163,62,N,0,1163,1301,0,2,10,-8,0.7586206896551724,11.862068965517242,72.23275862068965,108.84353741496598,92.42153001551497,16.422007399451005,0.5025539160045402,0.21052631578947367,0.41430192962542567,0.4272300469483568,0.59375,7.46875,66.3046875,111.3703310946153,100.10604453870626,11.264286555909038,0.5361617312072893,0.18522446094026157,0.3929384965831435,0.3330206378986867
173,2005,139,1314,92,1235,65,N,0,1235,1314,0,9,1,8,0.6206896551724138,4.241379310344827,68.17586206896551,100.29841687319812,94.0771837539831,6.2212331192150145,0.4731927710843373,0.18967174143948207,0.35903614457831323,0.33106796116504855,0.8709677419354839,18.516129032258064,77.49677419354839,114.55211455211455,90.65934065934066,23.89277389277389,0.5565194532071503,0.2152014652014652,0.45425867507886436,0.3983208955223881
174,2005,139,1329,85,1356,77,N,0,1329,1356,1,2,7,-5,0.7931034482758621,12.241379310344827,67.92672413793103,114.98191509613554,96.96046703471032,18.021448061425218,0.5595679012345679,0.20407386255473062,0.3611111111111111,0.3733031674208145,0.78125,6.78125,64.17734375,104.20344017432163,93.63701656786004,10.566423606461584,0.5016844469399214,0.1996421050068779,0.26558113419427287,0.34541984732824427
175,2005,139,1437,76,1196,65,N,0,1196,1437,0,4,5,-1,0.7666666666666667,14.133333333333333,67.60666666666667,113.69687407553495,92.791637905532,20.90523617000295,0.5580547112462007,0.20165664135686814,0.4085106382978723,0.3582554517133956,0.7586206896551724,11.10344827586207,65.91896551724139,111.89286741819893,95.04877984986791,16.84408756833102,0.5047961630695443,0.1914576413046321,0.36810551558752996,0.4152457372116349
176,2005,139,1458,71,1137,62,N,0,1137,1458,0,14,6,8,0.7096774193548387,5.129032258064516,63.998387096774195,99.3472617757504,91.33294689886338,8.014314876887013,0.514527027027027,0.2464779858363366,0.4337837837837838,0.31624863685932386,0.7333333333333333,7.533333333333333,63.66,105.5084302021154,93.67473033825532,11.83369986386009,0.5053391959798995,0.18012357314902083,0.38190954773869346,0.3156312625250501
177,2005,143,1112,79,1329,78,N,0,1112,1329,1,3,2,1,0.8181818181818182,10.121212121212121,71.86515151515152,110.85576943349285,96.77215323311758,14.083616200375275,0.5262126408623224,0.20661592629293077,0.3027927486526213,0.39806678383128297,0.7931034482758621,12.241379310344827,67.92672413793103,114.98191509613554,96.96046703471032,18.021448061425218,0.5595679012345679,0.20407386255473062,0.3611111111111111,0.3733031674208145
178,2005,143,1228,77,1454,63,N,0,1228,1454,1,1,12,-11,0.9696969696969697,17.303030303030305,65.90454545454546,117.47936639308459,91.22468216198818,26.254684231096405,0.5641767490794318,0.1687472699266616,0.29773803261441345,0.3484119345524543,0.8148148148148148,9.814814814814815,68.63240740740741,107.65889130229483,93.35833681853136,14.300554483763477,0.506687898089172,0.19912847564183855,0.36751592356687895,0.36960985626283366
179,2005,143,1257,93,1449,79,N,0,1257,1449,1,4,1,3,0.8709677419354839,17.903225806451612,70.42096774193548,114.38125558278554,88.95810906758892,25.42314651519662,0.549124788255223,0.20430132154554406,0.4280067758328628,0.3755958055290753,0.8387096774193549,12.806451612903226,74.85,115.19813821190769,98.08865041911781,17.109487792789878,0.5413776015857285,0.19522916801344625,0.33002973240832506,0.41696428571428573
180,2005,143,1452,65,1403,60,N,0,1403,1452,0,6,7,-1,0.6666666666666666,7.966666666666667,71.42666666666668,108.54956132163524,97.39593055814821,11.15363076348703,0.5114525139664804,0.1801381370169871,0.36201117318435755,0.3333333333333333,0.6774193548387096,4.516129032258065,64.76048387096775,108.43928620350422,101.46569866630138,6.973587537202846,0.5230186480186481,0.17583402861661457,0.30128205128205127,0.29863813229571984
181,2005,144,1246,62,1428,52,N,0,1246,1428,1,2,6,-4,0.8333333333333334,11.833333333333334,68.23166666666667,108.06321600429908,90.72034001807567,17.342875986223405,0.5155889145496536,0.19101590170741836,0.37066974595842955,0.3638968481375358,0.8333333333333334,10.433333333333334,60.549166666666665,111.25944480380959,94.02826903755901,17.231175766250573,0.5550786838340487,0.23837377337976026,0.4585121602288984,0.40328697850821743
182,2005,144,1277,78,1181,68,N,0,1181,1277,0,1,5,-4,0.8333333333333334,13.966666666666667,71.09416666666667,112.19860982499738,92.5533037169013,19.64530610809608,0.5242253521126761,0.1912955821504343,0.4208450704225352,0.3792134831460674,0.7857142857142857,14.714285714285714,67.5625,115.55438086427911,93.77560459891635,21.778776265362765,0.5571884984025559,0.2051010968679794,0.36421725239616615,0.38739789964994165
183,2005,144,1314,67,1437,66,N,0,1314,1437,1,1,5,-4,0.8709677419354839,18.516129032258064,77.49677419354839,114.55211455211455,90.65934065934066,23.89277389277389,0.5565194532071503,0.2152014652014652,0.45425867507886436,0.3983208955223881,0.7586206896551724,11.10344827586207,65.91896551724139,111.89286741819893,95.04877984986791,16.84408756833102,0.5047961630695443,0.1914576413046321,0.36810551558752996,0.4152457372116349
184,2005,144,1458,65,1301,56,N,0,1301,1458,0,10,6,4,0.59375,7.46875,66.3046875,111.3703310946153,100.10604453870626,11.264286555909038,0.5361617312072893,0.18522446094026157,0.3929384965831435,0.3330206378986867,0.7333333333333333,7.533333333333333,63.66,105.5084302021154,93.67473033825532,11.83369986386009,0.5053391959798995,0.18012357314902083,0.38190954773869346,0.3156312625250501
185,2005,145,1228,90,1112,89,N,1,1112,1228,0,3,1,2,0.8181818181818182,10.121212121212121,71.86515151515152,110.85576943349285,96.77215323311758,14.083616200375275,0.5262126408623224,0.20661592629293077,0.3027927486526213,0.39806678383128297,0.9696969696969697,17.303030303030305,65.90454545454546,117.47936639308459,91.22468216198818,26.254684231096405,0.5641767490794318,0.1687472699266616,0.29773803261441345,0.3484119345524543
186,2005,145,1257,93,1452,85,N,1,1257,1452,1,4,7,-3,0.8709677419354839,17.903225806451612,70.42096774193548,114.38125558278554,88.95810906758892,25.42314651519662,0.549124788255223,0.20430132154554406,0.4280067758328628,0.3755958055290753,0.6774193548387096,4.516129032258065,64.76048387096775,108.43928620350422,101.46569866630138,6.973587537202846,0.5230186480186481,0.17583402861661457,0.30128205128205127,0.29863813229571984
187,2005,146,1277,94,1246,88,N,2,1246,1277,0,2,5,-3,0.8333333333333334,11.833333333333334,68.23166666666667,108.06321600429908,90.72034001807567,17.342875986223405,0.5155889145496536,0.19101590170741836,0.37066974595842955,0.3638968481375358,0.7857142857142857,14.714285714285714,67.5625,115.55438086427911,93.77560459891635,21.778776265362765,0.5571884984025559,0.2051010968679794,0.36421725239616615,0.38739789964994165
188,2005,146,1314,88,1458,82,N,0,1314,1458,1,1,6,-5,0.8709677419354839,18.516129032258064,77.49677419354839,114.55211455211455,90.65934065934066,23.89277389277389,0.5565194532071503,0.2152014652014652,0.45425867507886436,0.3983208955223881,0.7333333333333333,7.533333333333333,63.66,105.5084302021154,93.67473033825532,11.83369986386009,0.5053391959798995,0.18012357314902083,0.38190954773869346,0.3156312625250501
189,2005,152,1228,72,1257,57,N,0,1228,1257,1,1,4,-3,0.9696969696969697,17.303030303030305,65.90454545454546,117.47936639308459,91.22468216198818,26.254684231096405,0.5641767490794318,0.1687472699266616,0.29773803261441345,0.3484119345524543,0.8709677419354839,17.903225806451612,70.42096774193548,114.38125558278554,88.95810906758892,25.42314651519662,0.549124788255223,0.20430132154554406,0.4280067758328628,0.3755958055290753
190,2005,152,1314,87,1277,71,N,0,1277,1314,0,5,1,4,0.7857142857142857,14.714285714285714,67.5625,115.55438086427911,93.77560459891635,21.778776265362765,0.5571884984025559,0.2051010968679794,0.36421725239616615,0.38739789964994165,0.8709677419354839,18.516129032258064,77.49677419354839,114.55211455211455,90.65934065934066,23.89277389277389,0.5565194532071503,0.2152014652014652,0.45425867507886436,0.3983208955223881
191,2005,154,1314,75,1228,70,N,0,1228,1314,0,1,1,0,0.9696969696969697,17.303030303030305,65.90454545454546,117.47936639308459,91.22468216198818,26.254684231096405,0.5641767490794318,0.1687472699266616,0.29773803261441345,0.3484119345524543,0.8709677419354839,18.516129032258064,77.49677419354839,114.55211455211455,90.65934065934066,23.89277389277389,0.5565194532071503,0.2152014652014652,0.45425867507886436,0.3983208955223881
192,2006,134,1284,71,1214,49,N,0,1214,1284,0,16,16,0,0.5161290322580645,3.0,69.9483870967742,95.50820881756133,91.21933222652646,4.288876591034864,0.46679797411367474,0.23196827153661684,0.37366347777152503,0.3655821917808219,0.5625,0.84375,67.31953125,96.32234330211561,95.06899232902785,1.2533509730877626,0.5035650623885918,0.22421056296347874,0.3392751039809863,0.2713326941514861
193,2006,136,1104,90,1266,85,N,0,1104,1266,1,10,7,3,0.5862068965517241,2.8275862068965516,65.43706896551724,106.92031037980688,102.59923327229373,4.3210771075131476,0.5044642857142857,0.20656856416404284,0.40369897959183676,0.3793103448275862,0.6551724137931034,4.551724137931035,69.72413793103448,106.42927794263106,99.90108803165182,6.528189910979236,0.5230360307147076,0.21216617210682492,0.3071470761961016,0.3515704154002026
194,2006,136,1130,88,1334,76,N,2,1130,1334,1,4,13,-9,0.78125,7.65625,65.35,114.04934965570008,102.3335883703137,11.715761285386378,0.5449275362318841,0.20371078806426934,0.43594202898550727,0.4141012909632572,0.7586206896551724,10.137931034482758,66.43879310344828,110.96549844944141,95.70644487407388,15.259053575367531,0.5441083805923126,0.18892161569502655,0.34719596723377444,0.32098765432098764
195,2006,136,1181,70,1380,54,N,0,1181,1380,1,1,16,-15,0.9090909090909091,13.545454545454545,71.97575757575757,114.64297743347929,95.82350959919165,18.819467834287636,0.5639503507825149,0.18608959245537218,0.4490016189962223,0.30464216634429403,0.6129032258064516,1.2580645161290323,69.2008064516129,95.04830495635656,93.23031383654396,1.8179911198126035,0.4809798270893372,0.2540526052045823,0.32910662824207493,0.3721356553620532
196,2006,136,1196,76,1375,50,N,0,1196,1375,1,3,14,-11,0.8181818181818182,14.484848484848484,69.40454545454546,114.21835090706661,93.34817822603533,20.870172681031278,0.5760445682451254,0.21437771519636736,0.4155988857938719,0.35,0.7931034482758621,8.206896551724139,68.28017241379311,108.52850198851083,96.5090587715422,12.019443216968625,0.5294474802671524,0.19392715106369549,0.3491196114146934,0.32694248234106965
197,2006,136,1203,88,1423,85,N,1,1203,1423,1,8,9,-1,0.9285714285714286,12.285714285714286,72.43392857142857,109.01560535463354,92.05433523161503,16.961270123018508,0.5217261904761905,0.19525183048591083,0.425,0.3820335636722606,0.78125,8.6875,65.87265625,102.70763902890282,89.51931401733931,13.188325011563506,0.48400441257584115,0.1892856719285553,0.32156646442360726,0.33866666666666667
198,2006,136,1211,79,1462,75,N,0,1211,1462,1,3,14,-11,0.9,7.633333333333334,69.98416666666667,114.45445993736678,103.5472309212798,10.907229016086973,0.5267909143855563,0.1905192841237899,0.44205008736167734,0.3761194029850746,0.6774193548387096,8.516129032258064,65.51612903225806,109.05957656326933,96.06105366814377,12.99852289512556,0.5269277845777234,0.19793205317577547,0.41615667074663404,0.3416666666666667
199,2006,136,1228,78,1102,69,N,0,1102,1228,0,13,4,9,0.7857142857142857,8.928571428571429,56.737500000000004,111.91892487332011,96.18229314197589,15.736631731344218,0.575626959247649,0.19261637239165327,0.32445141065830724,0.2627939142461964,0.8064516129032258,11.870967741935484,64.56693548387096,108.36466282802293,89.97914142612693,18.385521401896,0.5218390804597701,0.19134931241647202,0.3201149425287356,0.37732160312805474
200,2006,136,1231,87,1361,83,N,0,1231,1361,1,6,11,-5,0.6206896551724138,5.275862068965517,67.65431034482758,105.20011722881281,97.4018527249328,7.79826450388002,0.5389937106918239,0.21610876795066197,0.3150943396226415,0.3111587982832618,0.7333333333333333,7.133333333333334,67.83583333333334,108.9886122133091,98.47302924953625,10.515582963772843,0.5187537810042347,0.21866515976069678,0.42165759225650334,0.3975782038345106
201,2006,136,1261,80,1233,64,N,0,1233,1261,0,13,4,9,0.7666666666666667,8.433333333333334,72.34750000000001,111.08423465450313,99.42753147425043,11.656703180252705,0.5380496054114995,0.20871488302982133,0.40755355129650506,0.3824091778202677,0.7333333333333333,9.533333333333333,70.14583333333333,106.5874665874666,92.996732996733,13.590733590733592,0.5125858123569794,0.2219186219186219,0.36899313501144165,0.41002949852507375
202,2006,136,1285,87,1305,79,N,0,1285,1305,1,12,5,7,0.7777777777777778,6.814814814814815,69.97129629629629,111.68600881313766,101.94656539057021,9.739443422567447,0.5547231270358306,0.20219931453373738,0.3719869706840391,0.3424971363115693,0.8387096774193549,9.03225806451613,67.4266129032258,107.11765479792845,93.7219677307467,13.395687067181754,0.4997176736307171,0.1923237928931096,0.3675889328063241,0.3677298311444653
203,2006,136,1397,63,1457,61,N,0,1397,1457,1,2,15,-13,0.75,7.642857142857143,73.26071428571429,111.00277872568614,100.5703700092624,10.432408716423737,0.5383949191685913,0.17696095159167355,0.3394919168591224,0.314508276533593,0.75,11.678571428571429,67.01696428571428,108.44802089023302,91.02172957273612,17.426291317496904,0.5166346769033909,0.20783650195179793,0.38451695457453616,0.382259767687434
204,2006,136,1401,66,1393,58,N,0,1393,1401,0,5,12,-7,0.6764705882352942,3.8529411764705883,70.84044117647058,102.84089139844099,97.40199080369099,5.438900594749995,0.5024606299212598,0.2158952907839698,0.3331692913385827,0.36585365853658536,0.7241379310344828,8.758620689655173,66.32068965517242,104.3518951801591,91.14542713045287,13.206468049706231,0.5125164690382081,0.20225653824156398,0.4400527009222661,0.31518324607329845
205,2006,136,1417,78,1125,44,N,0,1125,1417,0,15,2,13,0.6666666666666666,5.9,73.10833333333333,111.93434401003077,103.86412857631369,8.070215433717081,0.5730113636363636,0.222956799270489,0.35795454545454547,0.3611393692777213,0.8181818181818182,9.454545454545455,63.550000000000004,107.90835181079083,93.03101828672246,14.877333524068376,0.5423880597014925,0.2288820542164366,0.37850746268656715,0.37513061650992685
206,2006,136,1449,75,1429,61,N,0,1429,1449,0,12,5,7,0.7333333333333333,7.133333333333334,64.53583333333333,110.7395116408197,99.68622083338714,11.05329080743256,0.5596359070935342,0.20143847733171494,0.31198995605775265,0.3201357466063348,0.8,12.966666666666667,73.56083333333332,112.01613177302234,94.38899776828703,17.62713400473531,0.5262743037309511,0.2043660009289364,0.32947976878612717,0.4250238777459408
207,2006,136,1454,82,1328,74,N,0,1328,1454,0,6,11,-5,0.7142857142857143,5.571428571428571,62.96696428571429,108.95736142818654,100.1091842377664,8.848177190420145,0.5039344262295082,0.22290600229712293,0.3521311475409836,0.44038668098818473,0.7142857142857143,7.785714285714286,68.95089285714286,106.64940110067982,95.35772094528974,11.291680155390083,0.4927007299270073,0.19993525412754937,0.3862530413625304,0.3904576436222006
208,2006,136,1455,86,1371,66,N,0,1371,1455,0,10,7,3,0.6206896551724138,1.3793103448275863,67.19137931034483,100.94685791999179,98.89404942136461,2.052808498627172,0.4634745242480049,0.20014882861615046,0.37937384898710863,0.34832535885167465,0.7419354838709677,6.774193548387097,64.11370967741935,106.56469729940504,95.99879246801926,10.56590483138578,0.5038922155688623,0.20125533012163369,0.3586826347305389,0.35735150925024345
209,2006,137,1112,94,1458,75,N,0,1112,1458,1,8,9,-1,0.6129032258064516,4.870967741935484,71.14193548387097,102.52108461050149,95.67425410356398,6.846830506937508,0.47673810768426556,0.18953477827151535,0.32618923157344487,0.36536796536796534,0.6333333333333333,6.3,67.115,105.78857185427997,96.40169857706921,9.386873277210753,0.48647871116225544,0.17333432665325685,0.380897583429229,0.35208711433756806
210,2006,137,1133,77,1242,73,N,0,1133,1242,1,13,4,9,0.6666666666666666,7.233333333333333,70.4375,101.55575273587696,91.2866015971606,10.269151138716367,0.4917707150964813,0.2157941437444543,0.3263337116912599,0.35360149672591207,0.7741935483870968,13.290322580645162,70.06935483870969,106.11606012476118,87.14867757751536,18.96738254724582,0.5248049052396878,0.22328108095665583,0.3534002229654404,0.38095238095238093
211,2006,137,1137,59,1116,55,N,0,1116,1137,0,8,9,-1,0.7096774193548387,9.258064516129032,69.6,106.78531701890991,93.48350018539118,13.301816833518728,0.508659217877095,0.19234334445680387,0.3888268156424581,0.35660377358490564,0.8620689655172413,10.655172413793103,63.811206896551724,103.91645614082489,87.2184920495535,16.697964091271388,0.5328389830508474,0.22696261871631024,0.4230225988700565,0.3176470588235294
212,2006,137,1163,72,1107,59,N,0,1107,1163,0,16,1,15,0.6774193548387096,4.580645161290323,65.35967741935484,105.37225773017792,98.36389211065321,7.00836561952471,0.5152363184079602,0.21666707795572884,0.4191542288557214,0.34444444444444444,0.9,15.9,72.1125,112.78673369156988,90.73785173629167,22.048881955278205,0.5107353730542137,0.1969145432483966,0.4106280193236715,0.4437386569872958
213,2006,137,1206,75,1277,65,N,0,1206,1277,1,11,6,5,0.7666666666666667,10.566666666666666,64.83416666666668,107.04232593411395,90.744334905721,16.297991028392943,0.5394736842105263,0.2035963548026375,0.33771929824561403,0.3261571582346609,0.65625,5.4375,67.50234375,109.53323379975234,101.47795794127519,8.055275858477145,0.5308395202741291,0.20878904667662004,0.375214163335237,0.36012207527975587
214,2006,137,1207,54,1320,49,N,0,1207,1320,1,7,10,-3,0.7,7.133333333333334,59.81333333333334,111.45786892554614,99.5318769505127,11.92599197503344,0.5396981627296588,0.1961658493089612,0.33070866141732286,0.36271186440677966,0.7,6.8,62.90083333333333,104.02617877346617,93.21551118824605,10.810667585220116,0.5204890945142102,0.19766563771015225,0.3562458691341705,0.2780806979280262
215,2006,137,1246,69,1412,64,N,0,1246,1412,1,8,9,-1,0.6363636363636364,4.848484848484849,66.1719696969697,106.47188798699439,99.1447903190722,7.327097667922189,0.5171323141802847,0.20241107307635062,0.2915129151291513,0.37254901960784315,0.7931034482758621,8.517241379310345,70.92758620689655,104.2345276872964,92.22616558899314,12.008362098303266,0.5115589804386484,0.18134085273955952,0.3817427385892116,0.2948473282442748
216,2006,137,1272,94,1331,78,N,0,1272,1331,1,1,16,-15,0.9090909090909091,15.030303030303031,74.5848484848485,108.47925892820867,88.32730670783731,20.151952220371356,0.5084622823984526,0.21208304554503715,0.40038684719535783,0.4152744630071599,0.6451612903225806,6.516129032258065,68.77983870967742,108.05867248232438,98.58477845392615,9.473894028398234,0.5104284103720406,0.20964508072742621,0.3906426155580609,0.3873957367933272
217,2006,137,1301,58,1143,52,N,0,1143,1301,0,7,10,-3,0.6666666666666666,4.466666666666667,65.51166666666667,105.6300404508103,98.81191645254026,6.818123998270039,0.5022566086395873,0.1887704480118045,0.4551901998710509,0.3139784946236559,0.7,8.033333333333333,68.44250000000001,110.60379150381706,98.8664450694622,11.737346434354862,0.5541718555417185,0.1996809974309335,0.4041095890410959,0.28436516264428124
218,2006,137,1314,69,1293,65,N,0,1293,1314,0,14,3,11,0.7931034482758621,9.689655172413794,65.56293103448276,108.45068570602079,93.67151854627694,14.77916715974385,0.515906362545018,0.18986759233692294,0.3163265306122449,0.3682664054848188,0.7586206896551724,11.482758620689655,72.63448275862069,110.6627421192556,94.85377895936195,15.80896315989365,0.5409546258102534,0.22882643372578806,0.41484973482616383,0.4182939362795478
219,2006,137,1322,64,1234,63,N,0,1234,1322,0,3,14,-11,0.7575757575757576,7.636363636363637,67.18181818181819,98.82724402345512,87.46053225078936,11.366711772665766,0.48333333333333334,0.21966621560667568,0.384180790960452,0.3209549071618037,0.7586206896551724,6.172413793103448,71.32155172413792,106.22121765196476,97.56687174404411,8.654345907920657,0.5216476247745039,0.22143521931998117,0.41310883944678295,0.3778664007976072
220,2006,137,1326,70,1172,62,N,0,1172,1326,0,15,2,13,0.6296296296296297,5.407407407407407,68.85740740740741,109.78135169297796,101.92830056746362,7.853051125514341,0.522104607721046,0.19309899685340073,0.29514321295143214,0.350635593220339,0.8333333333333334,11.2,67.08833333333334,111.34573820584801,94.65133033562715,16.694407870220857,0.5443716497915426,0.1808560852607259,0.34187016081000593,0.31076923076923074
221,2006,137,1338,79,1245,64,N,0,1245,1338,0,12,5,7,0.75,6.9375,68.003125,105.96939478884242,95.76765773631728,10.201737052525147,0.5067950169875425,0.1948439869491292,0.40543601359003395,0.3302238805970149,0.7741935483870968,9.67741935483871,67.38467741935484,107.51941788240362,93.15796402455808,14.361453857845532,0.5077809798270894,0.20393264478140669,0.4051873198847262,0.38446969696969696
222,2006,137,1400,60,1335,52,N,0,1335,1400,0,15,2,13,0.7037037037037037,8.925925925925926,67.20462962962964,102.67149805045398,89.38978520549455,13.28171284495943,0.509090909090909,0.2022567889668095,0.34949494949494947,0.3138121546961326,0.8181818181818182,16.03030303030303,67.04924242424242,113.53030902208914,89.62205525111575,23.90825377097339,0.5317752100840336,0.2042822439410203,0.3545168067226891,0.41990950226244345
223,2006,137,1437,58,1284,45,N,0,1284,1437,0,16,1,15,0.5625,0.84375,67.31953125,96.32234330211561,95.06899232902785,1.2533509730877626,0.5035650623885918,0.22421056296347874,0.3392751039809863,0.2713326941514861,0.8620689655172413,11.620689655172415,66.85603448275862,112.80027851920622,95.41861694583059,17.381661573375624,0.5032258064516129,0.16865885265560326,0.36774193548387096,0.36991485335856195
224,2006,137,1452,64,1356,46,N,0,1356,1452,0,11,6,5,0.7096774193548387,5.032258064516129,62.932258064516134,96.57081347070583,88.57450407504228,7.996309395663545,0.4657534246575342,0.2275872674150392,0.35118306351183065,0.34786729857819904,0.6551724137931034,5.620689655172414,63.93706896551724,110.50736850620896,101.7163967802392,8.790971725969769,0.532791817087846,0.13051626734261867,0.22442839951865223,0.23258196721311475
225,2006,138,1130,69,1285,56,N,0,1130,1285,1,4,12,-8,0.78125,7.65625,65.35,114.04934965570008,102.3335883703137,11.715761285386378,0.5449275362318841,0.20371078806426934,0.43594202898550727,0.4141012909632572,0.7777777777777778,6.814814814814815,69.97129629629629,111.68600881313766,101.94656539057021,9.739443422567447,0.5547231270358306,0.20219931453373738,0.3719869706840391,0.3424971363115693
226,2006,138,1181,74,1203,61,N,0,1181,1203,1,1,8,-7,0.9090909090909091,13.545454545454545,71.97575757575757,114.64297743347929,95.82350959919165,18.819467834287636,0.5639503507825149,0.18608959245537218,0.4490016189962223,0.30464216634429403,0.9285714285714286,12.285714285714286,72.43392857142857,109.01560535463354,92.05433523161503,16.961270123018508,0.5217261904761905,0.19525183048591083,0.425,0.3820335636722606
227,2006,138,1196,82,1454,60,N,0,1196,1454,1,3,11,-8,0.8181818181818182,14.484848484848484,69.40454545454546,114.21835090706661,93.34817822603533,20.870172681031278,0.5760445682451254,0.21437771519636736,0.4155988857938719,0.35,0.7142857142857143,7.785714285714286,68.95089285714286,106.64940110067982,95.35772094528974,11.291680155390083,0.4927007299270073,0.19993525412754937,0.3862530413625304,0.3904576436222006
228,2006,138,1211,90,1231,80,N,0,1211,1231,1,3,6,-3,0.9,7.633333333333334,69.98416666666667,114.45445993736678,103.5472309212798,10.907229016086973,0.5267909143855563,0.1905192841237899,0.44205008736167734,0.3761194029850746,0.6206896551724138,5.275862068965517,67.65431034482758,105.20011722881281,97.4018527249328,7.79826450388002,0.5389937106918239,0.21610876795066197,0.3150943396226415,0.3111587982832618
229,2006,138,1261,58,1401,57,N,0,1261,1401,1,4,12,-8,0.7333333333333333,9.533333333333333,70.14583333333333,106.5874665874666,92.996732996733,13.590733590733592,0.5125858123569794,0.2219186219186219,0.36899313501144165,0.41002949852507375,0.7241379310344828,8.758620689655173,66.32068965517242,104.3518951801591,91.14542713045287,13.206468049706231,0.5125164690382081,0.20225653824156398,0.4400527009222661,0.31518324607329845
230,2006,138,1417,62,1104,59,N,0,1104,1417,0,10,2,8,0.5862068965517241,2.8275862068965516,65.43706896551724,106.92031037980688,102.59923327229373,4.3210771075131476,0.5044642857142857,0.20656856416404284,0.40369897959183676,0.3793103448275862,0.8181818181818182,9.454545454545455,63.550000000000004,107.90835181079083,93.03101828672246,14.877333524068376,0.5423880597014925,0.2288820542164366,0.37850746268656715,0.37513061650992685
231,2006,138,1449,67,1228,64,N,0,1228,1449,0,4,5,-1,0.8064516129032258,11.870967741935484,64.56693548387096,108.36466282802293,89.97914142612693,18.385521401896,0.5218390804597701,0.19134931241647202,0.3201149425287356,0.37732160312805474,0.8,12.966666666666667,73.56083333333332,112.01613177302234,94.38899776828703,17.62713400473531,0.5262743037309511,0.2043660009289364,0.32947976878612717,0.4250238777459408
232,2006,138,1455,80,1397,73,N,0,1397,1455,0,2,7,-5,0.75,7.642857142857143,73.26071428571429,111.00277872568614,100.5703700092624,10.432408716423737,0.5383949191685913,0.17696095159167355,0.3394919168591224,0.314508276533593,0.7419354838709677,6.774193548387097,64.11370967741935,106.56469729940504,95.99879246801926,10.56590483138578,0.5038922155688623,0.20125533012163369,0.3586826347305389,0.35735150925024345
233,2006,139,1133,72,1338,66,N,0,1133,1338,1,13,5,8,0.6666666666666666,7.233333333333333,70.4375,101.55575273587696,91.2866015971606,10.269151138716367,0.4917707150964813,0.2157941437444543,0.3263337116912599,0.35360149672591207,0.7741935483870968,9.67741935483871,67.38467741935484,107.51941788240362,93.15796402455808,14.361453857845532,0.5077809798270894,0.20393264478140669,0.4051873198847262,0.38446969696969696
234,2006,139,1163,87,1246,83,N,0,1163,1246,1,1,8,-7,0.9,15.9,72.1125,112.78673369156988,90.73785173629167,22.048881955278205,0.5107353730542137,0.1969145432483966,0.4106280193236715,0.4437386569872958,0.6363636363636364,4.848484848484849,66.1719696969697,106.47188798699439,99.1447903190722,7.327097667922189,0.5171323141802847,0.20241107307635062,0.2915129151291513,0.37254901960784315
235,2006,139,1206,65,1314,60,N,0,1206,1314,1,11,3,8,0.7666666666666667,10.566666666666666,64.83416666666668,107.04232593411395,90.744334905721,16.297991028392943,0.5394736842105263,0.2035963548026375,0.33771929824561403,0.3261571582346609,0.7586206896551724,11.482758620689655,72.63448275862069,110.6627421192556,94.85377895936195,15.80896315989365,0.5409546258102534,0.22882643372578806,0.41484973482616383,0.4182939362795478
236,2006,139,1207,70,1326,52,N,0,1207,1326,1,7,2,5,0.7,7.133333333333334,59.81333333333334,111.45786892554614,99.5318769505127,11.92599197503344,0.5396981627296588,0.1961658493089612,0.33070866141732286,0.36271186440677966,0.8333333333333334,11.2,67.08833333333334,111.34573820584801,94.65133033562715,16.694407870220857,0.5443716497915426,0.1808560852607259,0.34187016081000593,0.31076923076923074
237,2006,139,1272,72,1137,56,N,0,1137,1272,0,9,1,8,0.8620689655172413,10.655172413793103,63.811206896551724,103.91645614082489,87.2184920495535,16.697964091271388,0.5328389830508474,0.22696261871631024,0.4230225988700565,0.3176470588235294,0.9090909090909091,15.030303030303031,74.5848484848485,108.47925892820867,88.32730670783731,20.151952220371356,0.5084622823984526,0.21208304554503715,0.40038684719535783,0.4152744630071599
238,2006,139,1400,75,1301,54,N,0,1301,1400,0,10,2,8,0.7,8.033333333333333,68.44250000000001,110.60379150381706,98.8664450694622,11.737346434354862,0.5541718555417185,0.1996809974309335,0.4041095890410959,0.28436516264428124,0.8181818181818182,16.03030303030303,67.04924242424242,113.53030902208914,89.62205525111575,23.90825377097339,0.5317752100840336,0.2042822439410203,0.3545168067226891,0.41990950226244345
239,2006,139,1437,82,1112,78,N,0,1112,1437,0,8,1,7,0.6129032258064516,4.870967741935484,71.14193548387097,102.52108461050149,95.67425410356398,6.846830506937508,0.47673810768426556,0.18953477827151535,0.32618923157344487,0.36536796536796534,0.8620689655172413,11.620689655172415,66.85603448275862,112.80027851920622,95.41861694583059,17.381661573375624,0.5032258064516129,0.16865885265560326,0.36774193548387096,0.36991485335856195
240,2006,139,1452,67,1322,54,N,0,1322,1452,0,14,6,8,0.7586206896551724,6.172413793103448,71.32155172413792,106.22121765196476,97.56687174404411,8.654345907920657,0.5216476247745039,0.22143521931998117,0.41310883944678295,0.3778664007976072,0.6551724137931034,5.620689655172414,63.93706896551724,110.50736850620896,101.7163967802392,8.790971725969769,0.532791817087846,0.13051626734261867,0.22442839951865223,0.23258196721311475
241,2006,143,1261,62,1181,54,N,0,1181,1261,0,1,4,-3,0.9090909090909091,13.545454545454545,71.97575757575757,114.64297743347929,95.82350959919165,18.819467834287636,0.5639503507825149,0.18608959245537218,0.4490016189962223,0.30464216634429403,0.7333333333333333,9.533333333333333,70.14583333333333,106.5874665874666,92.996732996733,13.590733590733592,0.5125858123569794,0.2219186219186219,0.36899313501144165,0.41002949852507375
242,2006,143,1272,80,1133,64,N,0,1133,1272,0,13,1,12,0.6666666666666666,7.233333333333333,70.4375,101.55575273587696,91.2866015971606,10.269151138716367,0.4917707150964813,0.2157941437444543,0.3263337116912599,0.35360149672591207,0.9090909090909091,15.030303030303031,74.5848484848485,108.47925892820867,88.32730670783731,20.151952220371356,0.5084622823984526,0.21208304554503715,0.40038684719535783,0.4152744630071599
243,2006,143,1400,74,1452,71,N,0,1400,1452,1,2,6,-4,0.8181818181818182,16.03030303030303,67.04924242424242,113.53030902208914,89.62205525111575,23.90825377097339,0.5317752100840336,0.2042822439410203,0.3545168067226891,0.41990950226244345,0.6551724137931034,5.620689655172414,63.93706896551724,110.50736850620896,101.7163967802392,8.790971725969769,0.532791817087846,0.13051626734261867,0.22442839951865223,0.23258196721311475
244,2006,143,1417,73,1211,71,N,0,1211,1417,0,3,2,1,0.9,7.633333333333334,69.98416666666667,114.45445993736678,103.5472309212798,10.907229016086973,0.5267909143855563,0.1905192841237899,0.44205008736167734,0.3761194029850746,0.8181818181818182,9.454545454545455,63.550000000000004,107.90835181079083,93.03101828672246,14.877333524068376,0.5423880597014925,0.2288820542164366,0.37850746268656715,0.37513061650992685
245,2006,144,1163,98,1449,92,N,1,1163,1449,1,1,5,-4,0.9,15.9,72.1125,112.78673369156988,90.73785173629167,22.048881955278205,0.5107353730542137,0.1969145432483966,0.4106280193236715,0.4437386569872958,0.8,12.966666666666667,73.56083333333332,112.01613177302234,94.38899776828703,17.62713400473531,0.5262743037309511,0.2043660009289364,0.32947976878612717,0.4250238777459408
246,2006,144,1196,57,1207,53,N,0,1196,1207,1,3,7,-4,0.8181818181818182,14.484848484848484,69.40454545454546,114.21835090706661,93.34817822603533,20.870172681031278,0.5760445682451254,0.21437771519636736,0.4155988857938719,0.35,0.7,7.133333333333334,59.81333333333334,111.45786892554614,99.5318769505127,11.92599197503344,0.5396981627296588,0.1961658493089612,0.33070866141732286,0.36271186440677966
247,2006,144,1206,63,1455,55,N,0,1206,1455,1,11,7,4,0.7666666666666667,10.566666666666666,64.83416666666668,107.04232593411395,90.744334905721,16.297991028392943,0.5394736842105263,0.2035963548026375,0.33771929824561403,0.3261571582346609,0.7419354838709677,6.774193548387097,64.11370967741935,106.56469729940504,95.99879246801926,10.56590483138578,0.5038922155688623,0.20125533012163369,0.3586826347305389,0.35735150925024345
248,2006,144,1437,60,1130,59,N,1,1130,1437,0,4,1,3,0.78125,7.65625,65.35,114.04934965570008,102.3335883703137,11.715761285386378,0.5449275362318841,0.20371078806426934,0.43594202898550727,0.4141012909632572,0.8620689655172413,11.620689655172415,66.85603448275862,112.80027851920622,95.41861694583059,17.381661573375624,0.5032258064516129,0.16865885265560326,0.36774193548387096,0.36991485335856195
249,2006,145,1261,70,1400,60,N,1,1261,1400,1,4,2,2,0.7333333333333333,9.533333333333333,70.14583333333333,106.5874665874666,92.996732996733,13.590733590733592,0.5125858123569794,0.2219186219186219,0.36899313501144165,0.41002949852507375,0.8181818181818182,16.03030303030303,67.04924242424242,113.53030902208914,89.62205525111575,23.90825377097339,0.5317752100840336,0.2042822439410203,0.3545168067226891,0.41990950226244345
250,2006,145,1417,50,1272,45,N,0,1272,1417,0,1,2,-1,0.9090909090909091,15.030303030303031,74.5848484848485,108.47925892820867,88.32730670783731,20.151952220371356,0.5084622823984526,0.21208304554503715,0.40038684719535783,0.4152744630071599,0.8181818181818182,9.454545454545455,63.550000000000004,107.90835181079083,93.03101828672246,14.877333524068376,0.5423880597014925,0.2288820542164366,0.37850746268656715,0.37513061650992685
251,2006,146,1196,75,1437,62,N,0,1196,1437,1,3,1,2,0.8181818181818182,14.484848484848484,69.40454545454546,114.21835090706661,93.34817822603533,20.870172681031278,0.5760445682451254,0.21437771519636736,0.4155988857938719,0.35,0.8620689655172413,11.620689655172415,66.85603448275862,112.80027851920622,95.41861694583059,17.381661573375624,0.5032258064516129,0.16865885265560326,0.36774193548387096,0.36991485335856195
252,2006,146,1206,86,1163,84,N,1,1163,1206,0,1,11,-10,0.9,15.9,72.1125,112.78673369156988,90.73785173629167,22.048881955278205,0.5107353730542137,0.1969145432483966,0.4106280193236715,0.4437386569872958,0.7666666666666667,10.566666666666666,64.83416666666668,107.04232593411395,90.744334905721,16.297991028392943,0.5394736842105263,0.2035963548026375,0.33771929824561403,0.3261571582346609
253,2006,152,1196,73,1206,58,N,0,1196,1206,1,3,11,-8,0.8181818181818182,14.484848484848484,69.40454545454546,114.21835090706661,93.34817822603533,20.870172681031278,0.5760445682451254,0.21437771519636736,0.4155988857938719,0.35,0.7666666666666667,10.566666666666666,64.83416666666668,107.04232593411395,90.744334905721,16.297991028392943,0.5394736842105263,0.2035963548026375,0.33771929824561403,0.3261571582346609
254,2006,152,1417,59,1261,45,N,0,1261,1417,0,4,2,2,0.7333333333333333,9.533333333333333,70.14583333333333,106.5874665874666,92.996732996733,13.590733590733592,0.5125858123569794,0.2219186219186219,0.36899313501144165,0.41002949852507375,0.8181818181818182,9.454545454545455,63.550000000000004,107.90835181079083,93.03101828672246,14.877333524068376,0.5423880597014925,0.2288820542164366,0.37850746268656715,0.37513061650992685
255,2006,154,1196,73,1417,57,N,0,1196,1417,1,3,2,1,0.8181818181818182,14.484848484848484,69.40454545454546,114.21835090706661,93.34817822603533,20.870172681031278,0.5760445682451254,0.21437771519636736,0.4155988857938719,0.35,0.8181818181818182,9.454545454545455,63.550000000000004,107.90835181079083,93.03101828672246,14.877333524068376,0.5423880597014925,0.2288820542164366,0.37850746268656715,0.37513061650992685
256,2007,134,1310,77,1197,69,N,0,1197,1310,0,16,16,0,0.5806451612903226,-1.3870967741935485,69.15564516129032,99.72828938929251,101.7340501206955,-2.0057607314029866,0.5030562347188264,0.2537520553216797,0.456601466992665,0.37596153846153846,0.6666666666666666,2.3333333333333335,70.18030303030302,108.378851011464,105.05408147844298,3.324769533021012,0.4887330996494742,0.19041861870938492,0.3815723585378067,0.3887550200803213
257,2007,136,1130,84,1403,75,N,0,1130,1403,1,7,10,-3,0.6451612903225806,4.774193548387097,67.16129032258064,111.14313160422671,104.03458213256484,7.108549471661874,0.5345454545454545,0.21037463976945245,0.46060606060606063,0.3779608650875386,0.6363636363636364,2.9393939393939394,67.23636363636365,106.45393906616188,102.08220659816116,4.371732468000715,0.5089235917456776,0.17577068685776093,0.4060234244283324,0.28440366972477066
258,2007,136,1139,57,1330,46,N,0,1139,1330,1,5,12,-7,0.8064516129032258,11.35483870967742,60.0,113.81720430107526,94.89247311827957,18.924731182795696,0.526468689477082,0.15376344086021507,0.4131697869593286,0.295864262990456,0.75,7.96875,65.3625,107.28628800917959,95.09466437177281,12.191623637406778,0.4994359842075578,0.18885064065786958,0.36999435984207557,0.3536918869644485
259,2007,136,1207,80,1125,55,N,0,1125,1207,0,15,2,13,0.7096774193548387,8.32258064516129,68.46129032258065,106.11129435046882,93.95467181831032,12.156622532158508,0.5489449003516998,0.23229515148659471,0.3212192262602579,0.3346573982125124,0.8125,11.59375,60.103125,113.91878542089118,94.62902303332814,19.289762387563044,0.5713824289405685,0.22877346227837572,0.3798449612403101,0.40046565774155995
260,2007,136,1231,70,1211,57,N,0,1211,1231,0,10,7,3,0.696969696969697,9.030303030303031,71.10151515151514,111.27922091759542,98.57864342489398,12.700577492701441,0.5466417910447762,0.19732776440002558,0.3976545842217484,0.3282876064333018,0.6666666666666666,8.733333333333333,64.49499999999999,109.93100240328708,96.38990102591933,13.541101377367752,0.5240121580547112,0.1917461301909709,0.34407294832826746,0.3604531410916581
261,2007,136,1257,78,1390,58,N,0,1257,1390,1,6,11,-5,0.7096774193548387,8.387096774193548,66.725,106.8419971234847,94.27235040307474,12.569646720409963,0.49720044792833146,0.19289573236321444,0.35890257558790595,0.37455516014234874,0.6,3.1666666666666665,67.70166666666667,103.29632456118756,98.61894094187736,4.677383619310206,0.499407231772377,0.21565200265872334,0.35447540011855366,0.3659244917715392
262,2007,136,1268,82,1172,70,N,0,1172,1268,0,13,4,9,0.8709677419354839,11.290322580645162,72.99112903225806,109.6023599862997,94.13428498823322,15.468074998066484,0.523784631468897,0.20064302997491962,0.3298484056455829,0.35222319093286836,0.75,11.90625,74.17734375,107.1755821668931,91.12452210180416,16.051060065088933,0.5268929503916449,0.2127502712039348,0.3932114882506527,0.3600713012477718
263,2007,136,1277,61,1266,49,N,0,1266,1277,0,8,9,-1,0.71875,7.4375,68.68984375,105.45591028513587,94.628254267939,10.827656017196873,0.49564980967917344,0.21154874151245978,0.40076128330614463,0.39929947460595444,0.6666666666666666,8.393939393939394,61.77348484848484,105.37030450938792,91.78204829472291,13.588256214665009,0.5234857849196539,0.2433131798727021,0.39493201483312734,0.3972746331236897
264,2007,136,1314,86,1184,65,N,0,1184,1314,0,16,1,15,0.6333333333333333,1.8333333333333333,62.91416666666667,103.84518590142655,100.93116282766204,2.914023073764511,0.5475247524752476,0.2166973522126707,0.29240924092409243,0.28132118451025057,0.8235294117647058,18.147058823529413,74.73235294117647,115.43154000550986,91.14880554134362,24.28273446416624,0.5504241281809613,0.18654807351725766,0.3977379830348728,0.38941076003415886
265,2007,136,1326,78,1148,57,N,0,1148,1326,0,16,1,15,0.6666666666666666,3.5757575757575757,65.60757575757576,105.63266437264727,100.18244382346828,5.450220549178994,0.5070661390616167,0.21662317267499595,0.3832673827020916,0.35714285714285715,0.9090909090909091,13.484848484848484,65.58560606060605,112.27518972427895,91.71450683238425,20.5606828918947,0.5386289445048966,0.17927067330461,0.3520130576713819,0.34421641791044777
266,2007,136,1338,79,1460,58,N,0,1338,1460,1,3,14,-11,0.7941176470588235,8.705882352941176,63.94117647058823,111.26954921803127,97.65409383624655,13.615455381784727,0.5262312633832976,0.18307267709291627,0.3640256959314775,0.37454873646209386,0.71875,2.96875,62.94375,102.62138814417635,97.90487538476815,4.716512759408204,0.49405116002379534,0.1946182107040016,0.32837596668649616,0.31378299120234604
267,2007,136,1401,68,1335,52,N,0,1335,1401,0,14,3,11,0.7241379310344828,6.551724137931035,68.45086206896552,108.20749845723714,98.63607168494893,9.571426772288206,0.5428929242329368,0.20402251804088006,0.3863494051346274,0.33084311632870866,0.8064516129032258,17.129032258064516,66.63145161290322,114.5443762632681,88.83724870798689,25.707127555281218,0.5610047846889952,0.18784115803105675,0.4049043062200957,0.3386923901393355
268,2007,136,1417,70,1451,42,N,0,1417,1451,1,2,15,-13,0.8333333333333334,11.4,65.33250000000001,110.15446625594713,92.70526409775634,17.449202158190786,0.5416417016177352,0.1867370757280067,0.3241461953265428,0.34691745036572624,0.6071428571428571,0.75,67.83303571428571,104.72141418661893,103.61575822989747,1.1056559567214634,0.5434153400868307,0.2332407565845761,0.5260492040520984,0.31995277449822906
269,2007,136,1433,79,1181,77,N,0,1181,1433,0,6,11,-5,0.6875,8.6875,66.9796875,104.78923181001703,91.81888165721884,12.97035015279819,0.5262382075471698,0.2295472041430471,0.392688679245283,0.3592039800995025,0.8181818181818182,10.030303030303031,65.94242424242424,113.41390561095538,98.20320757318139,15.210698037773994,0.5220228384991843,0.17278617710583155,0.4110929853181077,0.35631154879140553
270,2007,136,1435,77,1203,44,N,0,1203,1435,0,11,6,5,0.7419354838709677,6.870967741935484,67.04354838709678,105.99754613034379,95.74903168378762,10.248514446556172,0.5111364934323244,0.20400798710515555,0.33466590519703027,0.36585365853658536,0.6333333333333333,4.266666666666667,69.41083333333333,109.10880866339309,102.96183352742729,6.146975135965803,0.5332759609868044,0.17960692975400094,0.3253012048192771,0.29571984435797666
271,2007,136,1450,70,1331,54,N,0,1331,1450,0,14,3,11,0.6875,6.25,67.65234375,106.01073965009527,96.7723309659911,9.238408684104172,0.5282674772036474,0.2258790923263468,0.47720364741641336,0.34933605720122574,0.78125,7.40625,62.715625,106.08401016493099,94.27475210523693,11.80925805969406,0.5204819277108433,0.16443270716029698,0.3397590361445783,0.2601036269430052
272,2007,136,1462,79,1140,77,N,0,1140,1462,0,8,9,-1,0.75,7.71875,69.03671875,112.0327724150418,100.8521280568538,11.180644358188005,0.5535714285714286,0.19600076951803275,0.35335497835497837,0.36140018921475875,0.75,11.625,65.9671875,115.8246287216656,98.20223122290912,17.622397498756484,0.5551889622075585,0.19517278950235678,0.48110377924415115,0.35685071574642124
273,2007,137,1196,112,1238,69,N,0,1196,1238,1,1,16,-15,0.8529411764705882,17.764705882352942,67.60955882352941,117.32590892777519,91.05047363212216,26.275435295653025,0.5930548019533369,0.20707131127037814,0.40748779164405863,0.3692458374142997,0.6060606060606061,-1.2727272727272727,72.1530303030303,98.4439637974843,100.20789147644946,-1.7639276789651603,0.4660243407707911,0.21377123537934942,0.3640973630831643,0.35336538461538464
274,2007,137,1242,107,1310,67,N,0,1242,1310,1,1,16,-15,0.8823529411764706,17.41176470588235,70.46176470588236,111.32445631756896,86.61351588262302,24.71094043494594,0.5404265873015873,0.19868931836206535,0.3630952380952381,0.3817712811693895,0.6666666666666666,2.3333333333333335,70.18030303030302,108.378851011464,105.05408147844298,3.324769533021012,0.4887330996494742,0.19041861870938492,0.3815723585378067,0.3887550200803213
275,2007,137,1246,67,1437,58,N,0,1246,1437,1,8,9,-1,0.65625,6.15625,68.534375,107.2910491997629,98.30833067347591,8.982718526286988,0.5402038505096263,0.2143085130636998,0.36013590033975085,0.3439680957128614,0.6774193548387096,7.483870967741935,66.51935483870967,108.48164492507638,97.23097812909171,11.250666795984671,0.4903452311293154,0.20513069201299647,0.41895845523698066,0.3860640301318267
276,2007,137,1272,73,1317,58,N,0,1272,1317,1,2,15,-13,0.9090909090909091,17.242424242424242,71.91590909090908,110.6511182041315,86.67530470140842,23.975813502723085,0.524390243902439,0.18877266167346124,0.4235938277750124,0.3961038961038961,0.6666666666666666,4.1,72.24833333333332,105.51569817066138,99.84082677801104,5.674871392650346,0.5128996074032529,0.21407644928372052,0.3937184520471116,0.37341772151898733
277,2007,137,1305,77,1166,71,N,1,1166,1305,0,10,7,3,0.6875,6.71875,62.6421875,107.20610610860292,96.48050684692325,10.725599261679676,0.5097423004399748,0.20503354867676038,0.43871778755499685,0.3357142857142857,0.8709677419354839,10.419354838709678,67.73951612903227,114.67076205102562,99.2892603307261,15.381501720299525,0.5531197301854974,0.19238782337464433,0.32771219786396855,0.3662258392675483
278,2007,137,1332,58,1275,56,N,0,1275,1332,0,14,3,11,0.5625,2.15625,60.0875,99.12627418348242,95.53775743707094,3.5885167464114858,0.5128205128205128,0.22207197836488454,0.32084155161078237,0.2830396475770925,0.7878787878787878,10.454545454545455,67.80984848484849,112.65906221720721,97.24161816130221,15.417444055904994,0.5316883116883117,0.18590309354366602,0.3277922077922078,0.3591800356506239
279,2007,137,1345,72,1112,63,N,0,1112,1345,0,8,9,-1,0.6666666666666666,5.966666666666667,70.05083333333333,112.01389467172648,103.49627056542272,8.517624106303757,0.5287958115183246,0.19604810792162833,0.41826643397324026,0.37934560327198363,0.65625,6.875,66.22421875,105.55994667736265,95.17854825580709,10.38139842155556,0.523072429906542,0.2147061946276263,0.3814252336448598,0.3492682926829268
280,2007,137,1356,61,1221,51,N,0,1221,1356,0,13,4,9,0.7575757575757576,6.878787878787879,63.35151515151515,101.40629484358558,90.5481679900507,10.858126853534884,0.4954627949183303,0.23964412130488855,0.396854204476709,0.37650602409638556,0.8125,5.9375,61.378125,103.10065678936918,93.42701491777404,9.673641871595137,0.5203877005347594,0.22758515350542236,0.45187165775401067,0.32017075773745995
281,2007,137,1397,121,1253,86,N,0,1253,1397,0,12,5,7,0.7666666666666667,6.633333333333334,73.37083333333334,109.76205349537169,100.72122210233404,9.04083139303765,0.5247046186895811,0.18717701175535237,0.3517722878625134,0.3422459893048128,0.6875,5.21875,74.64765625,106.70964635945955,99.71846905776094,6.991177301698613,0.5145,0.19550178442474542,0.3755,0.3463375796178344
282,2007,137,1400,79,1308,67,N,0,1308,1400,0,13,4,9,0.75,5.5625,72.66328125,106.87137803868443,99.21620488339839,7.655173155286036,0.5316921335597057,0.23438591964218516,0.5268817204301075,0.38858695652173914,0.7272727272727273,10.272727272727273,71.9939393939394,114.1931138984763,99.92423604680528,14.268877851671022,0.5185456320156173,0.17046889468810505,0.3943387018057589,0.3678343949044586
283,2007,137,1424,67,1210,63,N,0,1210,1424,0,10,7,3,0.6451612903225806,9.580645161290322,71.53629032258064,110.56873907896961,97.17603291809932,13.39270616087029,0.545995670995671,0.22185897074573022,0.3436147186147186,0.4096618357487923,0.8181818181818182,8.121212121212121,68.07878787878788,110.21098548918366,98.28184812605716,11.9291373631265,0.5135480572597138,0.16780913380218998,0.33537832310838445,0.34163090128755363
284,2007,137,1425,77,1116,60,N,0,1116,1425,0,12,5,7,0.6176470588235294,5.676470588235294,68.50735294117646,104.19662981646452,95.91070086937856,8.285928947085964,0.5205072854830005,0.223677149296984,0.38316243928764165,0.3537037037037037,0.6764705882352942,6.382352941176471,68.73014705882352,103.90166144234165,94.61555743369743,9.286104008644216,0.5302530253025303,0.21396553015309236,0.3888888888888889,0.2984934086629002
285,2007,137,1438,84,1107,57,N,0,1107,1438,0,13,4,9,0.71875,3.78125,64.115625,106.44831115660185,100.55076278208315,5.897548374518692,0.5196596244131455,0.20860749622264466,0.33568075117370894,0.3434146341463415,0.6551724137931034,5.689655172413793,70.6043103448276,109.69341033687012,101.63490067276345,8.058509664106666,0.5050029429075927,0.1943810209887547,0.42319011183048855,0.37488015340364333
286,2007,137,1439,54,1228,52,N,0,1228,1439,0,12,5,7,0.6764705882352942,7.352941176470588,63.025735294117645,102.33914717377355,90.67257772851893,11.666569445254623,0.4977591036414566,0.2193315055707869,0.37254901960784315,0.376429199648197,0.6451612903225806,6.903225806451613,66.26290322580645,108.70676435508604,98.2888299296546,10.41793442543144,0.5135290731145653,0.16551858432928462,0.3880253310305124,0.33594515181194906
287,2007,137,1457,74,1323,64,N,0,1323,1457,0,6,11,-5,0.7741935483870968,13.741935483870968,70.65322580645162,115.42061408515009,95.97077959137084,19.44983449377925,0.5380613362541073,0.18308412281703002,0.41073384446878425,0.3649025069637883,0.8571428571428571,11.25,67.06160714285714,110.5060645195649,93.73044508647433,16.77561943309057,0.5479365079365079,0.1986446364616757,0.34984126984126984,0.35432230522945574
288,2007,137,1458,76,1394,63,N,0,1394,1458,0,15,2,13,0.8,8.7,69.86999999999999,113.30566289776252,100.85396689089261,12.45169600686991,0.5786978508217446,0.23424454940126904,0.4778761061946903,0.38095238095238093,0.8529411764705882,12.852941176470589,63.49191176470588,110.38923438603805,90.14580365725139,20.243430728786663,0.5185393258426966,0.18019896003427952,0.4443820224719101,0.3574074074074074
289,2007,138,1139,62,1268,59,N,0,1139,1268,1,5,4,1,0.8064516129032258,11.35483870967742,60.0,113.81720430107526,94.89247311827957,18.924731182795696,0.526468689477082,0.15376344086021507,0.4131697869593286,0.295864262990456,0.75,11.90625,74.17734375,107.1755821668931,91.12452210180416,16.051060065088933,0.5268929503916449,0.2127502712039348,0.3932114882506527,0.3600713012477718
290,2007,138,1207,62,1130,55,N,0,1130,1207,0,7,2,5,0.6451612903225806,4.774193548387097,67.16129032258064,111.14313160422671,104.03458213256484,7.108549471661874,0.5345454545454545,0.21037463976945245,0.46060606060606063,0.3779608650875386,0.8125,11.59375,60.103125,113.91878542089118,94.62902303332814,19.289762387563044,0.5713824289405685,0.22877346227837572,0.3798449612403101,0.40046565774155995
291,2007,138,1314,81,1277,67,N,0,1277,1314,0,9,1,8,0.6666666666666666,8.393939393939394,61.77348484848484,105.37030450938792,91.78204829472291,13.588256214665009,0.5234857849196539,0.2433131798727021,0.39493201483312734,0.3972746331236897,0.8235294117647058,18.147058823529413,74.73235294117647,115.43154000550986,91.14880554134362,24.28273446416624,0.5504241281809613,0.18654807351725766,0.3977379830348728,0.38941076003415886
292,2007,138,1326,78,1462,71,N,1,1326,1462,1,1,9,-8,0.9090909090909091,13.484848484848484,65.58560606060605,112.27518972427895,91.71450683238425,20.5606828918947,0.5386289445048966,0.17927067330461,0.3520130576713819,0.34421641791044777,0.75,11.625,65.9671875,115.8246287216656,98.20223122290912,17.622397498756484,0.5551889622075585,0.19517278950235678,0.48110377924415115,0.35685071574642124
293,2007,138,1338,84,1433,79,N,1,1338,1433,1,3,11,-8,0.7941176470588235,8.705882352941176,63.94117647058823,111.26954921803127,97.65409383624655,13.615455381784727,0.5262312633832976,0.18307267709291627,0.3640256959314775,0.37454873646209386,0.8181818181818182,10.030303030303031,65.94242424242424,113.41390561095538,98.20320757318139,15.210698037773994,0.5220228384991843,0.17278617710583155,0.4110929853181077,0.35631154879140553
294,2007,138,1401,72,1257,69,N,0,1257,1401,0,6,3,3,0.7096774193548387,8.387096774193548,66.725,106.8419971234847,94.27235040307474,12.569646720409963,0.49720044792833146,0.19289573236321444,0.35890257558790595,0.37455516014234874,0.8064516129032258,17.129032258064516,66.63145161290322,114.5443762632681,88.83724870798689,25.707127555281218,0.5610047846889952,0.18784115803105675,0.4049043062200957,0.3386923901393355
295,2007,138,1417,54,1231,49,N,0,1231,1417,0,7,2,5,0.6666666666666666,8.733333333333333,64.49499999999999,109.93100240328708,96.38990102591933,13.541101377367752,0.5240121580547112,0.1917461301909709,0.34407294832826746,0.3604531410916581,0.8333333333333334,11.4,65.33250000000001,110.15446625594713,92.70526409775634,17.449202158190786,0.5416417016177352,0.1867370757280067,0.3241461953265428,0.34691745036572624
296,2007,138,1435,78,1450,74,N,2,1435,1450,1,6,3,3,0.6333333333333333,4.266666666666667,69.41083333333333,109.10880866339309,102.96183352742729,6.146975135965803,0.5332759609868044,0.17960692975400094,0.3253012048192771,0.29571984435797666,0.78125,7.40625,62.715625,106.08401016493099,94.27475210523693,11.80925805969406,0.5204819277108433,0.16443270716029698,0.3397590361445783,0.2601036269430052
297,2007,139,1196,74,1345,67,N,0,1196,1345,1,1,9,-8,0.8529411764705882,17.764705882352942,67.60955882352941,117.32590892777519,91.05047363212216,26.275435295653025,0.5930548019533369,0.20707131127037814,0.40748779164405863,0.3692458374142997,0.65625,6.875,66.22421875,105.55994667736265,95.17854825580709,10.38139842155556,0.523072429906542,0.2147061946276263,0.3814252336448598,0.3492682926829268
298,2007,139,1242,88,1246,76,N,0,1242,1246,1,1,8,-7,0.8823529411764706,17.41176470588235,70.46176470588236,111.32445631756896,86.61351588262302,24.71094043494594,0.5404265873015873,0.19868931836206535,0.3630952380952381,0.3817712811693895,0.65625,6.15625,68.534375,107.2910491997629,98.30833067347591,8.982718526286988,0.5402038505096263,0.2143085130636998,0.36013590033975085,0.3439680957128614
299,2007,139,1272,78,1305,62,N,0,1272,1305,1,2,7,-5,0.9090909090909091,17.242424242424242,71.91590909090908,110.6511182041315,86.67530470140842,23.975813502723085,0.524390243902439,0.18877266167346124,0.4235938277750124,0.3961038961038961,0.8709677419354839,10.419354838709678,67.73951612903227,114.67076205102562,99.2892603307261,15.381501720299525,0.5531197301854974,0.19238782337464433,0.32771219786396855,0.3662258392675483
300,2007,139,1332,75,1457,61,N,0,1332,1457,1,3,11,-8,0.7878787878787878,10.454545454545455,67.80984848484849,112.65906221720721,97.24161816130221,15.417444055904994,0.5316883116883117,0.18590309354366602,0.3277922077922078,0.3591800356506239,0.8571428571428571,11.25,67.06160714285714,110.5060645195649,93.73044508647433,16.77561943309057,0.5479365079365079,0.1986446364616757,0.34984126984126984,0.35432230522945574
301,2007,139,1356,63,1439,48,N,0,1356,1439,1,4,5,-1,0.8125,5.9375,61.378125,103.10065678936918,93.42701491777404,9.673641871595137,0.5203877005347594,0.22758515350542236,0.45187165775401067,0.32017075773745995,0.6451612903225806,6.903225806451613,66.26290322580645,108.70676435508604,98.2888299296546,10.41793442543144,0.5135290731145653,0.16551858432928462,0.3880253310305124,0.33594515181194906
302,2007,139,1397,77,1438,74,N,0,1397,1438,1,5,4,1,0.6875,5.21875,74.64765625,106.70964635945955,99.71846905776094,6.991177301698613,0.5145,0.19550178442474542,0.3755,0.3463375796178344,0.6551724137931034,5.689655172413793,70.6043103448276,109.69341033687012,101.63490067276345,8.058509664106666,0.5050029429075927,0.1943810209887547,0.42319011183048855,0.37488015340364333
303,2007,139,1424,74,1458,68,N,0,1424,1458,1,7,2,5,0.8181818181818182,8.121212121212121,68.07878787878788,110.21098548918366,98.28184812605716,11.9291373631265,0.5135480572597138,0.16780913380218998,0.33537832310838445,0.34163090128755363,0.8529411764705882,12.852941176470589,63.49191176470588,110.38923438603805,90.14580365725139,20.243430728786663,0.5185393258426966,0.18019896003427952,0.4443820224719101,0.3574074074074074
304,2007,139,1425,87,1400,68,N,0,1400,1425,0,4,5,-1,0.7272727272727273,10.272727272727273,71.9939393939394,114.1931138984763,99.92423604680528,14.268877851671022,0.5185456320156173,0.17046889468810505,0.3943387018057589,0.3678343949044586,0.6764705882352942,6.382352941176471,68.73014705882352,103.90166144234165,94.61555743369743,9.286104008644216,0.5302530253025303,0.21396553015309236,0.3888888888888889,0.2984934086629002
305,2007,143,1242,61,1356,58,N,0,1242,1356,1,1,4,-3,0.8823529411764706,17.41176470588235,70.46176470588236,111.32445631756896,86.61351588262302,24.71094043494594,0.5404265873015873,0.19868931836206535,0.3630952380952381,0.3817712811693895,0.8125,5.9375,61.378125,103.10065678936918,93.42701491777404,9.673641871595137,0.5203877005347594,0.22758515350542236,0.45187165775401067,0.32017075773745995
306,2007,143,1272,65,1401,64,N,0,1272,1401,1,2,3,-1,0.9090909090909091,17.242424242424242,71.91590909090908,110.6511182041315,86.67530470140842,23.975813502723085,0.524390243902439,0.18877266167346124,0.4235938277750124,0.3961038961038961,0.8064516129032258,17.129032258064516,66.63145161290322,114.5443762632681,88.83724870798689,25.707127555281218,0.5610047846889952,0.18784115803105675,0.4049043062200957,0.3386923901393355
307,2007,143,1326,85,1397,84,N,0,1326,1397,1,1,5,-4,0.9090909090909091,13.484848484848484,65.58560606060605,112.27518972427895,91.71450683238425,20.5606828918947,0.5386289445048966,0.17927067330461,0.3520130576713819,0.34421641791044777,0.6875,5.21875,74.64765625,106.70964635945955,99.71846905776094,6.991177301698613,0.5145,0.19550178442474542,0.3755,0.3463375796178344
308,2007,143,1417,64,1338,55,N,0,1338,1417,0,3,2,1,0.7941176470588235,8.705882352941176,63.94117647058823,111.26954921803127,97.65409383624655,13.615455381784727,0.5262312633832976,0.18307267709291627,0.3640256959314775,0.37454873646209386,0.8333333333333334,11.4,65.33250000000001,110.15446625594713,92.70526409775634,17.449202158190786,0.5416417016177352,0.1867370757280067,0.3241461953265428,0.34691745036572624
309,2007,144,1196,65,1139,57,N,0,1139,1196,0,5,1,4,0.8064516129032258,11.35483870967742,60.0,113.81720430107526,94.89247311827957,18.924731182795696,0.526468689477082,0.15376344086021507,0.4131697869593286,0.295864262990456,0.8529411764705882,17.764705882352942,67.60955882352941,117.32590892777519,91.05047363212216,26.275435295653025,0.5930548019533369,0.20707131127037814,0.40748779164405863,0.3692458374142997
310,2007,144,1207,66,1435,65,N,0,1207,1435,1,2,6,-4,0.8125,11.59375,60.103125,113.91878542089118,94.62902303332814,19.289762387563044,0.5713824289405685,0.22877346227837572,0.3798449612403101,0.40046565774155995,0.6333333333333333,4.266666666666667,69.41083333333333,109.10880866339309,102.96183352742729,6.146975135965803,0.5332759609868044,0.17960692975400094,0.3253012048192771,0.29571984435797666
311,2007,144,1314,74,1425,64,N,0,1314,1425,1,1,5,-4,0.8235294117647058,18.147058823529413,74.73235294117647,115.43154000550986,91.14880554134362,24.28273446416624,0.5504241281809613,0.18654807351725766,0.3977379830348728,0.38941076003415886,0.6764705882352942,6.382352941176471,68.73014705882352,103.90166144234165,94.61555743369743,9.286104008644216,0.5302530253025303,0.21396553015309236,0.3888888888888889,0.2984934086629002
312,2007,144,1332,76,1424,72,N,0,1332,1424,1,3,7,-4,0.7878787878787878,10.454545454545455,67.80984848484849,112.65906221720721,97.24161816130221,15.417444055904994,0.5316883116883117,0.18590309354366602,0.3277922077922078,0.3591800356506239,0.8181818181818182,8.121212121212121,68.07878787878788,110.21098548918366,98.28184812605716,11.9291373631265,0.5135480572597138,0.16780913380218998,0.33537832310838445,0.34163090128755363
313,2007,145,1326,92,1272,76,N,0,1272,1326,0,2,1,1,0.9090909090909091,17.242424242424242,71.91590909090908,110.6511182041315,86.67530470140842,23.975813502723085,0.524390243902439,0.18877266167346124,0.4235938277750124,0.3961038961038961,0.9090909090909091,13.484848484848484,65.58560606060605,112.27518972427895,91.71450683238425,20.5606828918947,0.5386289445048966,0.17927067330461,0.3520130576713819,0.34421641791044777
314,2007,145,1417,68,1242,55,N,0,1242,1417,0,1,2,-1,0.8823529411764706,17.41176470588235,70.46176470588236,111.32445631756896,86.61351588262302,24.71094043494594,0.5404265873015873,0.19868931836206535,0.3630952380952381,0.3817712811693895,0.8333333333333334,11.4,65.33250000000001,110.15446625594713,92.70526409775634,17.449202158190786,0.5416417016177352,0.1867370757280067,0.3241461953265428,0.34691745036572624
315,2007,146,1196,85,1332,77,N,0,1196,1332,1,1,3,-2,0.8529411764705882,17.764705882352942,67.60955882352941,117.32590892777519,91.05047363212216,26.275435295653025,0.5930548019533369,0.20707131127037814,0.40748779164405863,0.3692458374142997,0.7878787878787878,10.454545454545455,67.80984848484849,112.65906221720721,97.24161816130221,15.417444055904994,0.5316883116883117,0.18590309354366602,0.3277922077922078,0.3591800356506239
316,2007,146,1207,96,1314,84,N,1,1207,1314,1,2,1,1,0.8125,11.59375,60.103125,113.91878542089118,94.62902303332814,19.289762387563044,0.5713824289405685,0.22877346227837572,0.3798449612403101,0.40046565774155995,0.8235294117647058,18.147058823529413,74.73235294117647,115.43154000550986,91.14880554134362,24.28273446416624,0.5504241281809613,0.18654807351725766,0.3977379830348728,0.38941076003415886
317,2007,152,1196,76,1417,66,N,0,1196,1417,1,1,2,-1,0.8529411764705882,17.764705882352942,67.60955882352941,117.32590892777519,91.05047363212216,26.275435295653025,0.5930548019533369,0.20707131127037814,0.40748779164405863,0.3692458374142997,0.8333333333333334,11.4,65.33250000000001,110.15446625594713,92.70526409775634,17.449202158190786,0.5416417016177352,0.1867370757280067,0.3241461953265428,0.34691745036572624
318,2007,152,1326,67,1207,60,N,0,1207,1326,0,2,1,1,0.8125,11.59375,60.103125,113.91878542089118,94.62902303332814,19.289762387563044,0.5713824289405685,0.22877346227837572,0.3798449612403101,0.40046565774155995,0.9090909090909091,13.484848484848484,65.58560606060605,112.27518972427895,91.71450683238425,20.5606828918947,0.5386289445048966,0.17927067330461,0.3520130576713819,0.34421641791044777
319,2007,154,1196,84,1326,75,N,0,1196,1326,1,1,1,0,0.8529411764705882,17.764705882352942,67.60955882352941,117.32590892777519,91.05047363212216,26.275435295653025,0.5930548019533369,0.20707131127037814,0.40748779164405863,0.3692458374142997,0.9090909090909091,13.484848484848484,65.58560606060605,112.27518972427895,91.71450683238425,20.5606828918947,0.5386289445048966,0.17927067330461,0.3520130576713819,0.34421641791044777
320,2008,134,1291,69,1164,60,N,0,1164,1291,0,16,16,0,0.4117647058823529,-6.970588235294118,64.95735294117648,91.05521722397047,101.7862398406194,-10.731022616648929,0.43327702702702703,0.22503452491453668,0.3704954954954955,0.32030586236193714,0.5625,2.5625,68.50625,100.81196971079282,97.07143508803942,3.740534622753401,0.5017281105990783,0.20983486908128823,0.3870967741935484,0.29962894248608535
321,2008,136,1181,71,1125,70,N,0,1125,1181,0,15,2,13,0.75,5.03125,73.06015625,108.557802324711,101.67135387148859,6.886448453222414,0.5325975359342916,0.20402707529112352,0.34034907597535935,0.3378151260504202,0.84375,14.8125,74.51640625,112.89460165022383,93.0164288485128,19.87817280171103,0.5404653515427416,0.1824262693827911,0.404147698533131,0.3434599156118143
322,2008,136,1242,85,1340,61,N,0,1242,1340,1,1,16,-15,0.9090909090909091,19.515151515151516,69.36212121212121,117.04056445094913,88.905393302606,28.135171148343133,0.5628245067497404,0.18611153585705237,0.37487019730010385,0.37979420018709076,0.7,5.766666666666667,67.93583333333333,109.07351299633233,100.58511095028396,8.488402046048364,0.5515243902439024,0.21588999423475583,0.37621951219512195,0.33975659229208927
323,2008,136,1243,80,1425,67,N,0,1243,1425,1,11,6,5,0.6333333333333333,9.8,73.02916666666667,107.85645004849661,94.43715410509499,13.419295943401622,0.49655355249204663,0.20767958007645348,0.3738069989395546,0.42137271937445697,0.65625,5.875,66.7546875,103.4571542260609,94.6562741380521,8.800880088008796,0.5349397590361445,0.22049013411979496,0.3819277108433735,0.31223628691983124
324,2008,136,1266,74,1246,66,N,0,1246,1266,0,11,6,5,0.6,3.2666666666666666,66.7275,102.8061893522161,97.91065652592009,4.895532826296005,0.5263504611330698,0.23878211132341737,0.41304347826086957,0.3295711060948081,0.71875,11.59375,69.70390625,108.89812936416314,92.26527387050133,16.632855493661808,0.5068457082675092,0.19008977707042063,0.37862032648762506,0.3793706293706294
325,2008,136,1277,72,1396,61,N,0,1277,1396,1,5,12,-7,0.7575757575757576,9.303030303030303,65.03257575757576,109.64202089861725,95.33683585149635,14.3051850471209,0.5251242407509663,0.2101510897801801,0.3406957482054114,0.39824732229795523,0.6363636363636364,4.03030303030303,66.64696969696969,108.94127810489464,102.89403687453111,6.047241230363525,0.544839255499154,0.19142019232955193,0.3530738860688099,0.2857142857142857
326,2008,136,1323,68,1206,50,N,0,1206,1323,0,12,5,7,0.696969696969697,7.575757575757576,64.12651515151515,108.97019386392901,97.15642609897574,11.813767764953269,0.5281812899477049,0.18665753068626176,0.40267286461359675,0.32254901960784316,0.7741935483870968,10.096774193548388,71.27258064516128,113.1050713978592,98.93864989024419,14.166421507615013,0.5280839895013123,0.1823983344271199,0.34750656167979005,0.36581045172719223
327,2008,136,1338,82,1331,63,N,0,1331,1338,0,13,4,9,0.7419354838709677,7.387096774193548,65.86290322580645,104.56716052406024,93.35129178400882,11.21586874005142,0.5014970059880239,0.19346149136769927,0.41317365269461076,0.3349236641221374,0.7428571428571429,8.942857142857143,66.64571428571428,111.24924976421161,97.83074680613908,13.418502958072537,0.5113856589147286,0.18305753236731545,0.35658914728682173,0.40221694378463974
328,2008,136,1345,90,1124,79,N,0,1124,1345,0,11,6,5,0.6666666666666666,6.266666666666667,73.04333333333334,110.52799707935928,101.94861497741066,8.579382101948624,0.5213744588744589,0.17250034226258384,0.36147186147186144,0.3179765130984643,0.75,7.53125,66.7,103.02661169415292,91.73538230884557,11.291229385307346,0.4898074745186863,0.19349700149925037,0.37599093997734995,0.3281677301731996
329,2008,136,1390,77,1165,53,N,0,1165,1390,0,14,3,11,0.8076923076923077,7.615384615384615,69.35288461538461,110.47180667433832,99.49117528803362,10.980631386304708,0.561501042390549,0.20075699807284375,0.3425990271021543,0.2885572139303483,0.7878787878787878,10.06060606060606,65.09166666666667,108.56484445013442,93.10878597781682,15.456058472317594,0.4975369458128079,0.18854529160507907,0.40448823207443896,0.39224526600541026
330,2008,136,1401,67,1140,62,N,0,1140,1401,0,8,9,-1,0.7941176470588235,10.941176470588236,70.18897058823529,105.51347727248917,89.92530668259006,15.588170589899107,0.5331592689295039,0.20323286925002879,0.37754569190600523,0.30617495711835335,0.696969696969697,9.181818181818182,66.25378787878788,107.34663541249786,93.48807958378595,13.858555828711914,0.5186941964285714,0.19072665942484707,0.42689732142857145,0.35122838944494994
331,2008,136,1417,70,1290,29,N,0,1290,1417,0,16,1,15,0.5,-4.6,65.53916666666666,93.12497615929406,100.14367998779356,-7.018703828499497,0.44331210191082804,0.2192073442089336,0.4159235668789809,0.32455315145813735,0.9090909090909091,14.393939393939394,65.60530303030303,112.84194967609326,90.90174251434775,21.94020716174552,0.5230727470141151,0.18753103384565642,0.3805646036916395,0.391713747645951
332,2008,136,1424,71,1245,58,N,0,1245,1424,0,9,8,1,0.8235294117647058,7.647058823529412,65.28676470588235,106.04797837594323,94.33494762923753,11.713030746705698,0.5237142857142857,0.2234485865525397,0.41714285714285715,0.3589990375360924,0.78125,7.3125,65.92734375,105.03987581025513,93.94811997108559,11.091755839169537,0.4862938596491228,0.16116226432981381,0.32510964912280704,0.29473684210526313
333,2008,136,1450,71,1457,40,N,0,1450,1457,1,4,13,-9,0.75,10.0,60.37578125,111.07516724680063,94.512234572534,16.562932674266634,0.5437017994858612,0.17132283484944552,0.39781491002570696,0.28103837471783294,0.6451612903225806,6.290322580645161,64.09516129032258,101.613024988047,91.79898839930547,9.81403658874153,0.4996987951807229,0.20030700319585293,0.36265060240963853,0.3380681818181818
334,2008,136,1452,75,1112,65,N,0,1112,1452,0,10,7,3,0.5625,4.78125,65.77421875,108.80022805287976,101.53104251048211,7.269185542397651,0.5390859891761877,0.1857680749723842,0.40228502705953095,0.279874213836478,0.696969696969697,11.424242424242424,67.35530303030303,110.89990889561237,93.93874635863637,16.961162536976005,0.5164147993746743,0.1624132540012822,0.3705054715997916,0.34051724137931033
335,2008,136,1458,71,1168,56,N,0,1168,1458,0,14,3,11,0.7419354838709677,9.580645161290322,73.55483870967741,112.13928602754146,99.11411279712307,13.025173230418389,0.5451962809917356,0.18244013683010263,0.32644628099173556,0.3309608540925267,0.8787878787878788,13.575757575757576,62.3810606060606,107.93874403410126,86.17611697412046,21.7626270599808,0.5061011040092969,0.1938233972529541,0.3933759442184776,0.3616619452313503
336,2008,136,1462,73,1208,61,N,0,1208,1462,0,14,3,11,0.5,0.90625,67.8703125,100.00690655432005,98.67163938577711,1.3352671685429414,0.47674418604651164,0.21732624260423142,0.32774472687939427,0.37510729613733906,0.8181818181818182,13.0,65.85378787878788,114.3948370471775,94.65413507885927,19.740701968318234,0.55031267765776,0.20154842569052192,0.4167140420693576,0.3654223968565815
337,2008,137,1116,86,1231,72,N,0,1116,1231,1,9,8,1,0.6666666666666666,6.606060606060606,70.13484848484848,104.99254682537969,95.57346237767072,9.419084447708968,0.5168954593453009,0.22035472790511787,0.3706441393875396,0.3756660746003552,0.78125,10.4375,67.884375,110.66611425677851,95.29070570363209,15.375408553146428,0.5237142857142857,0.20208995074345162,0.42742857142857144,0.36081474296799226
338,2008,137,1139,81,1375,61,N,0,1139,1375,1,7,10,-3,0.90625,10.59375,60.5984375,112.78137328210813,95.29948688858521,17.481886393522927,0.541486068111455,0.16914627542995642,0.36780185758513934,0.29698857736240913,0.8064516129032258,9.935483870967742,67.45887096774193,112.08741288001052,97.35920333775658,14.728209542253936,0.5380695443645084,0.20609929586725484,0.46223021582733814,0.37362637362637363
339,2008,137,1172,82,1211,76,N,0,1172,1211,1,10,7,3,0.8064516129032258,14.193548387096774,69.0491935483871,111.98187360577428,91.4261688137256,20.555704792048687,0.5438130642591609,0.17659219116805455,0.2543813064259161,0.3255378858746492,0.78125,13.25,69.346875,110.31499256455321,91.20814744716327,19.106845117389938,0.5426008968609866,0.20458744536073184,0.4013452914798206,0.3455245428296439
340,2008,137,1207,66,1420,47,N,0,1207,1420,1,2,15,-13,0.84375,11.75,63.2796875,110.17555989036767,91.60720017778216,18.568359712585504,0.562046004842615,0.20889404676658682,0.34019370460048426,0.33089770354906056,0.7419354838709677,5.354838709677419,66.21774193548387,113.06783582998416,104.98112288393618,8.086712946047982,0.5170987313844456,0.1461454146876142,0.33645890788747934,0.32679738562091504
341,2008,137,1257,79,1129,61,N,0,1129,1257,0,14,3,11,0.75,5.125,74.171875,109.50073730777333,102.59111017484727,6.909627132926062,0.5729053318824809,0.21150200126395619,0.40261153427638735,0.3043062200956938,0.75,10.59375,67.56640625,106.46932994160836,90.79031045846101,15.679019483147357,0.5202777777777777,0.19610337052668092,0.3638888888888889,0.3327386262265834
342,2008,137,1272,87,1426,63,N,0,1272,1426,1,1,16,-15,0.9705882352941176,19.058823529411764,71.18308823529412,111.93174188350257,85.15737173196707,26.774370151535493,0.53,0.1714716606927042,0.3861904761904762,0.3779527559055118,0.6071428571428571,2.5357142857142856,72.09553571428572,100.56101155460884,97.04385302240331,3.517158532205528,0.5252459016393443,0.24124735284283008,0.41508196721311474,0.3174946004319654
343,2008,137,1274,78,1388,64,N,0,1274,1388,1,7,10,-3,0.6774193548387096,5.774193548387097,69.01290322580645,106.94587267458165,98.57904085257549,8.366831822006162,0.4924538848518726,0.1911750958212583,0.39351593068753493,0.35373537353735374,0.8,12.433333333333334,69.26666666666667,109.48026948989413,91.53031761308951,17.94995187680462,0.5274725274725275,0.1944177093358999,0.3932909196067091,0.35795454545454547
344,2008,137,1280,76,1332,69,N,0,1280,1332,1,8,9,-1,0.6875,8.03125,69.94296875,104.50478626559584,93.02221676142392,11.48256950417192,0.52263942573164,0.21848157539066426,0.3826615129762562,0.35193519351935193,0.5806451612903226,4.387096774193548,67.82499999999999,113.24209600133172,106.77383684291881,6.468259158412906,0.5632250580046404,0.18643805809543063,0.3694895591647332,0.3231083844580777
345,2008,137,1314,113,1291,74,N,0,1291,1314,0,16,1,15,0.5625,2.5625,68.50625,100.81196971079282,97.07143508803942,3.740534622753401,0.5017281105990783,0.20983486908128823,0.3870967741935484,0.29962894248608535,0.9411764705882353,15.970588235294118,77.26617647058823,114.80558040387506,94.13600806988828,20.66957233398678,0.5242761692650334,0.18994689861251213,0.3910913140311804,0.4238095238095238
346,2008,137,1328,72,1386,64,N,0,1328,1386,1,6,11,-5,0.6666666666666666,5.03030303030303,65.64924242424243,104.22700993572359,96.56461682264559,7.6623931130779965,0.5005583472920156,0.1966373172392305,0.3813512004466778,0.3354203935599284,0.6363636363636364,6.0606060606060606,65.93863636363636,111.21451303438688,102.02323096542929,9.191282068957591,0.5456881781838949,0.19301692344810947,0.4003426613363792,0.32475247524752476
347,2008,137,1360,70,1163,69,N,1,1163,1360,0,4,13,-9,0.75,9.09375,70.13671875,110.81035923141187,97.84461152882206,12.965747702589809,0.5079582875960483,0.19381787802840433,0.4857299670691548,0.3929219600725953,0.6060606060606061,2.0,66.22121212121212,98.15585960737657,95.13567931176499,3.0201802956115813,0.4914383561643836,0.2242255067954057,0.3584474885844749,0.3256880733944954
348,2008,137,1373,83,1435,62,N,0,1373,1435,1,13,4,9,0.6875,5.75,70.7125,108.62648046667844,100.49496199398973,8.131518472688711,0.5081799591002045,0.1568852748806788,0.35173824130879344,0.318606627017842,0.7878787878787878,6.212121212121212,73.47500000000001,109.66418179756049,101.2094404404714,8.454741357089091,0.5442088934850051,0.1971398228628579,0.3893485005170631,0.30776092774308655
349,2008,137,1397,72,1110,57,N,0,1110,1397,0,15,2,13,0.65625,3.3125,61.48203125,105.87442977495965,100.48667674752532,5.387753027434329,0.5248528449967299,0.22160946414729915,0.42053629823413996,0.3230277185501066,0.875,11.53125,73.14921875,112.65499674253185,96.89098695944719,15.76400978308466,0.5280373831775701,0.17643729106812914,0.3684210526315789,0.36998394863563405
350,2008,137,1400,74,1122,54,N,0,1122,1400,0,15,2,13,0.7058823529411765,3.911764705882353,68.86029411764706,108.31820608649225,102.63747997864388,5.680726107848372,0.5228740581270183,0.18494394020288307,0.44671689989235736,0.2991304347826087,0.8181818181818182,9.93939393939394,65.55833333333334,114.17081710713336,99.00967216335208,15.16114494378128,0.5136847440446022,0.14098015877601489,0.3258996452103396,0.36113499570077384
351,2008,137,1437,75,1155,69,N,0,1155,1437,0,5,12,-7,0.71875,9.6875,72.7609375,108.832434986149,95.51828548113471,13.314149505014285,0.5203883495145631,0.2027186634311852,0.30388349514563107,0.40240963855421685,0.625,3.53125,69.25625,105.18003790271636,100.08122010648859,5.098817796227777,0.48975188781014023,0.2053063802905875,0.38403451995685006,0.3686911890504705
352,2008,137,1443,101,1179,99,N,1,1179,1443,0,5,12,-7,0.8666666666666667,11.233333333333333,63.37916666666667,114.02274669646965,96.2987311813819,17.724015515087757,0.5276595744680851,0.18039576622181316,0.3434650455927052,0.36560247167868176,0.8064516129032258,11.483870967741936,69.23629032258064,110.65425785936426,94.0677669970764,16.58649086228786,0.5363534675615212,0.20174018380254624,0.36185682326621926,0.3701550387596899
353,2008,138,1242,75,1424,56,N,0,1242,1424,1,1,8,-7,0.9090909090909091,19.515151515151516,69.36212121212121,117.04056445094913,88.905393302606,28.135171148343133,0.5628245067497404,0.18611153585705237,0.37487019730010385,0.37979420018709076,0.78125,7.3125,65.92734375,105.03987581025513,93.94811997108559,11.091755839169537,0.4862938596491228,0.16116226432981381,0.32510964912280704,0.29473684210526313
354,2008,138,1277,65,1338,54,N,0,1277,1338,1,5,4,1,0.7575757575757576,9.303030303030303,65.03257575757576,109.64202089861725,95.33683585149635,14.3051850471209,0.5251242407509663,0.2101510897801801,0.3406957482054114,0.39824732229795523,0.7428571428571429,8.942857142857143,66.64571428571428,111.24924976421161,97.83074680613908,13.418502958072537,0.5113856589147286,0.18305753236731545,0.35658914728682173,0.40221694378463974
355,2008,138,1390,82,1266,81,N,1,1266,1390,0,6,3,3,0.71875,11.59375,69.70390625,108.89812936416314,92.26527387050133,16.632855493661808,0.5068457082675092,0.19008977707042063,0.37862032648762506,0.3793706293706294,0.7878787878787878,10.06060606060606,65.09166666666667,108.56484445013442,93.10878597781682,15.456058472317594,0.4975369458128079,0.18854529160507907,0.40448823207443896,0.39224526600541026
356,2008,138,1417,51,1401,49,N,0,1401,1417,0,9,1,8,0.696969696969697,9.181818181818182,66.25378787878788,107.34663541249786,93.48807958378595,13.858555828711914,0.5186941964285714,0.19072665942484707,0.42689732142857145,0.35122838944494994,0.9090909090909091,14.393939393939394,65.60530303030303,112.84194967609326,90.90174251434775,21.94020716174552,0.5230727470141151,0.18753103384565642,0.3805646036916395,0.391713747645951
357,2008,138,1450,61,1323,41,N,0,1323,1450,0,5,4,1,0.7741935483870968,10.096774193548388,71.27258064516128,113.1050713978592,98.93864989024419,14.166421507615013,0.5280839895013123,0.1823983344271199,0.34750656167979005,0.36581045172719223,0.75,10.0,60.37578125,111.07516724680063,94.512234572534,16.562932674266634,0.5437017994858612,0.17132283484944552,0.39781491002570696,0.28103837471783294
358,2008,138,1452,73,1181,67,N,0,1181,1452,0,2,7,-5,0.84375,14.8125,74.51640625,112.89460165022383,93.0164288485128,19.87817280171103,0.5404653515427416,0.1824262693827911,0.404147698533131,0.3434599156118143,0.696969696969697,11.424242424242424,67.35530303030303,110.89990889561237,93.93874635863637,16.961162536976005,0.5164147993746743,0.1624132540012822,0.3705054715997916,0.34051724137931033
359,2008,138,1458,72,1243,55,N,0,1243,1458,0,11,3,8,0.6333333333333333,9.8,73.02916666666667,107.85645004849661,94.43715410509499,13.419295943401622,0.49655355249204663,0.20767958007645348,0.3738069989395546,0.42137271937445697,0.8787878787878788,13.575757575757576,62.3810606060606,107.93874403410126,86.17611697412046,21.7626270599808,0.5061011040092969,0.1938233972529541,0.3933759442184776,0.3616619452313503
360,2008,138,1462,85,1345,78,N,0,1345,1462,0,6,3,3,0.75,7.53125,66.7,103.02661169415292,91.73538230884557,11.291229385307346,0.4898074745186863,0.19349700149925037,0.37599093997734995,0.3281677301731996,0.8181818181818182,13.0,65.85378787878788,114.3948370471775,94.65413507885927,19.740701968318234,0.55031267765776,0.20154842569052192,0.4167140420693576,0.3654223968565815
361,2008,139,1172,74,1207,70,N,0,1172,1207,1,10,2,8,0.8064516129032258,14.193548387096774,69.0491935483871,111.98187360577428,91.4261688137256,20.555704792048687,0.5438130642591609,0.17659219116805455,0.2543813064259161,0.3255378858746492,0.84375,11.75,63.2796875,110.17555989036767,91.60720017778216,18.568359712585504,0.562046004842615,0.20889404676658682,0.34019370460048426,0.33089770354906056
362,2008,139,1257,78,1328,48,N,0,1257,1328,1,3,6,-3,0.75,10.59375,67.56640625,106.46932994160836,90.79031045846101,15.679019483147357,0.5202777777777777,0.19610337052668092,0.3638888888888889,0.3327386262265834,0.6666666666666666,5.03030303030303,65.64924242424243,104.22700993572359,96.56461682264559,7.6623931130779965,0.5005583472920156,0.1966373172392305,0.3813512004466778,0.3354203935599284
363,2008,139,1272,77,1280,74,N,0,1272,1280,1,1,8,-7,0.9705882352941176,19.058823529411764,71.18308823529412,111.93174188350257,85.15737173196707,26.774370151535493,0.53,0.1714716606927042,0.3861904761904762,0.3779527559055118,0.6875,8.03125,69.94296875,104.50478626559584,93.02221676142392,11.48256950417192,0.52263942573164,0.21848157539066426,0.3826615129762562,0.35193519351935193
364,2008,139,1314,108,1116,77,N,0,1116,1314,0,9,1,8,0.6666666666666666,6.606060606060606,70.13484848484848,104.99254682537969,95.57346237767072,9.419084447708968,0.5168954593453009,0.22035472790511787,0.3706441393875396,0.3756660746003552,0.9411764705882353,15.970588235294118,77.26617647058823,114.80558040387506,94.13600806988828,20.66957233398678,0.5242761692650334,0.18994689861251213,0.3910913140311804,0.4238095238095238
365,2008,139,1397,76,1139,71,N,1,1139,1397,0,7,2,5,0.90625,10.59375,60.5984375,112.78137328210813,95.29948688858521,17.481886393522927,0.541486068111455,0.16914627542995642,0.36780185758513934,0.29698857736240913,0.875,11.53125,73.14921875,112.65499674253185,96.89098695944719,15.76400978308466,0.5280373831775701,0.17643729106812914,0.3684210526315789,0.36998394863563405
366,2008,139,1400,75,1274,72,N,0,1274,1400,0,7,2,5,0.6774193548387096,5.774193548387097,69.01290322580645,106.94587267458165,98.57904085257549,8.366831822006162,0.4924538848518726,0.1911750958212583,0.39351593068753493,0.35373537353735374,0.8181818181818182,9.93939393939394,65.55833333333334,114.17081710713336,99.00967216335208,15.16114494378128,0.5136847440446022,0.14098015877601489,0.3258996452103396,0.36113499570077384
367,2008,139,1437,84,1373,72,N,0,1373,1437,0,13,12,1,0.6875,5.75,70.7125,108.62648046667844,100.49496199398973,8.131518472688711,0.5081799591002045,0.1568852748806788,0.35173824130879344,0.318606627017842,0.625,3.53125,69.25625,105.18003790271636,100.08122010648859,5.098817796227777,0.48975188781014023,0.2053063802905875,0.38403451995685006,0.3686911890504705
368,2008,139,1443,72,1360,63,N,0,1360,1443,0,13,12,1,0.6060606060606061,2.0,66.22121212121212,98.15585960737657,95.13567931176499,3.0201802956115813,0.4914383561643836,0.2242255067954057,0.3584474885844749,0.3256880733944954,0.8064516129032258,11.483870967741936,69.23629032258064,110.65425785936426,94.0677669970764,16.58649086228786,0.5363534675615212,0.20174018380254624,0.36185682326621926,0.3701550387596899
369,2008,143,1257,79,1397,60,N,0,1257,1397,1,3,2,1,0.75,10.59375,67.56640625,106.46932994160836,90.79031045846101,15.679019483147357,0.5202777777777777,0.19610337052668092,0.3638888888888889,0.3327386262265834,0.875,11.53125,73.14921875,112.65499674253185,96.89098695944719,15.76400978308466,0.5280373831775701,0.17643729106812914,0.3684210526315789,0.36998394863563405
370,2008,143,1314,68,1450,47,N,0,1314,1450,1,1,4,-3,0.9411764705882353,15.970588235294118,77.26617647058823,114.80558040387506,94.13600806988828,20.66957233398678,0.5242761692650334,0.18994689861251213,0.3910913140311804,0.4238095238095238,0.75,10.0,60.37578125,111.07516724680063,94.512234572534,16.562932674266634,0.5437017994858612,0.17132283484944552,0.39781491002570696,0.28103837471783294
371,2008,143,1417,88,1443,78,N,0,1417,1443,1,1,12,-11,0.9090909090909091,14.393939393939394,65.60530303030303,112.84194967609326,90.90174251434775,21.94020716174552,0.5230727470141151,0.18753103384565642,0.3805646036916395,0.391713747645951,0.8064516129032258,11.483870967741936,69.23629032258064,110.65425785936426,94.0677669970764,16.58649086228786,0.5363534675615212,0.20174018380254624,0.36185682326621926,0.3701550387596899
372,2008,143,1462,79,1452,75,N,1,1452,1462,0,7,3,4,0.696969696969697,11.424242424242424,67.35530303030303,110.89990889561237,93.93874635863637,16.961162536976005,0.5164147993746743,0.1624132540012822,0.3705054715997916,0.34051724137931033,0.8181818181818182,13.0,65.85378787878788,114.3948370471775,94.65413507885927,19.740701968318234,0.55031267765776,0.20154842569052192,0.4167140420693576,0.3654223968565815
373,2008,144,1172,73,1458,56,N,0,1172,1458,1,10,3,7,0.8064516129032258,14.193548387096774,69.0491935483871,111.98187360577428,91.4261688137256,20.555704792048687,0.5438130642591609,0.17659219116805455,0.2543813064259161,0.3255378858746492,0.8787878787878788,13.575757575757576,62.3810606060606,107.93874403410126,86.17611697412046,21.7626270599808,0.5061011040092969,0.1938233972529541,0.3933759442184776,0.3616619452313503
374,2008,144,1242,72,1437,57,N,0,1242,1437,1,1,12,-11,0.9090909090909091,19.515151515151516,69.36212121212121,117.04056445094913,88.905393302606,28.135171148343133,0.5628245067497404,0.18611153585705237,0.37487019730010385,0.37979420018709076,0.625,3.53125,69.25625,105.18003790271636,100.08122010648859,5.098817796227777,0.48975188781014023,0.2053063802905875,0.38403451995685006,0.3686911890504705
375,2008,144,1272,92,1277,74,N,0,1272,1277,1,1,5,-4,0.9705882352941176,19.058823529411764,71.18308823529412,111.93174188350257,85.15737173196707,26.774370151535493,0.53,0.1714716606927042,0.3861904761904762,0.3779527559055118,0.7575757575757576,9.303030303030303,65.03257575757576,109.64202089861725,95.33683585149635,14.3051850471209,0.5251242407509663,0.2101510897801801,0.3406957482054114,0.39824732229795523
376,2008,144,1400,82,1390,62,N,0,1390,1400,0,3,2,1,0.7878787878787878,10.06060606060606,65.09166666666667,108.56484445013442,93.10878597781682,15.456058472317594,0.4975369458128079,0.18854529160507907,0.40448823207443896,0.39224526600541026,0.8181818181818182,9.93939393939394,65.55833333333334,114.17081710713336,99.00967216335208,15.16114494378128,0.5136847440446022,0.14098015877601489,0.3258996452103396,0.36113499570077384
377,2008,145,1314,83,1257,73,N,0,1257,1314,0,3,1,2,0.75,10.59375,67.56640625,106.46932994160836,90.79031045846101,15.679019483147357,0.5202777777777777,0.19610337052668092,0.3638888888888889,0.3327386262265834,0.9411764705882353,15.970588235294118,77.26617647058823,114.80558040387506,94.13600806988828,20.66957233398678,0.5242761692650334,0.18994689861251213,0.3910913140311804,0.4238095238095238
378,2008,145,1417,76,1462,57,N,0,1417,1462,1,1,3,-2,0.9090909090909091,14.393939393939394,65.60530303030303,112.84194967609326,90.90174251434775,21.94020716174552,0.5230727470141151,0.18753103384565642,0.3805646036916395,0.391713747645951,0.8181818181818182,13.0,65.85378787878788,114.3948370471775,94.65413507885927,19.740701968318234,0.55031267765776,0.20154842569052192,0.4167140420693576,0.3654223968565815
379,2008,146,1242,59,1172,57,N,0,1172,1242,0,10,1,9,0.8064516129032258,14.193548387096774,69.0491935483871,111.98187360577428,91.4261688137256,20.555704792048687,0.5438130642591609,0.17659219116805455,0.2543813064259161,0.3255378858746492,0.9090909090909091,19.515151515151516,69.36212121212121,117.04056445094913,88.905393302606,28.135171148343133,0.5628245067497404,0.18611153585705237,0.37487019730010385,0.37979420018709076
380,2008,146,1272,85,1400,67,N,0,1272,1400,1,1,2,-1,0.9705882352941176,19.058823529411764,71.18308823529412,111.93174188350257,85.15737173196707,26.774370151535493,0.53,0.1714716606927042,0.3861904761904762,0.3779527559055118,0.8181818181818182,9.93939393939394,65.55833333333334,114.17081710713336,99.00967216335208,15.16114494378128,0.5136847440446022,0.14098015877601489,0.3258996452103396,0.36113499570077384
381,2008,152,1242,84,1314,66,N,0,1242,1314,1,1,1,0,0.9090909090909091,19.515151515151516,69.36212121212121,117.04056445094913,88.905393302606,28.135171148343133,0.5628245067497404,0.18611153585705237,0.37487019730010385,0.37979420018709076,0.9411764705882353,15.970588235294118,77.26617647058823,114.80558040387506,94.13600806988828,20.66957233398678,0.5242761692650334,0.18994689861251213,0.3910913140311804,0.4238095238095238
382,2008,152,1272,78,1417,63,N,0,1272,1417,1,1,1,0,0.9705882352941176,19.058823529411764,71.18308823529412,111.93174188350257,85.15737173196707,26.774370151535493,0.53,0.1714716606927042,0.3861904761904762,0.3779527559055118,0.9090909090909091,14.393939393939394,65.60530303030303,112.84194967609326,90.90174251434775,21.94020716174552,0.5230727470141151,0.18753103384565642,0.3805646036916395,0.391713747645951
383,2008,154,1242,75,1272,68,N,1,1242,1272,1,1,1,0,0.9090909090909091,19.515151515151516,69.36212121212121,117.04056445094913,88.905393302606,28.135171148343133,0.5628245067497404,0.18611153585705237,0.37487019730010385,0.37979420018709076,0.9705882352941176,19.058823529411764,71.18308823529412,111.93174188350257,85.15737173196707,26.774370151535493,0.53,0.1714716606927042,0.3861904761904762,0.3779527559055118
384,2009,134,1287,58,1106,43,N,0,1106,1287,0,16,16,0,0.6896551724137931,5.896551724137931,66.79224137931034,104.02818828327676,95.19998967462152,8.828198608655242,0.5169491525423728,0.20599130086862247,0.36472065285624605,0.3480546792849632,0.53125,0.65625,67.37265625,102.92565836010064,101.95159850180316,0.9740598582974798,0.4819380733944954,0.22867214768602803,0.42603211009174313,0.39454545454545453
385,2009,136,1163,103,1151,47,N,0,1151,1163,0,16,1,15,0.5,-1.46875,72.0203125,104.13728765756188,106.17664287418914,-2.039355216627257,0.5119378123264853,0.2139153450632417,0.47418101054969464,0.33674339300937767,0.8709677419354839,13.35483870967742,69.1975806451613,111.74173999184197,92.44216537497815,19.299574616863822,0.510797342192691,0.183206106870229,0.4512735326688815,0.39981867633726204
386,2009,136,1181,86,1127,62,N,0,1127,1181,0,15,2,13,0.7333333333333333,2.966666666666667,68.17416666666666,102.53150631348629,98.17990685621386,4.351599457272428,0.49033232628398793,0.194599616179149,0.4175226586102719,0.3190883190883191,0.8235294117647058,12.411764705882353,69.86176470588236,111.69115480149875,93.92497789752872,17.766176903970035,0.5094246031746031,0.1763987706815981,0.4107142857142857,0.3771856786011657
387,2009,136,1211,77,1103,64,N,0,1103,1211,0,13,4,9,0.6470588235294118,5.911764705882353,65.6389705882353,101.17734039812254,92.17085438394068,9.00648601418186,0.48184281842818427,0.20925517256830478,0.36368563685636857,0.34515570934256057,0.8333333333333334,17.233333333333334,69.1775,113.90986953850603,88.99810872995796,24.911760808548067,0.550997150997151,0.16527531832363607,0.34586894586894584,0.31445904954499493
388,2009,136,1261,75,1139,71,N,0,1139,1261,0,9,8,1,0.8333333333333334,8.8,62.595,107.03730329898555,92.97867241792476,14.058630881060793,0.5170797052913597,0.20076150917272415,0.43268586738111187,0.3225458468176915,0.7878787878787878,9.424242424242424,68.53560606060607,109.29952358318502,95.54865310002542,13.750870483159602,0.49645390070921985,0.17641792034664572,0.36119554204660587,0.3762541806020067
389,2009,136,1268,84,1143,71,N,0,1143,1268,0,7,10,-3,0.6875,6.6875,67.0828125,111.84869447744158,101.87967297882747,9.969021498614111,0.5413638904415875,0.17934921854983346,0.3432084963666853,0.3218970736629667,0.6060606060606061,3.0,69.66060606060607,102.57525665564641,98.26866191056203,4.306594745084382,0.4678675754625122,0.17922394292674437,0.2765335929892892,0.3501602564102564
390,2009,136,1272,81,1169,70,N,0,1169,1272,0,15,2,13,0.5517241379310345,3.586206896551724,72.26034482758621,102.07344133998234,97.11054377132494,4.962897568657397,0.516320474777448,0.24337286153992982,0.343026706231454,0.36847290640394087,0.9117647058823529,17.176470588235293,68.57867647058823,107.99103648664585,82.94466424351592,25.046372243129937,0.49273182957393485,0.1814146482678761,0.3974937343358396,0.382013201320132
391,2009,136,1276,62,1155,59,N,0,1155,1276,0,7,10,-3,0.7419354838709677,10.741935483870968,70.91370967741935,111.35751083211082,96.20961413803693,15.147896694073893,0.5333158447009444,0.20242684771360014,0.3184679958027282,0.3955156950672646,0.59375,3.53125,63.90546875,104.59785571950758,99.07211579603663,5.525739923470951,0.5034305317324185,0.17653027543124,0.2864493996569468,0.28370786516853935
392,2009,136,1314,101,1347,58,N,0,1314,1347,1,1,16,-15,0.8709677419354839,16.516129032258064,76.09354838709677,117.4700072067489,95.76497520030523,21.705032006443673,0.5268948655256723,0.1708423417694688,0.39315403422982886,0.4053356282271945,0.6206896551724138,2.2413793103448274,73.04568965517241,102.39222026837243,99.3237581579786,3.068462110393824,0.5069570477918935,0.22612205398132962,0.4398064125831821,0.35404339250493094
393,2009,136,1328,82,1288,54,N,0,1288,1328,0,15,2,13,0.6666666666666666,5.363636363636363,65.94772727272728,101.50371621233529,93.37055289428037,8.133163318054926,0.4698004201680672,0.19850432505083226,0.34086134453781514,0.38613861386138615,0.84375,11.375,69.79921875,113.45041021680491,97.1536662077611,16.296744009043806,0.5504201680672269,0.19654589615302823,0.4689075630252101,0.3660377358490566
394,2009,136,1345,61,1320,56,N,0,1320,1345,0,12,5,7,0.696969696969697,4.151515151515151,62.752272727272725,107.87970977750415,101.26398898989534,6.615720787608808,0.5195360195360196,0.1849504424565089,0.43162393162393164,0.28714859437751006,0.7352941176470589,10.235294117647058,66.37426470588235,104.48769788077857,89.0671216032082,15.420576277570376,0.5068783068783069,0.17547552315855944,0.33386243386243386,0.29375
395,2009,136,1400,76,1278,62,N,0,1278,1400,0,10,7,3,0.6774193548387096,4.709677419354839,64.54032258064517,102.51155816568787,95.21429463951019,7.297263526177687,0.49727437916414297,0.22441584405847806,0.3452453058752271,0.3627450980392157,0.6666666666666666,6.878787878787879,68.41439393939395,105.72823812107588,95.67364656117465,10.054591559901226,0.4810838445807771,0.1829315556933571,0.38496932515337423,0.39214046822742477
396,2009,136,1401,79,1140,66,N,0,1140,1401,0,8,9,-1,0.7741935483870968,12.451612903225806,68.49838709677418,112.69396500977184,94.51599990581366,18.177965103958186,0.5514496873223422,0.16670983540935744,0.3536100056850483,0.28672032193158953,0.71875,5.375,66.046875,108.5876508161817,100.4494913650343,8.138159451147388,0.5026223776223776,0.19446415897799857,0.47785547785547783,0.3687099725526075
397,2009,136,1417,65,1433,64,N,0,1417,1433,1,6,11,-5,0.7575757575757576,12.727272727272727,65.8280303030303,115.45233793285996,96.11821435558676,19.334123577273203,0.5600320170757738,0.18781720046493966,0.3025613660618997,0.3697560975609756,0.7272727272727273,8.636363636363637,67.01212121212122,107.44324862078321,94.55548521298725,12.887763407795958,0.5215965008201203,0.18947273220584243,0.363039912520503,0.3226397800183318
398,2009,136,1437,80,1110,67,N,0,1110,1437,0,14,3,11,0.7741935483870968,6.032258064516129,61.57338709677419,104.67446398868385,94.87760474649973,9.796859242184127,0.5373711340206185,0.21479744862542732,0.3279639175257732,0.31891891891891894,0.7878787878787878,9.545454545454545,69.55984848484849,110.04258377895643,96.31993378276827,13.722649996188153,0.5146510388918487,0.19211709994663415,0.4267448055407565,0.35537918871252205
399,2009,136,1443,76,1228,72,N,0,1228,1443,0,5,12,-7,0.7272727272727273,8.0,63.35454545454545,101.97541493279763,89.34806524130674,12.627349691490892,0.5102663706992231,0.19514994977758648,0.2286348501664817,0.30701754385964913,0.7419354838709677,5.161290322580645,66.1491935483871,108.99116123133192,101.18866199329473,7.802499238037186,0.5194508009153318,0.20237732398658945,0.3403890160183066,0.3754752851711027
400,2009,136,1449,71,1280,58,N,0,1280,1449,0,13,4,9,0.6470588235294118,5.0,71.14558823529411,104.05341160420845,97.0255689452035,7.027842659004946,0.5030927835051546,0.19801980198019803,0.4134020618556701,0.3115290269828291,0.7575757575757576,9.333333333333334,73.3719696969697,107.58794436815313,94.8673735944905,12.72057077366263,0.4942700548081714,0.20278572239832318,0.44294967613353264,0.41968040370058873
401,2009,137,1112,84,1428,71,N,0,1112,1428,1,12,5,7,0.59375,3.75,65.0625,110.95100864553314,105.18731988472622,5.7636887608069145,0.5317919075144508,0.1935638808837656,0.3699421965317919,0.3611393692777213,0.75,7.5,65.6859375,108.04253193463214,96.62456290587312,11.417969028759018,0.5487880671224363,0.2074264373557887,0.399005593536358,0.2701525054466231
402,2009,137,1113,66,1396,57,N,0,1113,1396,1,6,11,-5,0.7272727272727273,9.484848484848484,61.39469696969697,113.27599610073912,97.82702582643353,15.448970274305594,0.5634969325153374,0.187559383521921,0.37975460122699384,0.2989247311827957,0.6666666666666666,5.575757575757576,65.41666666666667,105.43138390272148,96.9079328314997,8.523451071221771,0.5131933225632741,0.1931673422119282,0.28540656973613354,0.3268032056990205
403,2009,137,1156,84,1448,69,N,0,1156,1448,1,13,4,9,0.6875,5.125,64.60703125,100.55987520708126,92.62730207867274,7.932573128408521,0.46912867859203694,0.1929936998923782,0.3710328909405655,0.334841628959276,0.8,11.066666666666666,75.56083333333332,107.68365445060824,93.03761869575288,14.646035754855362,0.5227904391328516,0.20910304059642895,0.43746525847693163,0.3615604186489058
404,2009,137,1173,68,1452,60,N,0,1173,1452,1,11,6,5,0.7878787878787878,6.0,66.36212121212121,101.73748259092675,92.69618027808855,9.041302312838198,0.4772481040086674,0.20776730062330193,0.39111592632719394,0.3799163179916318,0.6764705882352942,10.764705882352942,66.19338235294117,109.34983282050143,93.08732212878931,16.262510691712123,0.4861248761149653,0.18173133532541685,0.3553022794846383,0.40966719492868464
405,2009,137,1242,84,1295,74,N,0,1242,1295,1,3,14,-11,0.78125,11.3125,69.82265625,110.45841585266244,94.2566546943708,16.201761158291646,0.5359314538419016,0.20901167019122108,0.40187949143173024,0.3703349282296651,0.8,10.133333333333333,69.18666666666667,114.37656581229524,99.73019849682021,14.646367315475032,0.5434907834101382,0.16910772788591252,0.3778801843317972,0.3282520325203252
406,2009,137,1257,74,1287,54,N,0,1257,1287,1,1,16,-15,0.8484848484848485,12.333333333333334,69.59772727272727,106.23823052389817,88.51734535044466,17.72088517345351,0.5186129525752168,0.19636656543556585,0.3217746047934727,0.3472803347280335,0.53125,0.65625,67.37265625,102.92565836010064,101.95159850180316,0.9740598582974798,0.4819380733944954,0.22867214768602803,0.42603211009174313,0.39454545454545453
407,2009,137,1266,58,1429,57,N,0,1266,1429,1,6,11,-5,0.7272727272727273,9.393939393939394,70.10454545454544,112.4727139121226,99.0728133307398,13.399900581382795,0.5169624217118998,0.16728262983855283,0.4498956158663883,0.3466550825369244,0.8787878787878788,10.454545454545455,62.199999999999996,117.2171879567378,100.40923706518562,16.80795089155218,0.559218203033839,0.18318230536880056,0.38273045507584597,0.36354166666666665
408,2009,137,1277,77,1352,62,N,0,1277,1352,1,2,15,-13,0.8125,9.0,66.9171875,107.45557708921942,94.00611763607071,13.449459453148705,0.5011204481792717,0.20968080883554768,0.41792717086834735,0.40934065934065933,0.7058823529411765,5.705882352941177,67.50735294117646,104.78161420324584,96.32937588497985,8.452238318265984,0.5369855394883204,0.22829757107068946,0.37263626251390436,0.328884652049571
409,2009,137,1281,78,1165,59,N,0,1165,1281,0,14,3,11,0.6896551724137931,8.241379310344827,66.82241379310345,109.55440307557343,97.22114714761204,12.333255927961389,0.540161892901619,0.195577573083572,0.3275217932752179,0.32142857142857145,0.8235294117647058,14.647058823529411,72.50367647058823,111.88073627098018,91.67892094721363,20.201815323766553,0.5283018867924528,0.1703767557426094,0.36556603773584906,0.3504746835443038
410,2009,137,1329,77,1397,75,N,0,1329,1397,1,8,9,-1,0.6666666666666666,6.909090909090909,72.81287878787879,111.41052719195115,101.9216963366038,9.488830855347345,0.5358606557377049,0.17063248467949185,0.4031762295081967,0.2836456558773424,0.6363636363636364,6.121212121212121,71.90075757575757,109.15719267930334,100.64377456300245,8.513418116300883,0.5085407515861395,0.18586224699448947,0.3665202537823328,0.38072289156626504
411,2009,137,1338,72,1190,62,N,0,1190,1338,0,16,1,15,0.6875,7.9375,73.45390625,106.31667393454653,95.51057742419246,10.806096510354067,0.513371788148925,0.19059571797789854,0.39800734137388566,0.31989482909728306,0.8709677419354839,13.548387096774194,67.08145161290322,115.84376239766293,95.6468424279583,20.196919969704624,0.5340788072417465,0.18032964258664838,0.31895633652822153,0.4308560677328316
412,2009,137,1373,74,1326,72,N,2,1326,1373,0,8,9,-1,0.6875,5.0625,62.596875,106.53487095002747,98.44740651989417,8.087464430133295,0.5510269576379975,0.20917577754480557,0.38254172015404364,0.2842920353982301,0.7878787878787878,7.636363636363637,72.49166666666666,107.13875158064145,96.60462540103879,10.534126179602666,0.515625,0.18016699934161712,0.36259920634920634,0.3392405063291139
413,2009,137,1393,59,1372,44,N,0,1372,1393,0,14,3,11,0.7407407407407407,6.148148148148148,65.75648148148149,97.66675584719152,88.31688187335428,9.349873973837248,0.484196368527236,0.18136502527563822,0.29791526563550774,0.26492942453854507,0.7352941176470589,8.058823529411764,74.0720588235294,109.3132680815581,98.43356032480295,10.879707756755153,0.5444987775061124,0.20488792709801665,0.4019559902200489,0.3605328892589509
414,2009,137,1425,72,1130,55,N,0,1130,1425,0,7,10,-3,0.6666666666666666,4.484848484848484,68.37954545454545,109.59329056846256,103.03453318709077,6.558757381371791,0.5,0.19587640287610372,0.36966580976863755,0.4075993091537133,0.6363636363636364,4.878787878787879,65.4598484848485,104.43598319580589,96.98288333121158,7.453099864594307,0.5095100864553314,0.21433448678926473,0.42247838616714695,0.374031007751938
415,2009,137,1458,61,1199,59,N,1,1199,1458,0,5,12,-7,0.7352941176470589,3.6176470588235294,68.24926470588235,100.53976017841175,95.23912130059578,5.30063887781597,0.4923913043478261,0.22969435137202512,0.3918478260869565,0.35048802129547474,0.6129032258064516,5.387096774193548,59.61774193548387,107.99989178367557,98.96382869355841,9.036063090117153,0.5060279187817259,0.1698996293590888,0.35152284263959394,0.32343584305408274
416,2009,137,1462,77,1340,59,N,0,1340,1462,0,13,4,9,0.7096774193548387,5.354838709677419,67.73225806451612,108.8250702481307,100.91917893032338,7.905891317807317,0.5360134003350083,0.20098109253702912,0.29704075935231716,0.3407821229050279,0.78125,9.96875,67.33046875,107.49219683696322,92.68649269577527,14.805704141187945,0.5285374554102259,0.22278175510251444,0.47384066587395957,0.371868978805395
417,2009,138,1163,92,1401,66,N,0,1163,1401,1,1,9,-8,0.8709677419354839,13.35483870967742,69.1975806451613,111.74173999184197,92.44216537497815,19.299574616863822,0.510797342192691,0.183206106870229,0.4512735326688815,0.39981867633726204,0.71875,5.375,66.046875,108.5876508161817,100.4494913650343,8.138159451147388,0.5026223776223776,0.19446415897799857,0.47785547785547783,0.3687099725526075
418,2009,138,1181,74,1400,69,N,0,1181,1400,1,2,7,-5,0.8235294117647058,12.411764705882353,69.86176470588236,111.69115480149875,93.92497789752872,17.766176903970035,0.5094246031746031,0.1763987706815981,0.4107142857142857,0.3771856786011657,0.6666666666666666,6.878787878787879,68.41439393939395,105.72823812107588,95.67364656117465,10.054591559901226,0.4810838445807771,0.1829315556933571,0.38496932515337423,0.39214046822742477
419,2009,138,1211,83,1443,81,N,0,1211,1443,1,4,12,-8,0.8333333333333334,17.233333333333334,69.1775,113.90986953850603,88.99810872995796,24.911760808548067,0.550997150997151,0.16527531832363607,0.34586894586894584,0.31445904954499493,0.7419354838709677,5.161290322580645,66.1491935483871,108.99116123133192,101.18866199329473,7.802499238037186,0.5194508009153318,0.20237732398658945,0.3403890160183066,0.3754752851711027
420,2009,138,1272,89,1268,70,N,0,1268,1272,0,10,2,8,0.6060606060606061,3.0,69.66060606060607,102.57525665564641,98.26866191056203,4.306594745084382,0.4678675754625122,0.17922394292674437,0.2765335929892892,0.3501602564102564,0.9117647058823529,17.176470588235293,68.57867647058823,107.99103648664585,82.94466424351592,25.046372243129937,0.49273182957393485,0.1814146482678761,0.3974937343358396,0.382013201320132
421,2009,138,1314,84,1261,70,N,0,1261,1314,0,8,1,7,0.7878787878787878,9.424242424242424,68.53560606060607,109.29952358318502,95.54865310002542,13.750870483159602,0.49645390070921985,0.17641792034664572,0.36119554204660587,0.3762541806020067,0.8709677419354839,16.516129032258064,76.09354838709677,117.4700072067489,95.76497520030523,21.705032006443673,0.5268948655256723,0.1708423417694688,0.39315403422982886,0.4053356282271945
422,2009,138,1328,73,1276,63,N,0,1276,1328,0,10,2,8,0.59375,3.53125,63.90546875,104.59785571950758,99.07211579603663,5.525739923470951,0.5034305317324185,0.17653027543124,0.2864493996569468,0.28370786516853935,0.84375,11.375,69.79921875,113.45041021680491,97.1536662077611,16.296744009043806,0.5504201680672269,0.19654589615302823,0.4689075630252101,0.3660377358490566
423,2009,138,1345,76,1449,74,N,0,1345,1449,1,5,4,1,0.7352941176470589,10.235294117647058,66.37426470588235,104.48769788077857,89.0671216032082,15.420576277570376,0.5068783068783069,0.17547552315855944,0.33386243386243386,0.29375,0.7575757575757576,9.333333333333334,73.3719696969697,107.58794436815313,94.8673735944905,12.72057077366263,0.4942700548081714,0.20278572239832318,0.44294967613353264,0.41968040370058873
424,2009,138,1437,89,1417,69,N,0,1417,1437,0,6,3,3,0.7575757575757576,12.727272727272727,65.8280303030303,115.45233793285996,96.11821435558676,19.334123577273203,0.5600320170757738,0.18781720046493966,0.3025613660618997,0.3697560975609756,0.7878787878787878,9.545454545454545,69.55984848484849,110.04258377895643,96.31993378276827,13.722649996188153,0.5146510388918487,0.19211709994663415,0.4267448055407565,0.35537918871252205
425,2009,139,1112,71,1156,57,N,0,1112,1156,1,12,13,-1,0.59375,3.75,65.0625,110.95100864553314,105.18731988472622,5.7636887608069145,0.5317919075144508,0.1935638808837656,0.3699421965317919,0.3611393692777213,0.6875,5.125,64.60703125,100.55987520708126,92.62730207867274,7.932573128408521,0.46912867859203694,0.1929936998923782,0.3710328909405655,0.334841628959276
426,2009,139,1242,60,1173,43,N,0,1173,1242,0,11,3,8,0.7878787878787878,6.0,66.36212121212121,101.73748259092675,92.69618027808855,9.041302312838198,0.4772481040086674,0.20776730062330193,0.39111592632719394,0.3799163179916318,0.78125,11.3125,69.82265625,110.45841585266244,94.2566546943708,16.201761158291646,0.5359314538419016,0.20901167019122108,0.40187949143173024,0.3703349282296651
427,2009,139,1257,79,1373,72,N,0,1257,1373,1,1,9,-8,0.8484848484848485,12.333333333333334,69.59772727272727,106.23823052389817,88.51734535044466,17.72088517345351,0.5186129525752168,0.19636656543556585,0.3217746047934727,0.3472803347280335,0.7878787878787878,7.636363636363637,72.49166666666666,107.13875158064145,96.60462540103879,10.534126179602666,0.515625,0.18016699934161712,0.36259920634920634,0.3392405063291139
428,2009,139,1277,74,1425,69,N,0,1277,1425,1,2,10,-8,0.8125,9.0,66.9171875,107.45557708921942,94.00611763607071,13.449459453148705,0.5011204481792717,0.20968080883554768,0.41792717086834735,0.40934065934065933,0.6363636363636364,4.878787878787879,65.4598484848485,104.43598319580589,96.98288333121158,7.453099864594307,0.5095100864553314,0.21433448678926473,0.42247838616714695,0.374031007751938
429,2009,139,1281,83,1266,79,N,0,1266,1281,0,6,3,3,0.7272727272727273,9.393939393939394,70.10454545454544,112.4727139121226,99.0728133307398,13.399900581382795,0.5169624217118998,0.16728262983855283,0.4498956158663883,0.3466550825369244,0.8235294117647058,14.647058823529411,72.50367647058823,111.88073627098018,91.67892094721363,20.201815323766553,0.5283018867924528,0.1703767557426094,0.36556603773584906,0.3504746835443038
430,2009,139,1338,84,1329,76,N,0,1329,1338,0,8,1,7,0.6666666666666666,6.909090909090909,72.81287878787879,111.41052719195115,101.9216963366038,9.488830855347345,0.5358606557377049,0.17063248467949185,0.4031762295081967,0.2836456558773424,0.8709677419354839,13.548387096774194,67.08145161290322,115.84376239766293,95.6468424279583,20.196919969704624,0.5340788072417465,0.18032964258664838,0.31895633652822153,0.4308560677328316
431,2009,139,1393,78,1113,67,N,0,1113,1393,0,6,3,3,0.7272727272727273,9.484848484848484,61.39469696969697,113.27599610073912,97.82702582643353,15.448970274305594,0.5634969325153374,0.187559383521921,0.37975460122699384,0.2989247311827957,0.7352941176470589,8.058823529411764,74.0720588235294,109.3132680815581,98.43356032480295,10.879707756755153,0.5444987775061124,0.20488792709801665,0.4019559902200489,0.3605328892589509
432,2009,139,1462,60,1458,49,N,0,1458,1462,0,12,4,8,0.6129032258064516,5.387096774193548,59.61774193548387,107.99989178367557,98.96382869355841,9.036063090117153,0.5060279187817259,0.1698996293590888,0.35152284263959394,0.32343584305408274,0.78125,9.96875,67.33046875,107.49219683696322,92.68649269577527,14.805704141187945,0.5285374554102259,0.22278175510251444,0.47384066587395957,0.371868978805395
433,2009,143,1163,72,1345,60,N,0,1163,1345,1,1,5,-4,0.8709677419354839,13.35483870967742,69.1975806451613,111.74173999184197,92.44216537497815,19.299574616863822,0.510797342192691,0.183206106870229,0.4512735326688815,0.39981867633726204,0.7352941176470589,10.235294117647058,66.37426470588235,104.48769788077857,89.0671216032082,15.420576277570376,0.5068783068783069,0.17547552315855944,0.33386243386243386,0.29375
434,2009,143,1281,102,1272,91,N,0,1272,1281,0,2,3,-1,0.9117647058823529,17.176470588235293,68.57867647058823,107.99103648664585,82.94466424351592,25.046372243129937,0.49273182957393485,0.1814146482678761,0.3974937343358396,0.382013201320132,0.8235294117647058,14.647058823529411,72.50367647058823,111.88073627098018,91.67892094721363,20.201815323766553,0.5283018867924528,0.1703767557426094,0.36556603773584906,0.3504746835443038
435,2009,143,1338,60,1462,55,N,0,1338,1462,1,1,4,-3,0.8709677419354839,13.548387096774194,67.08145161290322,115.84376239766293,95.6468424279583,20.196919969704624,0.5340788072417465,0.18032964258664838,0.31895633652822153,0.4308560677328316,0.78125,9.96875,67.33046875,107.49219683696322,92.68649269577527,14.805704141187945,0.5285374554102259,0.22278175510251444,0.47384066587395957,0.371868978805395
436,2009,143,1437,77,1181,54,N,0,1181,1437,0,2,3,-1,0.8235294117647058,12.411764705882353,69.86176470588236,111.69115480149875,93.92497789752872,17.766176903970035,0.5094246031746031,0.1763987706815981,0.4107142857142857,0.3771856786011657,0.7878787878787878,9.545454545454545,69.55984848484849,110.04258377895643,96.31993378276827,13.722649996188153,0.5146510388918487,0.19211709994663415,0.4267448055407565,0.35537918871252205
437,2009,144,1257,103,1112,64,N,0,1112,1257,0,12,1,11,0.59375,3.75,65.0625,110.95100864553314,105.18731988472622,5.7636887608069145,0.5317919075144508,0.1935638808837656,0.3699421965317919,0.3611393692777213,0.8484848484848485,12.333333333333334,69.59772727272727,106.23823052389817,88.51734535044466,17.72088517345351,0.5186129525752168,0.19636656543556585,0.3217746047934727,0.3472803347280335
438,2009,144,1277,67,1242,62,N,0,1242,1277,0,3,2,1,0.78125,11.3125,69.82265625,110.45841585266244,94.2566546943708,16.201761158291646,0.5359314538419016,0.20901167019122108,0.40187949143173024,0.3703349282296651,0.8125,9.0,66.9171875,107.45557708921942,94.00611763607071,13.449459453148705,0.5011204481792717,0.20968080883554768,0.41792717086834735,0.40934065934065933
439,2009,144,1314,98,1211,77,N,0,1211,1314,0,4,1,3,0.8333333333333334,17.233333333333334,69.1775,113.90986953850603,88.99810872995796,24.911760808548067,0.550997150997151,0.16527531832363607,0.34586894586894584,0.31445904954499493,0.8709677419354839,16.516129032258064,76.09354838709677,117.4700072067489,95.76497520030523,21.705032006443673,0.5268948655256723,0.1708423417694688,0.39315403422982886,0.4053356282271945
440,2009,144,1328,84,1393,71,N,0,1328,1393,1,2,3,-1,0.84375,11.375,69.79921875,113.45041021680491,97.1536662077611,16.296744009043806,0.5504201680672269,0.19654589615302823,0.4689075630252101,0.3660377358490566,0.7352941176470589,8.058823529411764,74.0720588235294,109.3132680815581,98.43356032480295,10.879707756755153,0.5444987775061124,0.20488792709801665,0.4019559902200489,0.3605328892589509
441,2009,145,1163,82,1281,75,N,0,1163,1281,1,1,3,-2,0.8709677419354839,13.35483870967742,69.1975806451613,111.74173999184197,92.44216537497815,19.299574616863822,0.510797342192691,0.183206106870229,0.4512735326688815,0.39981867633726204,0.8235294117647058,14.647058823529411,72.50367647058823,111.88073627098018,91.67892094721363,20.201815323766553,0.5283018867924528,0.1703767557426094,0.36556603773584906,0.3504746835443038
442,2009,145,1437,78,1338,76,N,0,1338,1437,0,1,3,-2,0.8709677419354839,13.548387096774194,67.08145161290322,115.84376239766293,95.6468424279583,20.196919969704624,0.5340788072417465,0.18032964258664838,0.31895633652822153,0.4308560677328316,0.7878787878787878,9.545454545454545,69.55984848484849,110.04258377895643,96.31993378276827,13.722649996188153,0.5146510388918487,0.19211709994663415,0.4267448055407565,0.35537918871252205
443,2009,146,1277,64,1257,52,N,0,1257,1277,0,1,2,-1,0.8484848484848485,12.333333333333334,69.59772727272727,106.23823052389817,88.51734535044466,17.72088517345351,0.5186129525752168,0.19636656543556585,0.3217746047934727,0.3472803347280335,0.8125,9.0,66.9171875,107.45557708921942,94.00611763607071,13.449459453148705,0.5011204481792717,0.20968080883554768,0.41792717086834735,0.40934065934065933
444,2009,146,1314,72,1328,60,N,0,1314,1328,1,1,2,-1,0.8709677419354839,16.516129032258064,76.09354838709677,117.4700072067489,95.76497520030523,21.705032006443673,0.5268948655256723,0.1708423417694688,0.39315403422982886,0.4053356282271945,0.84375,11.375,69.79921875,113.45041021680491,97.1536662077611,16.296744009043806,0.5504201680672269,0.19654589615302823,0.4689075630252101,0.3660377358490566
445,2009,152,1277,82,1163,73,N,0,1163,1277,0,1,2,-1,0.8709677419354839,13.35483870967742,69.1975806451613,111.74173999184197,92.44216537497815,19.299574616863822,0.510797342192691,0.183206106870229,0.4512735326688815,0.39981867633726204,0.8125,9.0,66.9171875,107.45557708921942,94.00611763607071,13.449459453148705,0.5011204481792717,0.20968080883554768,0.41792717086834735,0.40934065934065933
446,2009,152,1314,83,1437,69,N,0,1314,1437,1,1,3,-2,0.8709677419354839,16.516129032258064,76.09354838709677,117.4700072067489,95.76497520030523,21.705032006443673,0.5268948655256723,0.1708423417694688,0.39315403422982886,0.4053356282271945,0.7878787878787878,9.545454545454545,69.55984848484849,110.04258377895643,96.31993378276827,13.722649996188153,0.5146510388918487,0.19211709994663415,0.4267448055407565,0.35537918871252205
447,2009,154,1314,89,1277,72,N,0,1277,1314,0,2,1,1,0.8125,9.0,66.9171875,107.45557708921942,94.00611763607071,13.449459453148705,0.5011204481792717,0.20968080883554768,0.41792717086834735,0.40934065934065933,0.8709677419354839,16.516129032258064,76.09354838709677,117.4700072067489,95.76497520030523,21.705032006443673,0.5268948655256723,0.1708423417694688,0.39315403422982886,0.4053356282271945
448,2010,134,1115,61,1457,44,N,0,1115,1457,1,16,16,0,0.53125,-0.28125,69.1359375,93.15885822767646,93.56566546884535,-0.40680724116889166,0.450029744199881,0.24498836079282213,0.4913741820345033,0.35982142857142857,0.5666666666666667,0.6333333333333333,67.31333333333333,92.94840051500445,92.00752698821432,0.9408735267901278,0.4189342403628118,0.18124195305536298,0.35374149659863946,0.34001670843776105
449,2010,136,1124,68,1358,59,N,0,1124,1358,1,3,14,-11,0.7741935483870968,10.161290322580646,67.91209677419356,112.95436463169894,97.99194879528802,14.962415836410912,0.5462377943710511,0.20614884041277268,0.37277426766226307,0.38336713995943206,0.75,7.571428571428571,70.81607142857142,112.81740928461558,102.12572811861715,10.691681165998432,0.5433720219914477,0.18962604332148172,0.3946243127672572,0.3442288049029622
450,2010,136,1139,77,1431,59,N,0,1139,1431,1,5,12,-7,0.875,10.0625,64.7140625,108.31301156529928,92.76384093488181,15.549170630417464,0.5199252801992528,0.19170871864210348,0.47696139476961397,0.3119072708113804,0.8125,11.59375,71.09765625,106.587550134608,90.28075380473601,16.306796329871986,0.5299121844127332,0.18504477775946376,0.40340285400658615,0.29162833486660533
451,2010,136,1140,99,1196,92,N,2,1140,1196,1,7,10,-3,0.8484848484848485,16.939393939393938,70.72500000000001,116.79895455081032,92.84788500058913,23.95106955022119,0.5509259259259259,0.15981661792902513,0.382201646090535,0.31024930747922436,0.6363636363636364,6.181818181818182,66.8090909090909,107.18011520841839,97.92715562208011,9.252959586338278,0.4940352697095436,0.18233773302490136,0.3381742738589212,0.36677908937605397
452,2010,136,1242,90,1250,74,N,0,1242,1250,1,1,16,-15,0.9411764705882353,17.970588235294116,70.27720588235294,116.34598282013454,90.77497724347907,25.571005576655466,0.5505533199195171,0.18456323173985373,0.42404426559356134,0.3819444444444444,0.6875,5.09375,70.3296875,106.81833329630534,99.5756592832863,7.242674013019041,0.5156337241764377,0.18484370487214236,0.434394193188163,0.29690346083788705
453,2010,136,1243,82,1317,62,N,0,1243,1317,1,2,15,-13,0.78125,10.25,72.28515625,109.93785463388274,95.75790326938665,14.179951364496091,0.505872931126535,0.2018913807079168,0.5205552589428724,0.4103852596314908,0.7333333333333333,3.566666666666667,69.98916666666668,104.96862609689595,99.87259933084881,5.096026766047132,0.5091946734305643,0.21098503339802588,0.5282181357006975,0.32179226069246436
454,2010,136,1246,100,1190,71,N,0,1190,1246,0,16,1,15,0.5757575757575758,2.6363636363636362,69.11742424242425,99.87395188250123,96.05962623992986,3.814325642571376,0.4795808704997313,0.21219926563270675,0.400322407307899,0.35126050420168065,0.9411764705882353,13.970588235294118,70.76102941176471,111.97589234685925,92.23255572296982,19.743336623889434,0.5299295774647887,0.20491505169636826,0.4351106639839034,0.4090909090909091
455,2010,136,1293,66,1435,65,N,0,1293,1435,1,13,4,9,0.875,15.0625,67.421875,112.86210892236384,90.52143684820393,22.34067207415991,0.5547508690614137,0.21506373117033603,0.4287369640787949,0.3906408952187182,0.7419354838709677,7.645161290322581,70.72419354838709,109.64902278273166,98.83919815731261,10.809824625419054,0.5274532710280374,0.1929348445802641,0.48014018691588783,0.3274336283185841
456,2010,136,1307,62,1285,57,N,0,1285,1307,0,14,3,11,0.6896551724137931,7.275862068965517,63.540517241379305,109.29762437760321,97.84688021490497,11.450744162698243,0.5448717948717948,0.19102663247724097,0.37314439946018896,0.30023640661938533,0.8787878787878788,9.575757575757576,68.20530303030303,112.36129777521076,98.32168919594362,14.039608579267139,0.5097163865546218,0.1643878219724317,0.4564075630252101,0.35855263157894735
457,2010,136,1320,69,1424,66,N,0,1320,1424,1,9,8,1,0.875,9.03125,59.5453125,106.32658951953607,91.15956860584114,15.167020913694927,0.4968691296180338,0.17686110892440104,0.36443331246086413,0.3074596774193548,0.75,8.78125,68.06796875,106.87846476981876,93.97775660816967,12.900708161649092,0.522082878953108,0.17308067533600374,0.3124318429661941,0.28558052434456926
458,2010,136,1325,97,1207,83,N,0,1207,1325,0,3,14,-11,0.696969696969697,8.121212121212121,66.6719696969697,109.85489790584839,97.6740486552206,12.180849250627787,0.556442417331813,0.2068017316804345,0.37229190421892816,0.3275154004106776,0.5882352941176471,4.882352941176471,70.00147058823529,104.91376231591775,97.939118926073,6.974643389844758,0.4887525562372188,0.1815087918321044,0.40797546012269936,0.31109324758842444
459,2010,136,1330,51,1323,50,N,0,1323,1330,0,6,11,-5,0.6764705882352942,7.147058823529412,65.05808823529412,116.86388860633598,105.87823099266492,10.985657613671052,0.5409186906019008,0.1591338057618192,0.39123548046462514,0.34464285714285714,0.7647058823529411,10.382352941176471,63.49191176470588,106.35907769632539,90.00683273691646,16.35224495940892,0.4885204081632653,0.2015078344856339,0.30153061224489797,0.42762613730355664
460,2010,136,1388,80,1350,71,N,0,1350,1388,0,7,10,-3,0.7647058823529411,7.0588235294117645,66.47279411764706,104.24432817494996,93.62521155271396,10.619116622235993,0.5095238095238095,0.16946340276318264,0.32645502645502644,0.26608695652173914,0.8333333333333334,12.533333333333333,67.46833333333333,116.79553370717127,98.21891751685976,18.576616190311512,0.5566091954022988,0.169956275783701,0.32068965517241377,0.33889468196037537
461,2010,136,1397,62,1361,59,N,0,1361,1397,0,11,6,5,0.7419354838709677,7.451612903225806,64.94596774193549,107.4838885922541,96.01033116858927,11.473557423664829,0.5203106332138591,0.20861013497572423,0.4103942652329749,0.40177690029615004,0.7575757575757576,8.696969696969697,70.75530303030304,104.07186526333821,91.78024990096041,12.291615362377797,0.5023065094823168,0.18715804576164116,0.3603280369041517,0.32466442953020136
462,2010,136,1437,73,1352,70,N,1,1352,1437,0,15,2,13,0.6764705882352942,2.823529411764706,67.84338235294118,100.96784332426544,96.80600864881268,4.161834675452766,0.49034749034749037,0.21632869823447168,0.4594594594594595,0.3447979363714531,0.7741935483870968,9.67741935483871,72.21774193548387,114.30485762144053,100.90452261306532,13.400335008375208,0.5295874049945711,0.191178112786153,0.43973941368078173,0.3806038426349497
463,2010,136,1448,81,1400,80,N,1,1400,1448,0,8,9,-1,0.7272727272727273,11.545454545454545,74.43560606060606,109.1445727952776,93.63391176021577,15.51066103506183,0.5134035423647678,0.1868607195562567,0.4044997606510292,0.39598393574297186,0.6551724137931034,4.517241379310345,72.04137931034482,101.2827876699215,95.01244495500671,6.27034271491479,0.4743515850144092,0.21060693088263452,0.41037463976945243,0.3851044504995459
464,2010,136,1449,80,1266,78,N,0,1266,1449,0,6,11,-5,0.6666666666666666,8.757575757575758,65.0719696969697,112.09034286046918,98.63205075964841,13.45829210082077,0.524741707449701,0.15833284824495023,0.35073409461663946,0.3144186046511628,0.7272727272727273,9.848484848484848,73.24621212121212,108.93106479805554,95.48533898743342,13.445725810622122,0.4941031941031941,0.1745875782179242,0.4201474201474201,0.37416107382550334
465,2010,137,1143,77,1257,62,N,0,1143,1257,1,8,9,-1,0.696969696969697,9.575757575757576,68.74318181818182,113.42171675427866,99.49196063521451,13.929756119064152,0.5336962156557802,0.17456276655536085,0.35199585277345774,0.35223048327137546,0.625,6.75,68.85078125,110.88291027924974,101.0790999557467,9.803810323503043,0.515,0.19879948711547846,0.3636842105263158,0.39708404802744424
466,2010,137,1165,78,1396,65,N,0,1165,1396,1,12,5,7,0.8620689655172413,10.620689655172415,65.76724137931035,114.30069471752523,98.15178922532442,16.14890549220081,0.5642286416717885,0.18613186525101585,0.28887523048555624,0.3232104121475054,0.8529411764705882,8.794117647058824,62.35,104.15585640832114,90.05141751969433,14.104438888626817,0.4886243386243386,0.16793244964385112,0.27724867724867724,0.3255208333333333
467,2010,137,1181,73,1115,44,N,0,1115,1181,0,16,1,15,0.53125,-0.28125,69.1359375,93.15885822767646,93.56566546884535,-0.40680724116889166,0.450029744199881,0.24498836079282213,0.4913741820345033,0.35982142857142857,0.8529411764705882,16.264705882352942,67.54705882352941,115.43150744578944,91.35243403291823,24.07907341287121,0.5029311187103078,0.16459113472089176,0.3790913531998046,0.4063777596075225
468,2010,137,1210,64,1329,59,N,0,1210,1329,1,10,7,3,0.6363636363636364,6.424242424242424,70.80681818181819,102.41266784357781,93.33975284865993,9.07291499491788,0.506282722513089,0.2306745840689028,0.3743455497382199,0.3837011884550085,0.6875,6.21875,69.2609375,107.29352313488394,98.31479685067792,8.978726284206019,0.523390203632361,0.18363525616441448,0.36653824986241057,0.29508196721311475
469,2010,137,1211,67,1199,60,N,0,1199,1211,0,9,8,1,0.7096774193548387,8.32258064516129,68.00887096774194,100.69843829671176,88.46094555975857,12.237492736953186,0.5086567164179104,0.24664714043471558,0.3874626865671642,0.38649706457925637,0.8064516129032258,9.64516129032258,70.03548387096774,110.6812215006218,96.90940076458938,13.771820736032424,0.5439010017678255,0.1865413845516098,0.4926340601060695,0.32443125618199803
470,2010,137,1268,89,1222,77,N,0,1222,1268,0,13,4,9,0.5454545454545454,3.727272727272727,72.25530303030304,109.08290258657748,103.92442622435178,5.158476362225699,0.48132780082987553,0.12497771999538672,0.3333333333333333,0.30824891461649784,0.7333333333333333,11.233333333333333,70.97666666666667,111.67989480110833,95.85309726201098,15.826797539097356,0.519438444924406,0.1671910956652421,0.3390928725701944,0.3529962546816479
471,2010,137,1277,70,1308,67,N,0,1277,1308,1,5,12,-7,0.75,8.9375,67.12578125,108.19240930622315,94.87785291139535,13.314556394827804,0.5153930731170973,0.2090292245201988,0.3622869708631116,0.4046728971962617,0.65625,0.5,71.92578125,109.14028132297832,108.44512029544343,0.6951610275348941,0.5342720510095643,0.17943844023244446,0.3799149840595112,0.2965271593944791
472,2010,137,1281,86,1155,78,N,0,1155,1281,0,7,10,-3,0.6774193548387096,9.451612903225806,70.2258064516129,104.36380339917318,90.90491502067064,13.458888378502536,0.509641873278237,0.21129995406522736,0.3526170798898072,0.36151079136690645,0.6875,11.75,71.93359375,107.82514254683682,91.49063263643768,16.334509910399134,0.5032745591939547,0.18072223730654358,0.3350125944584383,0.347571189279732
473,2010,137,1326,68,1364,51,N,0,1326,1364,1,2,15,-13,0.7941176470588235,13.029411764705882,65.45882352941176,113.40762041696621,93.50287562904386,19.904744787922354,0.5639281828073993,0.17298705966930267,0.35690968443960824,0.29569377990430623,0.6785714285714286,1.6071428571428572,68.01785714285714,99.34365975321607,96.9808348647939,2.3628248884221676,0.5128022759601707,0.22788133368338145,0.4694167852062589,0.2751381215469613
474,2010,137,1338,89,1324,66,N,0,1324,1338,0,14,3,11,0.75,3.5,70.29296875,107.0075020839122,102.02834120589053,4.979160878021673,0.49415515409139216,0.19516532370102807,0.4064824654622742,0.3724315068493151,0.75,6.71875,63.63984375,106.99861279907684,96.44115444579482,10.557458353282016,0.4961561206386753,0.19494469610478893,0.42637492607924304,0.37134778510838834
475,2010,137,1345,72,1373,64,N,0,1345,1373,1,4,13,-9,0.84375,10.1875,66.64921875,106.66854215751778,91.38329172088007,15.28525043663771,0.4941044357102751,0.1631677040475437,0.39809096013475576,0.30719557195571956,0.8181818181818182,10.181818181818182,70.39772727272727,107.18321226795803,92.71993543179984,14.463276836158187,0.4982305358948433,0.17390368576809254,0.3918099089989889,0.3561301084236864
476,2010,137,1393,79,1436,56,N,0,1393,1436,1,1,16,-15,0.875,14.59375,71.59609375,113.78937834859182,93.40593389566034,20.383444452931485,0.5734584450402145,0.21081806575515863,0.37372654155495977,0.3716475095785441,0.7352941176470589,6.264705882352941,68.11764705882354,103.67012089810017,94.47322970639033,9.196891191709838,0.485973597359736,0.20639032815198619,0.506050605060506,0.3622936576889661
477,2010,137,1401,69,1429,53,N,0,1401,1429,1,5,12,-7,0.7096774193548387,6.483870967741935,66.86209677419355,106.52643259477259,96.82905354062889,9.697379054143695,0.4975975975975976,0.18429844769566633,0.4990990990990991,0.3391544117647059,0.7878787878787878,13.393939393939394,62.79545454545455,117.16733019664616,95.83785740137532,21.329472795270846,0.5549723756906078,0.16310773314030644,0.30386740331491713,0.33801404212637914
478,2010,137,1452,77,1288,50,N,0,1288,1452,0,15,2,13,0.75,6.5,71.31736111111111,107.61755455368706,98.50336426575264,9.11419028793442,0.4788797061524334,0.18968421667624175,0.44214876033057854,0.40130151843817785,0.8181818181818182,9.181818181818182,64.95909090909092,112.33177057821939,98.19700044316936,14.134770135050033,0.4934963579604579,0.18053320271499546,0.38189386056191466,0.4240924092409241
479,2010,137,1458,53,1459,49,N,0,1458,1459,1,4,13,-9,0.7419354838709677,11.290322580645162,60.40967741935484,111.71036471404923,93.0207721471672,18.68959256688204,0.5163934426229508,0.14684679873978748,0.32301153612629024,0.3035175879396985,0.7575757575757576,7.151515151515151,65.5530303030303,105.30451866404715,94.3950075118456,10.909511152201546,0.49238578680203043,0.1825956315728649,0.4455724760293288,0.3353927625772286
480,2010,137,1462,65,1278,54,N,0,1278,1462,0,11,6,5,0.6176470588235294,8.882352941176471,66.48014705882352,109.67449371218741,96.31358322365148,13.360910488535936,0.5365659777424483,0.19156537223629347,0.34287228404875464,0.33303085299455537,0.75,10.96875,71.7796875,111.4956790526568,96.21454537538911,15.28113367726769,0.5253565768621236,0.1841572520080977,0.42366613840464873,0.3502626970227671
481,2010,138,1124,76,1330,68,N,0,1124,1330,1,3,11,-8,0.7741935483870968,10.161290322580646,67.91209677419356,112.95436463169894,97.99194879528802,14.962415836410912,0.5462377943710511,0.20614884041277268,0.37277426766226307,0.38336713995943206,0.7647058823529411,10.382352941176471,63.49191176470588,106.35907769632539,90.00683273691646,16.35224495940892,0.4885204081632653,0.2015078344856339,0.30153061224489797,0.42762613730355664
482,2010,138,1139,54,1293,52,N,0,1139,1293,1,5,13,-8,0.875,10.0625,64.7140625,108.31301156529928,92.76384093488181,15.549170630417464,0.5199252801992528,0.19170871864210348,0.47696139476961397,0.3119072708113804,0.875,15.0625,67.421875,112.86210892236384,90.52143684820393,22.34067207415991,0.5547508690614137,0.21506373117033603,0.4287369640787949,0.3906408952187182
483,2010,138,1243,84,1140,72,N,0,1140,1243,0,7,2,5,0.8484848484848485,16.939393939393938,70.72500000000001,116.79895455081032,92.84788500058913,23.95106955022119,0.5509259259259259,0.15981661792902513,0.382201646090535,0.31024930747922436,0.78125,10.25,72.28515625,109.93785463388274,95.75790326938665,14.179951364496091,0.505872931126535,0.2018913807079168,0.5205552589428724,0.4103852596314908
484,2010,138,1246,90,1448,60,N,0,1246,1448,1,1,9,-8,0.9411764705882353,13.970588235294118,70.76102941176471,111.97589234685925,92.23255572296982,19.743336623889434,0.5299295774647887,0.20491505169636826,0.4351106639839034,0.4090909090909091,0.6551724137931034,4.517241379310345,72.04137931034482,101.2827876699215,95.01244495500671,6.27034271491479,0.4743515850144092,0.21060693088263452,0.41037463976945243,0.3851044504995459
485,2010,138,1320,69,1242,67,N,0,1242,1320,0,1,9,-8,0.9411764705882353,17.970588235294116,70.27720588235294,116.34598282013454,90.77497724347907,25.571005576655466,0.5505533199195171,0.18456323173985373,0.42404426559356134,0.3819444444444444,0.875,9.03125,59.5453125,106.32658951953607,91.15956860584114,15.167020913694927,0.4968691296180338,0.17686110892440104,0.36443331246086413,0.3074596774193548
486,2010,138,1388,75,1437,68,N,0,1388,1437,1,10,2,8,0.8333333333333334,12.533333333333333,67.46833333333333,116.79553370717127,98.21891751685976,18.576616190311512,0.5566091954022988,0.169956275783701,0.32068965517241377,0.33889468196037537,0.7741935483870968,9.67741935483871,72.21774193548387,114.30485762144053,100.90452261306532,13.400335008375208,0.5295874049945711,0.191178112786153,0.43973941368078173,0.3806038426349497
487,2010,138,1397,83,1325,68,N,0,1325,1397,0,14,6,8,0.5882352941176471,4.882352941176471,70.00147058823529,104.91376231591775,97.939118926073,6.974643389844758,0.4887525562372188,0.1815087918321044,0.40797546012269936,0.31109324758842444,0.7575757575757576,8.696969696969697,70.75530303030304,104.07186526333821,91.78024990096041,12.291615362377797,0.5023065094823168,0.18715804576164116,0.3603280369041517,0.32466442953020136
488,2010,138,1449,82,1307,64,N,0,1307,1449,0,3,11,-8,0.8787878787878788,9.575757575757576,68.20530303030303,112.36129777521076,98.32168919594362,14.039608579267139,0.5097163865546218,0.1643878219724317,0.4564075630252101,0.35855263157894735,0.7272727272727273,9.848484848484848,73.24621212121212,108.93106479805554,95.48533898743342,13.445725810622122,0.4941031941031941,0.1745875782179242,0.4201474201474201,0.37416107382550334
489,2010,139,1165,87,1458,69,N,0,1165,1458,1,12,4,8,0.8620689655172413,10.620689655172415,65.76724137931035,114.30069471752523,98.15178922532442,16.14890549220081,0.5642286416717885,0.18613186525101585,0.28887523048555624,0.3232104121475054,0.7419354838709677,11.290322580645162,60.40967741935484,111.71036471404923,93.0207721471672,18.68959256688204,0.5163934426229508,0.14684679873978748,0.32301153612629024,0.3035175879396985
490,2010,139,1181,68,1143,53,N,0,1143,1181,0,8,1,7,0.696969696969697,9.575757575757576,68.74318181818182,113.42171675427866,99.49196063521451,13.929756119064152,0.5336962156557802,0.17456276655536085,0.35199585277345774,0.35223048327137546,0.8529411764705882,16.264705882352942,67.54705882352941,115.43150744578944,91.35243403291823,24.07907341287121,0.5029311187103078,0.16459113472089176,0.3790913531998046,0.4063777596075225
491,2010,139,1277,85,1268,83,N,0,1268,1277,0,4,5,-1,0.7333333333333333,11.233333333333333,70.97666666666667,111.67989480110833,95.85309726201098,15.826797539097356,0.519438444924406,0.1671910956652421,0.3390928725701944,0.3529962546816479,0.75,8.9375,67.12578125,108.19240930622315,94.87785291139535,13.314556394827804,0.5153930731170973,0.2090292245201988,0.3622869708631116,0.4046728971962617
492,2010,139,1326,75,1210,66,N,0,1210,1326,0,10,2,8,0.6363636363636364,6.424242424242424,70.80681818181819,102.41266784357781,93.33975284865993,9.07291499491788,0.506282722513089,0.2306745840689028,0.3743455497382199,0.3837011884550085,0.7941176470588235,13.029411764705882,65.45882352941176,113.40762041696621,93.50287562904386,19.904744787922354,0.5639281828073993,0.17298705966930267,0.35690968443960824,0.29569377990430623
493,2010,139,1345,63,1401,61,N,1,1345,1401,1,4,5,-1,0.84375,10.1875,66.64921875,106.66854215751778,91.38329172088007,15.28525043663771,0.4941044357102751,0.1631677040475437,0.39809096013475576,0.30719557195571956,0.7096774193548387,6.483870967741935,66.86209677419355,106.52643259477259,96.82905354062889,9.697379054143695,0.4975975975975976,0.18429844769566633,0.4990990990990991,0.3391544117647059
494,2010,139,1393,87,1211,65,N,0,1211,1393,0,8,1,7,0.8064516129032258,9.64516129032258,70.03548387096774,110.6812215006218,96.90940076458938,13.771820736032424,0.5439010017678255,0.1865413845516098,0.4926340601060695,0.32443125618199803,0.875,14.59375,71.59609375,113.78937834859182,93.40593389566034,20.383444452931485,0.5734584450402145,0.21081806575515863,0.37372654155495977,0.3716475095785441
495,2010,139,1452,68,1281,59,N,0,1281,1452,0,10,2,8,0.6875,11.75,71.93359375,107.82514254683682,91.49063263643768,16.334509910399134,0.5032745591939547,0.18072223730654358,0.3350125944584383,0.347571189279732,0.8181818181818182,9.181818181818182,64.95909090909092,112.33177057821939,98.19700044316936,14.134770135050033,0.4934963579604579,0.18053320271499546,0.38189386056191466,0.4240924092409241
496,2010,139,1462,71,1338,68,N,0,1338,1462,0,3,6,-3,0.75,6.71875,63.63984375,106.99861279907684,96.44115444579482,10.557458353282016,0.4961561206386753,0.19494469610478893,0.42637492607924304,0.37134778510838834,0.75,10.96875,71.7796875,111.4956790526568,96.21454537538911,15.28113367726769,0.5253565768621236,0.1841572520080977,0.42366613840464873,0.3502626970227671
497,2010,143,1139,63,1393,59,N,0,1139,1393,1,5,1,4,0.875,10.0625,64.7140625,108.31301156529928,92.76384093488181,15.549170630417464,0.5199252801992528,0.19170871864210348,0.47696139476961397,0.3119072708113804,0.875,14.59375,71.59609375,113.78937834859182,93.40593389566034,20.383444452931485,0.5734584450402145,0.21081806575515863,0.37372654155495977,0.3716475095785441
498,2010,143,1243,101,1462,96,N,2,1243,1462,1,2,6,-4,0.78125,10.25,72.28515625,109.93785463388274,95.75790326938665,14.179951364496091,0.505872931126535,0.2018913807079168,0.5205552589428724,0.4103852596314908,0.75,10.96875,71.7796875,111.4956790526568,96.21454537538911,15.28113367726769,0.5253565768621236,0.1841572520080977,0.42366613840464873,0.3502626970227671
499,2010,143,1246,62,1165,45,N,0,1165,1246,0,12,1,11,0.8620689655172413,10.620689655172415,65.76724137931035,114.30069471752523,98.15178922532442,16.14890549220081,0.5642286416717885,0.18613186525101585,0.28887523048555624,0.3232104121475054,0.9411764705882353,13.970588235294118,70.76102941176471,111.97589234685925,92.23255572296982,19.743336623889434,0.5299295774647887,0.20491505169636826,0.4351106639839034,0.4090909090909091
500,2010,143,1452,69,1449,56,N,0,1449,1452,0,11,2,9,0.7272727272727273,9.848484848484848,73.24621212121212,108.93106479805554,95.48533898743342,13.445725810622122,0.4941031941031941,0.1745875782179242,0.4201474201474201,0.37416107382550334,0.8181818181818182,9.181818181818182,64.95909090909092,112.33177057821939,98.19700044316936,14.134770135050033,0.4934963579604579,0.18053320271499546,0.38189386056191466,0.4240924092409241
501,2010,144,1124,72,1388,49,N,0,1124,1388,1,3,10,-7,0.7741935483870968,10.161290322580646,67.91209677419356,112.95436463169894,97.99194879528802,14.962415836410912,0.5462377943710511,0.20614884041277268,0.37277426766226307,0.38336713995943206,0.8333333333333334,12.533333333333333,67.46833333333333,116.79553370717127,98.21891751685976,18.576616190311512,0.5566091954022988,0.169956275783701,0.32068965517241377,0.33889468196037537
502,2010,144,1181,70,1345,57,N,0,1181,1345,1,1,4,-3,0.8529411764705882,16.264705882352942,67.54705882352941,115.43150744578944,91.35243403291823,24.07907341287121,0.5029311187103078,0.16459113472089176,0.3790913531998046,0.4063777596075225,0.84375,10.1875,66.64921875,106.66854215751778,91.38329172088007,15.28525043663771,0.4941044357102751,0.1631677040475437,0.39809096013475576,0.30719557195571956
503,2010,144,1277,59,1320,52,N,0,1277,1320,1,5,9,-4,0.75,8.9375,67.12578125,108.19240930622315,94.87785291139535,13.314556394827804,0.5153930731170973,0.2090292245201988,0.3622869708631116,0.4046728971962617,0.875,9.03125,59.5453125,106.32658951953607,91.15956860584114,15.167020913694927,0.4968691296180338,0.17686110892440104,0.36443331246086413,0.3074596774193548
504,2010,144,1397,76,1326,73,N,0,1326,1397,0,2,6,-4,0.7941176470588235,13.029411764705882,65.45882352941176,113.40762041696621,93.50287562904386,19.904744787922354,0.5639281828073993,0.17298705966930267,0.35690968443960824,0.29569377990430623,0.7575757575757576,8.696969696969697,70.75530303030304,104.07186526333821,91.78024990096041,12.291615362377797,0.5023065094823168,0.18715804576164116,0.3603280369041517,0.32466442953020136
505,2010,145,1139,63,1243,56,N,0,1139,1243,1,5,2,3,0.875,10.0625,64.7140625,108.31301156529928,92.76384093488181,15.549170630417464,0.5199252801992528,0.19170871864210348,0.47696139476961397,0.3119072708113804,0.78125,10.25,72.28515625,109.93785463388274,95.75790326938665,14.179951364496091,0.505872931126535,0.2018913807079168,0.5205552589428724,0.4103852596314908
506,2010,145,1452,73,1246,66,N,0,1246,1452,0,1,2,-1,0.9411764705882353,13.970588235294118,70.76102941176471,111.97589234685925,92.23255572296982,19.743336623889434,0.5299295774647887,0.20491505169636826,0.4351106639839034,0.4090909090909091,0.8181818181818182,9.181818181818182,64.95909090909092,112.33177057821939,98.19700044316936,14.134770135050033,0.4934963579604579,0.18053320271499546,0.38189386056191466,0.4240924092409241
507,2010,146,1181,78,1124,71,N,0,1124,1181,0,3,1,2,0.7741935483870968,10.161290322580646,67.91209677419356,112.95436463169894,97.99194879528802,14.962415836410912,0.5462377943710511,0.20614884041277268,0.37277426766226307,0.38336713995943206,0.8529411764705882,16.264705882352942,67.54705882352941,115.43150744578944,91.35243403291823,24.07907341287121,0.5029311187103078,0.16459113472089176,0.3790913531998046,0.4063777596075225
508,2010,146,1277,70,1397,69,N,0,1277,1397,1,5,6,-1,0.75,8.9375,67.12578125,108.19240930622315,94.87785291139535,13.314556394827804,0.5153930731170973,0.2090292245201988,0.3622869708631116,0.4046728971962617,0.7575757575757576,8.696969696969697,70.75530303030304,104.07186526333821,91.78024990096041,12.291615362377797,0.5023065094823168,0.18715804576164116,0.3603280369041517,0.32466442953020136
509,2010,152,1139,52,1277,50,N,0,1139,1277,1,5,5,0,0.875,10.0625,64.7140625,108.31301156529928,92.76384093488181,15.549170630417464,0.5199252801992528,0.19170871864210348,0.47696139476961397,0.3119072708113804,0.75,8.9375,67.12578125,108.19240930622315,94.87785291139535,13.314556394827804,0.5153930731170973,0.2090292245201988,0.3622869708631116,0.4046728971962617
510,2010,152,1181,78,1452,57,N,0,1181,1452,1,1,2,-1,0.8529411764705882,16.264705882352942,67.54705882352941,115.43150744578944,91.35243403291823,24.07907341287121,0.5029311187103078,0.16459113472089176,0.3790913531998046,0.4063777596075225,0.8181818181818182,9.181818181818182,64.95909090909092,112.33177057821939,98.19700044316936,14.134770135050033,0.4934963579604579,0.18053320271499546,0.38189386056191466,0.4240924092409241
511,2010,154,1181,61,1139,59,N,0,1139,1181,0,5,1,4,0.875,10.0625,64.7140625,108.31301156529928,92.76384093488181,15.549170630417464,0.5199252801992528,0.19170871864210348,0.47696139476961397,0.3119072708113804,0.8529411764705882,16.264705882352942,67.54705882352941,115.43150744578944,91.35243403291823,24.07907341287121,0.5029311187103078,0.16459113472089176,0.3790913531998046,0.4063777596075225
512,2011,134,1155,70,1412,52,N,0,1155,1412,1,12,12,0,0.65625,7.3125,65.40546875,104.34907249250469,93.16881472545062,11.180257767054073,0.5020360674810936,0.20401581480906367,0.3845258871436882,0.3455743879472693,0.7333333333333333,6.566666666666666,64.67833333333333,106.52717293271833,96.3743654495323,10.152807483186024,0.5077519379844961,0.18965650526966785,0.30172927847346454,0.337573385518591
513,2011,134,1421,81,1114,77,N,1,1114,1421,0,16,16,0,0.5151515151515151,-1.2727272727272727,65.14924242424243,101.724478760887,103.67803528030046,-1.9535565194134676,0.47661152310325156,0.17861088177494563,0.42384483742156304,0.29335634167385677,0.5517241379310345,3.0,71.25775862068966,100.7512793525206,96.54121148332305,4.210067869197545,0.4920294297976701,0.21340688854208253,0.4175352544451257,0.32097560975609757
514,2011,135,1427,70,1106,61,N,0,1106,1427,0,16,16,0,0.46875,-2.875,66.62109375,92.40691879214306,96.72236880680153,-4.315450014658467,0.44351961950059454,0.2359425388449135,0.4667063020214031,0.3616298811544992,0.5517241379310345,-0.2413793103448276,68.67241379310344,102.63620386643234,102.98769771528998,-0.35149384885764334,0.4943289224952741,0.19633442129048456,0.4158790170132325,0.2994011976047904
515,2011,135,1433,59,1425,46,N,0,1425,1433,0,11,11,0,0.5757575757575758,4.0606060606060606,64.54318181818182,103.57172200899092,97.28042067208939,6.291301336901526,0.5013935340022296,0.17606253741328917,0.3472686733556299,0.30180180180180183,0.6764705882352942,4.088235294117647,66.20514705882353,108.0420706582703,101.86696875798266,6.175101900287643,0.5084388185654009,0.17459101056208975,0.3697257383966245,0.31547619047619047
516,2011,136,1139,60,1330,58,N,0,1139,1330,1,8,9,-1,0.7096774193548387,7.483870967741935,66.41532258064517,109.13727156821079,97.8689818468824,11.268289721328387,0.5095375722543353,0.16999575010624735,0.38439306358381503,0.32435033686236764,0.8181818181818182,7.545454545454546,60.43939393939394,108.94961143143645,96.46527951867635,12.484331912760098,0.48653954010095346,0.20506392579593882,0.3701626472237802,0.4530141843971631
517,2011,136,1140,74,1459,66,N,0,1140,1459,1,3,14,-11,0.8787878787878788,13.424242424242424,71.95,112.95723039989892,94.2994924926822,18.657737907216713,0.5178571428571429,0.15288394718554552,0.3898809523809524,0.31526271893244373,0.6363636363636364,5.96969696969697,66.09545454545454,111.68420328725672,102.65227059120188,9.031932696054838,0.5328324986087924,0.1792632326983472,0.41958820255982193,0.3456439393939394
518,2011,136,1153,78,1281,63,N,0,1153,1281,1,6,11,-5,0.7575757575757576,9.757575757575758,64.10151515151514,107.59448790980217,92.37242063961047,15.222067270191701,0.4934426229508197,0.18058477320537974,0.38579234972677595,0.3836589698046181,0.6875,9.0,73.3625,110.19764866246379,97.92980064746976,12.26784801499403,0.5174563591022444,0.17081274493099335,0.34713216957605986,0.33219470538001705
519,2011,136,1163,81,1137,52,N,0,1137,1163,0,14,3,11,0.7575757575757576,7.333333333333333,66.77424242424243,105.96537405550134,94.98309545959927,10.982278595902073,0.5124722838137472,0.17017993691997002,0.3425720620842572,0.25965250965250963,0.7428571428571429,7.0285714285714285,67.17,109.2749739467024,98.81111890937707,10.463855037325331,0.4814462416745956,0.17482294391628916,0.3434823977164605,0.39453125
520,2011,136,1196,79,1364,51,N,0,1196,1364,1,2,15,-13,0.7878787878787878,8.484848484848484,65.10151515151514,109.8982940396118,96.8650359578281,13.0332580817837,0.5169902912621359,0.19084413619754698,0.3592233009708738,0.3836589698046181,0.5517241379310345,2.103448275862069,65.97068965517242,102.86699945116692,99.6785406267151,3.188458824451814,0.5188172043010753,0.21691973969631234,0.37231182795698925,0.2836322869955157
521,2011,136,1211,86,1385,71,N,0,1211,1385,1,11,6,5,0.71875,10.6875,68.578125,110.64023695602643,95.05582137161085,15.58441558441558,0.5250422059651098,0.19731146046935522,0.41643218908272367,0.35493230174081236,0.65625,3.65625,66.525,105.31754979331077,99.82149567831641,5.496054114994365,0.4944606413994169,0.18695978955279968,0.4478134110787172,0.33143399810066476
522,2011,136,1243,73,1429,68,N,0,1243,1429,1,5,12,-7,0.6774193548387096,6.580645161290323,69.08306451612903,105.24964103521941,95.72394149165919,9.525699543560222,0.4968961625282167,0.21666297001038956,0.4272009029345372,0.41197822141560797,0.90625,13.28125,64.2765625,110.89773196878723,90.23506818679049,20.66266378199674,0.5221159593544531,0.18377616257870044,0.4339509862522415,0.3420787083753784
523,2011,136,1246,59,1343,57,N,0,1246,1343,1,4,13,-9,0.7575757575757576,12.575757575757576,67.0060606060606,114.05571635311144,95.28762662807526,18.768089725036177,0.5236979166666667,0.15918958031837918,0.37083333333333335,0.3515418502202643,0.8,5.566666666666666,64.7225,107.38151338406273,98.78069192836082,8.600821455701904,0.5208333333333334,0.19004210282359305,0.37436868686868685,0.31170212765957445
524,2011,136,1287,62,1257,61,N,0,1257,1287,0,4,13,-9,0.7352941176470589,10.735294117647058,69.24191176470588,108.82562201998535,93.32158141214201,15.504040607843336,0.525378233284529,0.18817232847327678,0.2981942410932162,0.35168447000821695,0.7096774193548387,6.838709677419355,64.79435483870968,106.29161739996266,95.73713361130126,10.5544837886614,0.5091019417475728,0.23249735515589023,0.4095873786407767,0.4169921875
525,2011,136,1338,74,1421,51,N,0,1338,1421,1,1,16,-15,0.84375,13.09375,63.7796875,116.1223939831941,95.59273867561674,20.529655307577357,0.5275411697898921,0.18275802934907764,0.43270868824531517,0.4284369114877589,0.5517241379310345,3.0,71.25775862068966,100.7512793525206,96.54121148332305,4.210067869197545,0.4920294297976701,0.21340688854208253,0.4175352544451257,0.32097560975609757
526,2011,136,1350,69,1435,66,N,0,1350,1435,1,12,5,7,0.7941176470588235,9.176470588235293,64.02058823529411,109.6154729636606,95.28184867000506,14.333624293655532,0.5360458765701802,0.1667662057242615,0.3342435827416712,0.28205128205128205,0.696969696969697,8.575757575757576,68.7469696969697,110.85888083221299,98.38450179622242,12.474379035990566,0.5276701715550637,0.19130319793709916,0.4504703929164361,0.3278538812785388
527,2011,136,1361,68,1294,50,N,0,1294,1361,0,15,2,13,0.6551724137931034,4.379310344827586,66.58620689655173,106.68047643707924,100.10357327809425,6.57690315898499,0.5016339869281046,0.21750388399792853,0.4444444444444444,0.3573667711598746,0.9375,12.125,64.29921875,110.46984921570296,91.61269941557417,18.857149800128795,0.5084978070175439,0.17156118245993465,0.32730263157894735,0.37558247903075487
528,2011,136,1396,66,1336,64,N,0,1336,1396,0,10,7,3,0.5757575757575758,0.6060606060606061,59.6530303030303,105.66152752025603,104.64555129409972,1.0159762261563117,0.4988193624557261,0.17677986335119758,0.31759149940968123,0.3231827111984283,0.78125,8.78125,66.2265625,107.11336557744485,93.85395776807833,13.259407809366522,0.5013676148796499,0.1627934410758523,0.34463894967177244,0.3214936247723133
529,2011,136,1417,78,1277,76,N,0,1277,1417,0,10,7,3,0.5625,2.15625,66.47578125,102.48093173030593,99.2372692122366,3.2436625180693284,0.48647125140924463,0.2002609032894969,0.366967305524239,0.34570135746606334,0.6875,4.1875,67.70625,103.3416412812702,97.15683559494138,6.184805686328815,0.5046511627906977,0.21923751500046157,0.42790697674418604,0.35965746907706947
530,2011,136,1452,84,1155,76,N,0,1155,1452,0,12,5,7,0.65625,7.3125,65.40546875,104.34907249250469,93.16881472545062,11.180257767054073,0.5020360674810936,0.20401581480906367,0.3845258871436882,0.3455743879472693,0.6451612903225806,5.451612903225806,63.854838709677416,108.91639302854256,100.37888355645364,8.537509472088914,0.48370197904540163,0.18944177822682495,0.4074505238649593,0.4047186932849365
531,2011,136,1458,72,1125,58,N,0,1125,1458,0,13,4,9,0.8823529411764706,18.41176470588235,70.16250000000001,114.52405654939687,88.28245354796114,26.241603001435735,0.5443386773547094,0.19869839972333134,0.3802605210420842,0.3793691389599318,0.7419354838709677,9.870967741935484,57.59193548387096,118.40815526367379,101.26865880639652,17.139496457277275,0.5204572803850782,0.12826616629792478,0.28038507821901326,0.34169278996865204
532,2011,137,1112,77,1272,75,N,0,1112,1272,1,5,12,-7,0.7941176470588235,9.058823529411764,67.74338235294118,112.96957592992587,99.5973125223866,13.372263407539265,0.5441176470588235,0.18972984120437203,0.4406318082788671,0.3333333333333333,0.7352941176470589,3.9411764705882355,70.29558823529412,102.46647559674483,96.85989832848685,5.606577268257979,0.5033836543466944,0.21756867011150394,0.39458615304528893,0.35370051635111877
533,2011,137,1181,87,1214,45,N,0,1181,1214,1,1,16,-15,0.8823529411764706,16.794117647058822,70.57132352941177,114.86085207914395,91.06348395969867,23.79736811944528,0.5355566454144188,0.1733748710628588,0.37420304070622856,0.3536379018612521,0.7419354838709677,5.032258064516129,68.16854838709678,98.14383229424222,90.76175040518639,7.382081889055826,0.46164936562860437,0.1779271019413456,0.4215686274509804,0.2950257289879931
534,2011,137,1199,57,1401,50,N,0,1199,1401,1,10,7,3,0.6774193548387096,7.064516129032258,69.98225806451612,99.05736476987256,88.962640300537,10.09472446933556,0.4910970706490523,0.23047316140035495,0.38024124066628373,0.35707678075855687,0.7419354838709677,7.129032258064516,64.23951612903225,106.80793903862812,95.71035816061364,11.097580878014483,0.4959451029320025,0.20337195726678134,0.4759825327510917,0.3793793793793794
535,2011,137,1206,61,1437,57,N,0,1206,1437,1,8,9,-1,0.8125,11.8125,65.19765625,112.49445795837178,94.37647538135239,18.11798257701939,0.535448827901658,0.16775909793536484,0.3927958833619211,0.3281703775411423,0.65625,7.15625,66.1,110.01323751891076,99.18683812405447,10.826399394856281,0.4971703452178834,0.18107034795763996,0.4255800792303339,0.3602941176470588
536,2011,137,1228,73,1424,62,N,0,1228,1424,1,9,8,1,0.59375,6.0625,66.503125,107.18481274376205,98.06869977914572,9.116112964616335,0.5282861896838602,0.1912504111648889,0.28618968386023297,0.3209028459273798,0.75,9.28125,67.46953125,106.57588494806683,92.81967554799041,13.756209400076415,0.5103815937149271,0.18758467363740577,0.39225589225589225,0.33488372093023255
537,2011,137,1242,72,1131,53,N,0,1131,1242,0,16,1,15,0.6176470588235294,1.9705882352941178,62.777205882352945,103.868723426684,100.72970472141208,3.1390187052719227,0.47406181015452536,0.19021516333438745,0.3769315673289183,0.3460559796437659,0.9411764705882353,17.147058823529413,70.53235294117647,116.80080063383512,92.48988782786373,24.310912805971398,0.5765696784073507,0.19098452941912347,0.4063297600816743,0.36522539098436063
538,2011,137,1266,66,1462,55,N,0,1266,1462,1,11,6,5,0.5882352941176471,7.029411764705882,68.55514705882354,110.98836273931464,100.73470263313133,10.253660106183304,0.513953488372093,0.17461253820989972,0.4470284237726098,0.3622317596566524,0.7741935483870968,8.064516129032258,66.28951612903225,109.53904548717138,97.37344736553973,12.165598121631646,0.5145542753183747,0.1805374761250137,0.4493632504548211,0.3237997957099081
539,2011,137,1276,75,1397,45,N,0,1276,1397,1,8,9,-1,0.59375,2.875,62.2546875,105.21296087142032,100.59483472630073,4.618126145119589,0.5188235294117647,0.16314032577868132,0.2788235294117647,0.2504854368932039,0.5757575757575758,3.3333333333333335,67.70151515151515,104.3349819841998,99.4114092607927,4.923572723407105,0.47839831401475236,0.19515251885504553,0.3972602739726027,0.3823038397328882
540,2011,137,1314,102,1254,87,N,0,1254,1314,0,15,2,13,0.84375,8.71875,75.4578125,109.45685710144328,97.90238750957695,11.554469591866322,0.5236486486486487,0.2033420992690452,0.5062370062370062,0.3785772690106296,0.7878787878787878,8.909090909090908,72.60833333333333,105.58934924824975,93.319282576714,12.270066671535744,0.49170326988775015,0.18613774610561024,0.37920937042459735,0.37172359015091344
541,2011,137,1323,69,1103,56,N,0,1103,1323,0,15,2,13,0.6470588235294118,3.6470588235294117,67.83823529411765,103.1432907001951,97.76717970951658,5.376110990678512,0.4987146529562982,0.1773249512247995,0.31876606683804626,0.28452579034941766,0.8125,10.375,65.2015625,116.56162381077908,100.64942845503128,15.912195355747798,0.541207196749855,0.1639147834839081,0.4538595473012188,0.33849129593810445
542,2011,137,1326,75,1427,46,N,0,1326,1427,1,1,16,-15,0.9411764705882353,17.264705882352942,64.54779411764706,119.42814831691064,92.68098194452355,26.747166372387085,0.56005291005291,0.15765791422224754,0.3783068783068783,0.3527777777777778,0.5517241379310345,-0.2413793103448276,68.67241379310344,102.63620386643234,102.98769771528998,-0.35149384885764334,0.4943289224952741,0.19633442129048456,0.4158790170132325,0.2994011976047904
543,2011,137,1345,65,1389,43,N,0,1345,1389,1,3,14,-11,0.78125,11.21875,66.26171875,109.65041561044626,92.71944821081176,16.930967399634497,0.5081699346405228,0.15610446265401168,0.35130718954248363,0.3203266787658802,0.6060606060606061,1.4848484848484849,65.8280303030303,93.26412944656072,91.00848169587884,2.2556477506818737,0.4593967517401392,0.22878712899773287,0.398491879350348,0.32495667244367415
544,2011,137,1393,77,1232,60,N,0,1232,1393,0,14,3,11,0.59375,1.0625,65.79140625,100.07956016292022,98.4646076021517,1.614952560768515,0.4884272997032641,0.21374372127818747,0.3839762611275964,0.3129062209842154,0.7878787878787878,10.272727272727273,66.56439393939394,110.57872873157685,95.14596255619416,15.432766175382682,0.5243128964059197,0.1820975359927161,0.35676532769556024,0.37043633125556547
545,2011,137,1400,85,1324,81,N,0,1324,1400,0,13,4,9,0.7272727272727273,8.545454545454545,73.0780303030303,116.43842716896634,104.74482444045904,11.693602728507301,0.5609633718013045,0.18701471030343242,0.39989964877069745,0.363716814159292,0.7941176470588235,13.529411764705882,68.32573529411764,109.63916360857915,89.8378227134294,19.80134089514975,0.502773575390822,0.17304650086630868,0.43217347453353505,0.3822330888345558
546,2011,137,1433,74,1207,56,N,0,1207,1433,0,6,11,-5,0.6774193548387096,4.935483870967742,65.11693548387096,109.08415381757385,101.50473713542634,7.57941668214751,0.5439127801332526,0.2060808718806118,0.3361599030890369,0.33620689655172414,0.6764705882352942,4.088235294117647,66.20514705882353,108.0420706582703,101.86696875798266,6.175101900287643,0.5084388185654009,0.17459101056208975,0.3697257383966245,0.31547619047619047
547,2011,137,1449,68,1208,65,N,0,1208,1449,0,10,7,3,0.65625,4.53125,66.025,104.22188564937522,97.3589549413101,6.862930708065122,0.4940744920993228,0.20304808784551304,0.3656884875846501,0.3680297397769517,0.696969696969697,13.121212121212121,72.76439393939394,114.77475038782289,96.74228779060688,18.03246259721601,0.5392387218045113,0.16991327343335175,0.32471804511278196,0.3795081967213115
548,2011,138,1139,71,1338,70,N,0,1139,1338,1,8,1,7,0.7096774193548387,7.483870967741935,66.41532258064517,109.13727156821079,97.8689818468824,11.268289721328387,0.5095375722543353,0.16999575010624735,0.38439306358381503,0.32435033686236764,0.84375,13.09375,63.7796875,116.1223939831941,95.59273867561674,20.529655307577357,0.5275411697898921,0.18275802934907764,0.43270868824531517,0.4284369114877589
549,2011,138,1140,89,1211,67,N,0,1140,1211,1,3,11,-8,0.8787878787878788,13.424242424242424,71.95,112.95723039989892,94.2994924926822,18.657737907216713,0.5178571428571429,0.15288394718554552,0.3898809523809524,0.31526271893244373,0.71875,10.6875,68.578125,110.64023695602643,95.05582137161085,15.58441558441558,0.5250422059651098,0.19731146046935522,0.41643218908272367,0.35493230174081236
550,2011,138,1163,69,1153,58,N,0,1153,1163,0,6,3,3,0.7575757575757576,9.757575757575758,64.10151515151514,107.59448790980217,92.37242063961047,15.222067270191701,0.4934426229508197,0.18058477320537974,0.38579234972677595,0.3836589698046181,0.7428571428571429,7.0285714285714285,67.17,109.2749739467024,98.81111890937707,10.463855037325331,0.4814462416745956,0.17482294391628916,0.3434823977164605,0.39453125
551,2011,138,1196,73,1417,65,N,0,1196,1417,1,2,7,-5,0.7878787878787878,8.484848484848484,65.10151515151514,109.8982940396118,96.8650359578281,13.0332580817837,0.5169902912621359,0.19084413619754698,0.3592233009708738,0.3836589698046181,0.6875,4.1875,67.70625,103.3416412812702,97.15683559494138,6.184805686328815,0.5046511627906977,0.21923751500046157,0.42790697674418604,0.35965746907706947
552,2011,138,1246,71,1452,63,N,0,1246,1452,1,4,5,-1,0.7575757575757576,12.575757575757576,67.0060606060606,114.05571635311144,95.28762662807526,18.768089725036177,0.5236979166666667,0.15918958031837918,0.37083333333333335,0.3515418502202643,0.6451612903225806,5.451612903225806,63.854838709677416,108.91639302854256,100.37888355645364,8.537509472088914,0.48370197904540163,0.18944177822682495,0.4074505238649593,0.4047186932849365
553,2011,138,1350,65,1287,48,N,0,1287,1350,0,13,12,1,0.7096774193548387,6.838709677419355,64.79435483870968,106.29161739996266,95.73713361130126,10.5544837886614,0.5091019417475728,0.23249735515589023,0.4095873786407767,0.4169921875,0.7941176470588235,9.176470588235293,64.02058823529411,109.6154729636606,95.28184867000506,14.333624293655532,0.5360458765701802,0.1667662057242615,0.3342435827416712,0.28205128205128205
554,2011,138,1361,71,1396,64,N,2,1361,1396,1,2,7,-5,0.9375,12.125,64.29921875,110.46984921570296,91.61269941557417,18.857149800128795,0.5084978070175439,0.17156118245993465,0.32730263157894735,0.37558247903075487,0.78125,8.78125,66.2265625,107.11336557744485,93.85395776807833,13.259407809366522,0.5013676148796499,0.1627934410758523,0.34463894967177244,0.3214936247723133
555,2011,138,1458,70,1243,65,N,0,1243,1458,0,5,4,1,0.6774193548387096,6.580645161290323,69.08306451612903,105.24964103521941,95.72394149165919,9.525699543560222,0.4968961625282167,0.21666297001038956,0.4272009029345372,0.41197822141560797,0.7419354838709677,9.870967741935484,57.59193548387096,118.40815526367379,101.26865880639652,17.139496457277275,0.5204572803850782,0.12826616629792478,0.28038507821901326,0.34169278996865204
556,2011,139,1112,70,1400,69,N,0,1112,1400,1,5,4,1,0.7941176470588235,9.058823529411764,67.74338235294118,112.96957592992587,99.5973125223866,13.372263407539265,0.5441176470588235,0.18972984120437203,0.4406318082788671,0.3333333333333333,0.7941176470588235,13.529411764705882,68.32573529411764,109.63916360857915,89.8378227134294,19.80134089514975,0.502773575390822,0.17304650086630868,0.43217347453353505,0.3822330888345558
557,2011,139,1181,73,1276,71,N,0,1181,1276,1,1,8,-7,0.8823529411764706,16.794117647058822,70.57132352941177,114.86085207914395,91.06348395969867,23.79736811944528,0.5355566454144188,0.1733748710628588,0.37420304070622856,0.3536379018612521,0.59375,2.875,62.2546875,105.21296087142032,100.59483472630073,4.618126145119589,0.5188235294117647,0.16314032577868132,0.2788235294117647,0.2504854368932039
558,2011,139,1199,71,1323,57,N,0,1199,1323,1,10,2,8,0.6774193548387096,7.064516129032258,69.98225806451612,99.05736476987256,88.962640300537,10.09472446933556,0.4910970706490523,0.23047316140035495,0.38024124066628373,0.35707678075855687,0.8125,10.375,65.2015625,116.56162381077908,100.64942845503128,15.912195355747798,0.541207196749855,0.1639147834839081,0.4538595473012188,0.33849129593810445
559,2011,139,1242,73,1228,59,N,0,1228,1242,0,9,1,8,0.59375,6.0625,66.503125,107.18481274376205,98.06869977914572,9.116112964616335,0.5282861896838602,0.1912504111648889,0.28618968386023297,0.3209028459273798,0.9411764705882353,17.147058823529413,70.53235294117647,116.80080063383512,92.48988782786373,24.310912805971398,0.5765696784073507,0.19098452941912347,0.4063297600816743,0.36522539098436063
560,2011,139,1266,66,1393,62,N,0,1266,1393,1,11,3,8,0.5882352941176471,7.029411764705882,68.55514705882354,110.98836273931464,100.73470263313133,10.253660106183304,0.513953488372093,0.17461253820989972,0.4470284237726098,0.3622317596566524,0.7878787878787878,10.272727272727273,66.56439393939394,110.57872873157685,95.14596255619416,15.432766175382682,0.5243128964059197,0.1820975359927161,0.35676532769556024,0.37043633125556547
561,2011,139,1314,86,1449,83,N,0,1314,1449,1,2,7,-5,0.7878787878787878,8.909090909090908,72.60833333333333,105.58934924824975,93.319282576714,12.270066671535744,0.49170326988775015,0.18613774610561024,0.37920937042459735,0.37172359015091344,0.696969696969697,13.121212121212121,72.76439393939394,114.77475038782289,96.74228779060688,18.03246259721601,0.5392387218045113,0.16991327343335175,0.32471804511278196,0.3795081967213115
562,2011,139,1326,98,1206,66,N,0,1206,1326,0,8,1,7,0.8125,11.8125,65.19765625,112.49445795837178,94.37647538135239,18.11798257701939,0.535448827901658,0.16775909793536484,0.3927958833619211,0.3281703775411423,0.9411764705882353,17.264705882352942,64.54779411764706,119.42814831691064,92.68098194452355,26.747166372387085,0.56005291005291,0.15765791422224754,0.3783068783068783,0.3527777777777778
563,2011,139,1433,94,1345,76,N,0,1345,1433,0,3,11,-8,0.78125,11.21875,66.26171875,109.65041561044626,92.71944821081176,16.930967399634497,0.5081699346405228,0.15610446265401168,0.35130718954248363,0.3203266787658802,0.6764705882352942,4.088235294117647,66.20514705882353,108.0420706582703,101.86696875798266,6.175101900287643,0.5084388185654009,0.17459101056208975,0.3697257383966245,0.31547619047619047
564,2011,143,1112,93,1181,77,N,0,1112,1181,1,5,1,4,0.7941176470588235,9.058823529411764,67.74338235294118,112.96957592992587,99.5973125223866,13.372263407539265,0.5441176470588235,0.18972984120437203,0.4406318082788671,0.3333333333333333,0.8823529411764706,16.794117647058822,70.57132352941177,114.86085207914395,91.06348395969867,23.79736811944528,0.5355566454144188,0.1733748710628588,0.37420304070622856,0.3536379018612521
565,2011,143,1139,61,1458,54,N,0,1139,1458,1,8,4,4,0.7096774193548387,7.483870967741935,66.41532258064517,109.13727156821079,97.8689818468824,11.268289721328387,0.5095375722543353,0.16999575010624735,0.38439306358381503,0.32435033686236764,0.7419354838709677,9.870967741935484,57.59193548387096,118.40815526367379,101.26865880639652,17.139496457277275,0.5204572803850782,0.12826616629792478,0.28038507821901326,0.34169278996865204
566,2011,143,1163,74,1361,67,N,0,1163,1361,1,3,2,1,0.7428571428571429,7.0285714285714285,67.17,109.2749739467024,98.81111890937707,10.463855037325331,0.4814462416745956,0.17482294391628916,0.3434823977164605,0.39453125,0.9375,12.125,64.29921875,110.46984921570296,91.61269941557417,18.857149800128795,0.5084978070175439,0.17156118245993465,0.32730263157894735,0.37558247903075487
567,2011,143,1196,83,1140,74,N,1,1140,1196,0,3,2,1,0.8787878787878788,13.424242424242424,71.95,112.95723039989892,94.2994924926822,18.657737907216713,0.5178571428571429,0.15288394718554552,0.3898809523809524,0.31526271893244373,0.7878787878787878,8.484848484848484,65.10151515151514,109.8982940396118,96.8650359578281,13.0332580817837,0.5169902912621359,0.19084413619754698,0.3592233009708738,0.3836589698046181
568,2011,144,1242,77,1350,57,N,0,1242,1350,1,1,12,-11,0.9411764705882353,17.147058823529413,70.53235294117647,116.80080063383512,92.48988782786373,24.310912805971398,0.5765696784073507,0.19098452941912347,0.4063297600816743,0.36522539098436063,0.7941176470588235,9.176470588235293,64.02058823529411,109.6154729636606,95.28184867000506,14.333624293655532,0.5360458765701802,0.1667662057242615,0.3342435827416712,0.28205128205128205
569,2011,144,1246,62,1326,60,N,0,1246,1326,1,4,1,3,0.7575757575757576,12.575757575757576,67.0060606060606,114.05571635311144,95.28762662807526,18.768089725036177,0.5236979166666667,0.15918958031837918,0.37083333333333335,0.3515418502202643,0.9411764705882353,17.264705882352942,64.54779411764706,119.42814831691064,92.68098194452355,26.747166372387085,0.56005291005291,0.15765791422224754,0.3783068783068783,0.3527777777777778
570,2011,144,1314,81,1266,63,N,0,1266,1314,0,11,2,9,0.5882352941176471,7.029411764705882,68.55514705882354,110.98836273931464,100.73470263313133,10.253660106183304,0.513953488372093,0.17461253820989972,0.4470284237726098,0.3622317596566524,0.7878787878787878,8.909090909090908,72.60833333333333,105.58934924824975,93.319282576714,12.270066671535744,0.49170326988775015,0.18613774610561024,0.37920937042459735,0.37172359015091344
571,2011,144,1433,72,1199,71,N,1,1199,1433,0,10,11,-1,0.6774193548387096,7.064516129032258,69.98225806451612,99.05736476987256,88.962640300537,10.09472446933556,0.4910970706490523,0.23047316140035495,0.38024124066628373,0.35707678075855687,0.6764705882352942,4.088235294117647,66.20514705882353,108.0420706582703,101.86696875798266,6.175101900287643,0.5084388185654009,0.17459101056208975,0.3697257383966245,0.31547619047619047
572,2011,145,1139,74,1196,71,N,1,1139,1196,1,8,2,6,0.7096774193548387,7.483870967741935,66.41532258064517,109.13727156821079,97.8689818468824,11.268289721328387,0.5095375722543353,0.16999575010624735,0.38439306358381503,0.32435033686236764,0.7878787878787878,8.484848484848484,65.10151515151514,109.8982940396118,96.8650359578281,13.0332580817837,0.5169902912621359,0.19084413619754698,0.3592233009708738,0.3836589698046181
573,2011,145,1163,65,1112,63,N,0,1112,1163,0,5,3,2,0.7941176470588235,9.058823529411764,67.74338235294118,112.96957592992587,99.5973125223866,13.372263407539265,0.5441176470588235,0.18972984120437203,0.4406318082788671,0.3333333333333333,0.7428571428571429,7.0285714285714285,67.17,109.2749739467024,98.81111890937707,10.463855037325331,0.4814462416745956,0.17482294391628916,0.3434823977164605,0.39453125
574,2011,146,1246,76,1314,69,N,0,1246,1314,1,4,2,2,0.7575757575757576,12.575757575757576,67.0060606060606,114.05571635311144,95.28762662807526,18.768089725036177,0.5236979166666667,0.15918958031837918,0.37083333333333335,0.3515418502202643,0.7878787878787878,8.909090909090908,72.60833333333333,105.58934924824975,93.319282576714,12.270066671535744,0.49170326988775015,0.18613774610561024,0.37920937042459735,0.37172359015091344
575,2011,146,1433,71,1242,61,N,0,1242,1433,0,1,11,-10,0.9411764705882353,17.147058823529413,70.53235294117647,116.80080063383512,92.48988782786373,24.310912805971398,0.5765696784073507,0.19098452941912347,0.4063297600816743,0.36522539098436063,0.6764705882352942,4.088235294117647,66.20514705882353,108.0420706582703,101.86696875798266,6.175101900287643,0.5084388185654009,0.17459101056208975,0.3697257383966245,0.31547619047619047
576,2011,152,1139,70,1433,62,N,0,1139,1433,1,8,11,-3,0.7096774193548387,7.483870967741935,66.41532258064517,109.13727156821079,97.8689818468824,11.268289721328387,0.5095375722543353,0.16999575010624735,0.38439306358381503,0.32435033686236764,0.6764705882352942,4.088235294117647,66.20514705882353,108.0420706582703,101.86696875798266,6.175101900287643,0.5084388185654009,0.17459101056208975,0.3697257383966245,0.31547619047619047
577,2011,152,1163,56,1246,55,N,0,1163,1246,1,3,4,-1,0.7428571428571429,7.0285714285714285,67.17,109.2749739467024,98.81111890937707,10.463855037325331,0.4814462416745956,0.17482294391628916,0.3434823977164605,0.39453125,0.7575757575757576,12.575757575757576,67.0060606060606,114.05571635311144,95.28762662807526,18.768089725036177,0.5236979166666667,0.15918958031837918,0.37083333333333335,0.3515418502202643
578,2011,154,1163,53,1139,41,N,0,1139,1163,0,8,3,5,0.7096774193548387,7.483870967741935,66.41532258064517,109.13727156821079,97.8689818468824,11.268289721328387,0.5095375722543353,0.16999575010624735,0.38439306358381503,0.32435033686236764,0.7428571428571429,7.0285714285714285,67.17,109.2749739467024,98.81111890937707,10.463855037325331,0.4814462416745956,0.17482294391628916,0.3434823977164605,0.39453125
579,2012,134,1140,78,1233,72,N,0,1140,1233,1,14,14,0,0.7419354838709677,10.774193548387096,72.59435483870968,107.93516780163746,93.0935267782752,14.841641023362257,0.5225685115529285,0.1777442038726018,0.36700698549167116,0.3042688465031789,0.78125,10.6875,71.97734375,115.66139518728767,100.8129728321629,14.848422355124768,0.5674987264391238,0.17192910095407626,0.31023942944472743,0.32577903682719545
580,2012,134,1443,59,1290,58,N,0,1290,1443,0,16,16,0,0.6363636363636364,-0.36363636363636365,70.63181818181818,97.5609756097561,98.07580925413477,-0.514833644378669,0.4653767820773931,0.20507540167749963,0.34928716904276985,0.3364126250962279,0.45454545454545453,-2.9393939393939394,68.47272727272727,95.01681713577625,99.30961232076474,-4.292795184988492,0.4480021893814997,0.21950787750044257,0.4028461959496442,0.3360455655004068
581,2012,135,1378,65,1143,54,N,0,1143,1378,0,12,12,0,0.7272727272727273,9.878787878787879,66.44924242424241,107.85174375520164,92.98507632848039,14.86666742672125,0.5211538461538462,0.18423722823298713,0.3445054945054945,0.3212890625,0.59375,1.5,59.9890625,98.03870497226056,95.53824916000312,2.5004558122574423,0.48173076923076924,0.22816659286849164,0.3423076923076923,0.3419155509783728
582,2012,135,1436,71,1249,59,N,0,1249,1436,0,16,16,0,0.65625,6.75,68.81328125,105.53921958197567,95.73006664320341,9.809152938772257,0.46536224219989425,0.17620145093720552,0.4119513484928609,0.37343358395989973,0.6764705882352942,6.735294117647059,63.792647058823526,105.39662048456627,94.83851633278776,10.558104151778508,0.49416990560799556,0.19364208487978055,0.3786785119378123,0.34150772025431425
583,2012,136,1124,68,1355,60,N,0,1124,1355,1,3,14,-11,0.7878787878787878,9.0,67.42878787878789,110.14987753634585,96.80246275531987,13.34741478102599,0.525974025974026,0.20537941262386805,0.3647186147186147,0.37629350893697083,0.78125,9.75,66.7234375,114.46502587640212,99.85246938154228,14.612556494859845,0.537751677852349,0.15596093951244644,0.39932885906040266,0.3051643192488263
584,2012,136,1160,68,1424,64,N,0,1160,1424,1,11,6,5,0.65625,2.71875,65.25625,101.57073077291449,97.40446317402548,4.166267598889007,0.49334945586457074,0.19251029594866395,0.43047158403869407,0.29338446788111217,0.75,9.59375,70.2625,108.07685465219711,94.42270058708415,13.654154065112962,0.5323275862068966,0.19524995552392813,0.3577586206896552,0.3258325832583258
585,2012,136,1211,77,1452,54,N,0,1211,1452,1,7,10,-3,0.8064516129032258,10.774193548387096,66.86451612903227,110.62331146275568,94.50984175993824,16.11346970281744,0.5336597307221542,0.19972983404091083,0.4700122399020808,0.3476482617586912,0.59375,5.46875,66.71015625,107.36745950883603,99.16968227757674,8.197777231259295,0.4865951742627346,0.19299909824450456,0.38123324396782843,0.41131105398457585
586,2012,136,1231,79,1308,66,N,0,1231,1308,1,4,13,-9,0.7575757575757576,11.727272727272727,67.07575757575758,115.20216851140728,97.71854529026429,17.48362322114299,0.5471859010801592,0.19019652134628418,0.4661739624786811,0.3545816733067729,0.7272727272727273,9.303030303030303,71.11590909090908,108.827884482226,95.74638074845804,13.08150373376796,0.5074826296098344,0.20623608492324738,0.5275253874933191,0.4069965870307167
587,2012,136,1235,77,1163,64,N,0,1163,1235,0,9,8,1,0.6060606060606061,4.7272727272727275,65.23106060606061,105.54555484582777,98.29858893211777,7.2469659137099995,0.5021691973969631,0.19232332617153475,0.34436008676789587,0.3679927667269439,0.6875,6.46875,67.2765625,108.7860278235827,99.17086652576818,9.615161297814524,0.5290468133107727,0.18626471886104468,0.38691483361534124,0.3215940685820204
588,2012,136,1243,70,1379,64,N,0,1243,1379,1,8,9,-1,0.6774193548387096,7.709677419354839,67.81774193548387,105.31072371393917,93.9424929245844,11.368230789354769,0.4933908045977011,0.21357052821842226,0.42873563218390803,0.4075785582255083,0.7419354838709677,4.516129032258065,66.06290322580645,107.0826924485461,100.24658805146609,6.836104397080007,0.4626740947075209,0.16357821235870015,0.40222841225626743,0.3657487091222031
589,2012,136,1246,81,1443,66,N,0,1246,1443,1,1,16,-15,0.9411764705882353,17.676470588235293,66.18455882352941,115.8525069158214,89.14466009709923,26.70784681872216,0.5335239085239085,0.17153459021675127,0.3996881496881497,0.38531278331822305,0.45454545454545453,-2.9393939393939394,68.47272727272727,95.01681713577625,99.30961232076474,-4.292795184988492,0.4480021893814997,0.21950787750044257,0.4028461959496442,0.3360455655004068
590,2012,136,1257,69,1172,62,N,0,1172,1257,0,13,4,9,0.7741935483870968,9.451612903225806,69.05403225806452,112.02074112137525,98.33346958319221,13.68727153818304,0.5133660665575559,0.17237553575390938,0.36715766503000546,0.35050597976080955,0.7428571428571429,7.6571428571428575,68.60071428571429,100.33214981101821,89.17025020564134,11.161899605376874,0.4762143214822233,0.21365874990889308,0.3700550826239359,0.36163522012578614
591,2012,136,1266,88,1140,68,N,0,1140,1266,0,14,3,11,0.7419354838709677,10.774193548387096,72.59435483870968,107.93516780163746,93.0935267782752,14.841641023362257,0.5225685115529285,0.1777442038726018,0.36700698549167116,0.3042688465031789,0.78125,9.71875,70.5265625,107.67219797505373,93.89192901610653,13.780268958947204,0.5083919870059556,0.18787247712519664,0.4147265836491608,0.3442622950819672
592,2012,136,1293,58,1161,41,N,0,1161,1293,0,11,6,5,0.6451612903225806,2.6774193548387095,65.35806451612903,108.68170376585559,104.58516361482651,4.096540151029075,0.5346471710108074,0.19051379497556883,0.4297520661157025,0.2841163310961969,0.9642857142857143,11.857142857142858,66.55982142857142,111.50012743638241,93.6858626101654,17.814264826217013,0.5472088215024121,0.20980052852562814,0.4638180565127498,0.3473193473193473
593,2012,136,1307,75,1253,68,N,0,1253,1307,0,12,5,7,0.7419354838709677,9.161290322580646,67.83951612903226,108.74811283746033,95.24375601811676,13.50435681934357,0.5258367586611862,0.1897267032013409,0.4339401056958309,0.341796875,0.8125,12.90625,66.54453125,109.04352113833545,89.64861406248164,19.39490707585381,0.5294117647058824,0.20005400518919425,0.39388696655132643,0.3400383141762452
594,2012,136,1326,78,1259,59,N,0,1259,1326,0,15,2,13,0.75,3.78125,64.953125,104.06543180178014,98.2439259081068,5.821505893673333,0.47414294015107494,0.2073610777002646,0.4299825682742591,0.38990825688073394,0.7941176470588235,15.705882352941176,66.88382352941177,111.78294232756535,88.3006090455355,23.482333282029856,0.5254891864057673,0.17369890723598863,0.36972193614830073,0.35847382431233366
595,2012,136,1393,72,1421,65,N,0,1393,1421,1,1,16,-15,0.9393939393939394,14.181818181818182,65.98333333333333,113.02211302211303,91.5290821832878,21.493030838825234,0.5197031729785057,0.15981997290408506,0.31832139201637666,0.36617262423714037,0.7,6.2,70.5825,111.26459580396464,102.48054876680953,8.784047037155105,0.5266666666666666,0.19126554032515142,0.48545454545454547,0.3285123966942149
596,2012,136,1433,62,1455,59,N,0,1433,1455,1,12,5,7,0.8235294117647058,8.617647058823529,65.61911764705883,104.21102171623225,91.07819188274578,13.132829833486468,0.47557172557172556,0.1734609264695995,0.3731808731808732,0.3384244372990354,0.8387096774193549,14.161290322580646,67.7717741935484,113.47382700477169,92.57826909575543,20.89555790901626,0.5415723981900452,0.17849280673988838,0.35237556561085975,0.3346534653465347
597,2012,136,1435,79,1217,70,N,0,1217,1435,0,12,5,7,0.8620689655172413,10.03448275862069,61.04482758620689,106.59210303338418,90.15421115065243,16.437891882731748,0.5254360465116279,0.20504999152685985,0.4273255813953488,0.3092269326683292,0.7058823529411765,7.9411764705882355,66.6735294117647,109.35638978340465,97.44585116238034,11.910538621024315,0.5396391470749043,0.1976267148969959,0.3958447238928376,0.3221110100090992
598,2012,136,1458,73,1285,49,N,0,1285,1458,0,13,4,9,0.7931034482758621,9.03448275862069,66.74827586206897,106.73141499199255,93.19625975099447,13.53515524099808,0.5282651072124757,0.1859792323190577,0.39766081871345027,0.2778993435448578,0.7272727272727273,11.0,59.199999999999996,107.90335790335791,89.32227682227682,18.581081081081095,0.4965177016831109,0.15151515151515152,0.3110853163087638,0.3044719314938154
599,2012,137,1153,65,1400,59,N,0,1153,1400,1,6,11,-5,0.7058823529411765,7.323529411764706,65.09117647058824,105.23699787628215,93.98581175726358,11.25118611901857,0.47979300147856085,0.1626677511183408,0.29374075899457863,0.3608490566037736,0.6060606060606061,6.242424242424242,67.41969696969697,108.3668561925523,99.10780502056319,9.259051171989114,0.48716577540106953,0.1865294289502663,0.4310160427807487,0.38859649122807016
600,2012,137,1166,58,1104,57,N,0,1104,1166,0,9,8,1,0.65625,6.8125,63.50703125,102.25245728204308,91.52529862589034,10.727158656152739,0.49014336917562723,0.2037176001673043,0.36499402628434885,0.3388834476003918,0.8484848484848485,10.484848484848484,68.06666666666666,117.57635117086636,102.17255809812129,15.403793072745074,0.5833791964777105,0.18030451429080227,0.3918547055586131,0.3155778894472362
601,2012,137,1196,71,1438,45,N,0,1196,1438,1,7,10,-3,0.696969696969697,10.242424242424242,65.81439393939394,115.89064748201439,100.32805755395684,15.562589928057548,0.5472794506075013,0.16575539568345324,0.3301637612255679,0.33810375670840787,0.7096774193548387,9.387096774193548,61.041935483870965,103.31342810336628,87.93531681023094,15.378111293135333,0.5094833224329627,0.18707393119484225,0.35840418574231525,0.2785793562708102
602,2012,137,1199,66,1382,63,N,0,1199,1382,1,3,14,-11,0.7272727272727273,7.424242424242424,68.96969696969697,101.97715289982425,91.21265377855887,10.764499121265374,0.514010989010989,0.2359402460456942,0.3516483516483517,0.3574744661095636,0.6451612903225806,5.67741935483871,66.06693548387096,106.97850420516828,98.385068906168,8.593435299000276,0.5095092024539877,0.21483588247500704,0.42760736196319016,0.36429308565531476
603,2012,137,1207,74,1125,59,N,0,1125,1207,0,14,3,11,0.7878787878787878,13.878787878787879,69.49242424242425,117.1263490679167,97.15469312111632,19.971655946800382,0.5572100313479624,0.17573312983756678,0.39184952978056425,0.3460837887067395,0.7333333333333333,9.333333333333334,64.0625,106.82276422764228,92.25365853658536,14.569105691056919,0.5100882723833543,0.1966829268292683,0.39407313997477933,0.35873015873015873
604,2012,137,1242,65,1178,50,N,0,1178,1242,0,15,2,13,0.6060606060606061,2.9393939393939394,67.12575757575758,105.59104349592577,101.2121075322213,4.378935963704478,0.485310421286031,0.19005484955872062,0.4401330376940133,0.3527803099361896,0.8181818181818182,13.090909090909092,67.8,110.66416376150889,91.35603825869312,19.30812550281577,0.5399889685603971,0.19576293912577097,0.4103695532266961,0.3491912464319695
605,2012,137,1250,75,1181,70,N,0,1181,1250,0,2,15,-13,0.8181818181818182,9.06060606060606,68.65075757575757,112.9123031593816,99.71418797382448,13.198115185557114,0.529886914378029,0.1774462309228749,0.45288099084544964,0.3471731448763251,0.78125,10.21875,68.75703125,109.98875115045053,95.12663477598882,14.862116374461706,0.5094594594594595,0.16771012055585224,0.37351351351351353,0.31431159420289856
606,2012,137,1277,89,1254,67,N,0,1254,1277,0,16,1,15,0.7575757575757576,4.545454545454546,75.13484848484848,108.97578091915547,102.92605214866201,6.049728770493459,0.5325396825396825,0.21537034422956705,0.4984126984126984,0.3475177304964539,0.7941176470588235,13.029411764705882,65.71985294117647,109.77970216717574,89.95401604403719,19.825686123138553,0.5273120605732828,0.1978093288132559,0.38994050838290967,0.37047353760445684
607,2012,137,1301,79,1361,65,N,0,1301,1361,1,11,6,5,0.6470588235294118,5.352941176470588,68.17279411764706,107.64169767567276,99.78967804562369,7.852019630049071,0.5091836734693878,0.18810332740117564,0.3596938775510204,0.3575757575757576,0.7741935483870968,5.870967741935484,67.4475806451613,103.97560829796139,95.27111855084594,8.704489747115446,0.5028985507246376,0.1884378549650266,0.36231884057971014,0.313404050144648
608,2012,137,1313,86,1281,84,N,0,1281,1313,0,2,15,-13,0.8823529411764706,14.558823529411764,66.66691176470589,120.44073367377325,98.60257866699018,21.83815500678307,0.5777777777777777,0.15441119701765801,0.3772486772486772,0.30648330058939094,0.75,2.8125,69.1875,100.5420054200542,96.4769647696477,4.065040650406502,0.4971214738054116,0.2140921409214092,0.43753598157743234,0.33489242282507015
609,2012,137,1314,77,1436,58,N,0,1314,1436,1,1,16,-15,0.8529411764705882,15.117647058823529,72.98308823529412,112.31449671055945,91.60059240154347,20.713904309015987,0.4995483288166215,0.16119769890284816,0.3807588075880759,0.40501519756838905,0.6764705882352942,6.735294117647059,63.792647058823526,105.39662048456627,94.83851633278776,10.558104151778508,0.49416990560799556,0.19364208487978055,0.3786785119378123,0.34150772025431425
610,2012,137,1325,65,1276,60,N,0,1276,1325,0,4,13,-9,0.71875,4.5,61.6859375,108.20942779705666,100.91441019276071,7.29501760429595,0.5362927414517097,0.1773094556599711,0.2891421715656869,0.281282316442606,0.7878787878787878,7.545454545454546,67.53787878787878,103.95961862030286,92.78743690409422,11.172181716208641,0.4901804670912951,0.19562535053280988,0.3662420382165605,0.3503344481605351
611,2012,137,1345,72,1388,69,N,0,1345,1388,1,10,7,3,0.6363636363636364,6.181818181818182,64.71818181818182,111.53251861216464,101.98061525495154,9.551903357213092,0.5117677824267782,0.13391393922367376,0.3410041841004184,0.32013769363166955,0.8333333333333334,10.933333333333334,64.77916666666667,113.92551617675436,97.0476619283463,16.877854248408056,0.5356265356265356,0.1811281919341352,0.3961916461916462,0.35953878406708595
612,2012,137,1378,58,1396,44,N,0,1378,1396,1,12,5,7,0.59375,1.5,59.9890625,98.03870497226056,95.53824916000312,2.5004558122574423,0.48173076923076924,0.22816659286849164,0.3423076923076923,0.3419155509783728,0.7741935483870968,6.129032258064516,69.23306451612903,109.82073174993303,100.96797866020572,8.852753089727315,0.5345596432552955,0.18078253677969458,0.34057971014492755,0.317429406037001
613,2012,137,1387,61,1272,54,N,0,1272,1387,0,8,9,-1,0.7647058823529411,12.147058823529411,68.25882352941177,110.30679076180627,92.51120303343674,17.795587728369526,0.5439024390243903,0.18657359531196138,0.416260162601626,0.314453125,0.7741935483870968,11.709677419354838,63.43387096774194,108.92725469755142,90.46759388746217,18.459660810089247,0.5208207604103802,0.1779857102901167,0.3512371756185878,0.31891348088531185
614,2012,137,1462,67,1323,63,N,0,1323,1462,0,7,10,-3,0.6666666666666666,4.96969696969697,62.375757575757575,106.58764088612514,98.62028760202098,7.967353284104163,0.4922901199314677,0.16080450835600466,0.3792118789263278,0.3067873303167421,0.6363636363636364,3.3333333333333335,68.11590909090908,103.92268081367546,99.02906142604519,4.893619387630267,0.4967231021299836,0.18684728570951922,0.4079737848170399,0.3173758865248227
615,2012,138,1124,80,1160,63,N,0,1124,1160,1,3,11,-8,0.7878787878787878,9.0,67.42878787878789,110.14987753634585,96.80246275531987,13.34741478102599,0.525974025974026,0.20537941262386805,0.3647186147186147,0.37629350893697083,0.65625,2.71875,65.25625,101.57073077291449,97.40446317402548,4.166267598889007,0.49334945586457074,0.19251029594866395,0.43047158403869407,0.29338446788111217
616,2012,138,1231,63,1433,61,N,0,1231,1433,1,4,12,-8,0.7575757575757576,11.727272727272727,67.07575757575758,115.20216851140728,97.71854529026429,17.48362322114299,0.5471859010801592,0.19019652134628418,0.4661739624786811,0.3545816733067729,0.8235294117647058,8.617647058823529,65.61911764705883,104.21102171623225,91.07819188274578,13.132829833486468,0.47557172557172556,0.1734609264695995,0.3731808731808732,0.3384244372990354
617,2012,138,1246,87,1235,71,N,0,1235,1246,0,8,1,7,0.6875,6.46875,67.2765625,108.7860278235827,99.17086652576818,9.615161297814524,0.5290468133107727,0.18626471886104468,0.38691483361534124,0.3215940685820204,0.9411764705882353,17.676470588235293,66.18455882352941,115.8525069158214,89.14466009709923,26.70784681872216,0.5335239085239085,0.17153459021675127,0.3996881496881497,0.38531278331822305
618,2012,138,1257,59,1307,56,N,0,1257,1307,1,4,5,-1,0.7428571428571429,7.6571428571428575,68.60071428571429,100.33214981101821,89.17025020564134,11.161899605376874,0.4762143214822233,0.21365874990889308,0.3700550826239359,0.36163522012578614,0.8125,12.90625,66.54453125,109.04352113833545,89.64861406248164,19.39490707585381,0.5294117647058824,0.20005400518919425,0.39388696655132643,0.3400383141762452
619,2012,138,1266,62,1293,53,N,0,1266,1293,1,3,6,-3,0.78125,9.71875,70.5265625,107.67219797505373,93.89192901610653,13.780268958947204,0.5083919870059556,0.18787247712519664,0.4147265836491608,0.3442622950819672,0.9642857142857143,11.857142857142858,66.55982142857142,111.50012743638241,93.6858626101654,17.814264826217013,0.5472088215024121,0.20980052852562814,0.4638180565127498,0.3473193473193473
620,2012,138,1326,73,1211,66,N,0,1211,1326,0,7,2,5,0.8064516129032258,10.774193548387096,66.86451612903227,110.62331146275568,94.50984175993824,16.11346970281744,0.5336597307221542,0.19972983404091083,0.4700122399020808,0.3476482617586912,0.7941176470588235,15.705882352941176,66.88382352941177,111.78294232756535,88.3006090455355,23.482333282029856,0.5254891864057673,0.17369890723598863,0.36972193614830073,0.35847382431233366
621,2012,138,1393,75,1243,59,N,0,1243,1393,0,8,1,7,0.6774193548387096,7.709677419354839,67.81774193548387,105.31072371393917,93.9424929245844,11.368230789354769,0.4933908045977011,0.21357052821842226,0.42873563218390803,0.4075785582255083,0.9393939393939394,14.181818181818182,65.98333333333333,113.02211302211303,91.5290821832878,21.493030838825234,0.5197031729785057,0.15981997290408506,0.31832139201637666,0.36617262423714037
622,2012,138,1458,60,1435,57,N,0,1435,1458,0,5,4,1,0.7058823529411765,7.9411764705882355,66.6735294117647,109.35638978340465,97.44585116238034,11.910538621024315,0.5396391470749043,0.1976267148969959,0.3958447238928376,0.3221110100090992,0.7272727272727273,11.0,59.199999999999996,107.90335790335791,89.32227682227682,18.581081081081095,0.4965177016831109,0.15151515151515152,0.3110853163087638,0.3044719314938154
623,2012,139,1153,62,1199,56,N,0,1153,1199,1,6,3,3,0.7058823529411765,7.323529411764706,65.09117647058824,105.23699787628215,93.98581175726358,11.25118611901857,0.47979300147856085,0.1626677511183408,0.29374075899457863,0.3608490566037736,0.7272727272727273,7.424242424242424,68.96969696969697,101.97715289982425,91.21265377855887,10.764499121265374,0.514010989010989,0.2359402460456942,0.3516483516483517,0.3574744661095636
624,2012,139,1196,84,1313,50,N,0,1196,1313,1,7,15,-8,0.696969696969697,10.242424242424242,65.81439393939394,115.89064748201439,100.32805755395684,15.562589928057548,0.5472794506075013,0.16575539568345324,0.3301637612255679,0.33810375670840787,0.75,2.8125,69.1875,100.5420054200542,96.4769647696477,4.065040650406502,0.4971214738054116,0.2140921409214092,0.43753598157743234,0.33489242282507015
625,2012,139,1242,63,1345,60,N,0,1242,1345,1,2,10,-8,0.8181818181818182,13.090909090909092,67.8,110.66416376150889,91.35603825869312,19.30812550281577,0.5399889685603971,0.19576293912577097,0.4103695532266961,0.3491912464319695,0.6363636363636364,6.181818181818182,64.71818181818182,111.53251861216464,101.98061525495154,9.551903357213092,0.5117677824267782,0.13391393922367376,0.3410041841004184,0.32013769363166955
626,2012,139,1277,65,1387,61,N,0,1277,1387,1,1,9,-8,0.7941176470588235,13.029411764705882,65.71985294117647,109.77970216717574,89.95401604403719,19.825686123138553,0.5273120605732828,0.1978093288132559,0.38994050838290967,0.37047353760445684,0.7741935483870968,11.709677419354838,63.43387096774194,108.92725469755142,90.46759388746217,18.459660810089247,0.5208207604103802,0.1779857102901167,0.3512371756185878,0.31891348088531185
627,2012,139,1301,66,1207,63,N,0,1207,1301,0,3,11,-8,0.7333333333333333,9.333333333333334,64.0625,106.82276422764228,92.25365853658536,14.569105691056919,0.5100882723833543,0.1966829268292683,0.39407313997477933,0.35873015873015873,0.6470588235294118,5.352941176470588,68.17279411764706,107.64169767567276,99.78967804562369,7.852019630049071,0.5091836734693878,0.18810332740117564,0.3596938775510204,0.3575757575757576
628,2012,139,1314,87,1166,73,N,0,1166,1314,0,8,1,7,0.8484848484848485,10.484848484848484,68.06666666666666,117.57635117086636,102.17255809812129,15.403793072745074,0.5833791964777105,0.18030451429080227,0.3918547055586131,0.3155778894472362,0.8529411764705882,15.117647058823529,72.98308823529412,112.31449671055945,91.60059240154347,20.713904309015987,0.4995483288166215,0.16119769890284816,0.3807588075880759,0.40501519756838905
629,2012,139,1325,62,1378,56,N,0,1325,1378,1,13,12,1,0.7878787878787878,7.545454545454546,67.53787878787878,103.95961862030286,92.78743690409422,11.172181716208641,0.4901804670912951,0.19562535053280988,0.3662420382165605,0.3503344481605351,0.59375,1.5,59.9890625,98.03870497226056,95.53824916000312,2.5004558122574423,0.48173076923076924,0.22816659286849164,0.3423076923076923,0.3419155509783728
630,2012,139,1462,70,1250,58,N,0,1250,1462,0,15,10,5,0.78125,10.21875,68.75703125,109.98875115045053,95.12663477598882,14.862116374461706,0.5094594594594595,0.16771012055585224,0.37351351351351353,0.31431159420289856,0.6363636363636364,3.3333333333333335,68.11590909090908,103.92268081367546,99.02906142604519,4.893619387630267,0.4967231021299836,0.18684728570951922,0.4079737848170399,0.3173758865248227
631,2012,143,1196,68,1266,58,N,0,1196,1266,1,7,3,4,0.696969696969697,10.242424242424242,65.81439393939394,115.89064748201439,100.32805755395684,15.562589928057548,0.5472794506075013,0.16575539568345324,0.3301637612255679,0.33810375670840787,0.78125,9.71875,70.5265625,107.67219797505373,93.89192901610653,13.780268958947204,0.5083919870059556,0.18787247712519664,0.4147265836491608,0.3442622950819672
632,2012,143,1257,57,1277,44,N,0,1257,1277,1,4,1,3,0.7428571428571429,7.6571428571428575,68.60071428571429,100.33214981101821,89.17025020564134,11.161899605376874,0.4762143214822233,0.21365874990889308,0.3700550826239359,0.36163522012578614,0.7941176470588235,13.029411764705882,65.71985294117647,109.77970216717574,89.95401604403719,19.825686123138553,0.5273120605732828,0.1978093288132559,0.38994050838290967,0.37047353760445684
633,2012,143,1326,81,1153,66,N,0,1153,1326,0,6,2,4,0.7058823529411765,7.323529411764706,65.09117647058824,105.23699787628215,93.98581175726358,11.25118611901857,0.47979300147856085,0.1626677511183408,0.29374075899457863,0.3608490566037736,0.7941176470588235,15.705882352941176,66.88382352941177,111.78294232756535,88.3006090455355,23.482333282029856,0.5254891864057673,0.17369890723598863,0.36972193614830073,0.35847382431233366
634,2012,143,1393,64,1458,63,N,0,1393,1458,1,1,4,-3,0.9393939393939394,14.181818181818182,65.98333333333333,113.02211302211303,91.5290821832878,21.493030838825234,0.5197031729785057,0.15981997290408506,0.31832139201637666,0.36617262423714037,0.7272727272727273,11.0,59.199999999999996,107.90335790335791,89.32227682227682,18.581081081081095,0.4965177016831109,0.15151515151515152,0.3110853163087638,0.3044719314938154
635,2012,144,1124,75,1462,70,N,0,1124,1462,1,3,10,-7,0.7878787878787878,9.0,67.42878787878789,110.14987753634585,96.80246275531987,13.34741478102599,0.525974025974026,0.20537941262386805,0.3647186147186147,0.37629350893697083,0.6363636363636364,3.3333333333333335,68.11590909090908,103.92268081367546,99.02906142604519,4.893619387630267,0.4967231021299836,0.18684728570951922,0.4079737848170399,0.3173758865248227
636,2012,144,1242,60,1301,57,N,0,1242,1301,1,2,11,-9,0.8181818181818182,13.090909090909092,67.8,110.66416376150889,91.35603825869312,19.30812550281577,0.5399889685603971,0.19576293912577097,0.4103695532266961,0.3491912464319695,0.6470588235294118,5.352941176470588,68.17279411764706,107.64169767567276,99.78967804562369,7.852019630049071,0.5091836734693878,0.18810332740117564,0.3596938775510204,0.3575757575757576
637,2012,144,1246,102,1231,90,N,0,1231,1246,0,4,1,3,0.7575757575757576,11.727272727272727,67.07575757575758,115.20216851140728,97.71854529026429,17.48362322114299,0.5471859010801592,0.19019652134628418,0.4661739624786811,0.3545816733067729,0.9411764705882353,17.676470588235293,66.18455882352941,115.8525069158214,89.14466009709923,26.70784681872216,0.5335239085239085,0.17153459021675127,0.3996881496881497,0.38531278331822305
638,2012,144,1314,73,1325,65,N,1,1314,1325,1,1,13,-12,0.8529411764705882,15.117647058823529,72.98308823529412,112.31449671055945,91.60059240154347,20.713904309015987,0.4995483288166215,0.16119769890284816,0.3807588075880759,0.40501519756838905,0.7878787878787878,7.545454545454546,67.53787878787878,103.95961862030286,92.78743690409422,11.172181716208641,0.4901804670912951,0.19562535053280988,0.3662420382165605,0.3503344481605351
639,2012,145,1257,72,1196,68,N,0,1196,1257,0,7,4,3,0.696969696969697,10.242424242424242,65.81439393939394,115.89064748201439,100.32805755395684,15.562589928057548,0.5472794506075013,0.16575539568345324,0.3301637612255679,0.33810375670840787,0.7428571428571429,7.6571428571428575,68.60071428571429,100.33214981101821,89.17025020564134,11.161899605376874,0.4762143214822233,0.21365874990889308,0.3700550826239359,0.36163522012578614
640,2012,145,1326,77,1393,70,N,0,1326,1393,1,2,1,1,0.7941176470588235,15.705882352941176,66.88382352941177,111.78294232756535,88.3006090455355,23.482333282029856,0.5254891864057673,0.17369890723598863,0.36972193614830073,0.35847382431233366,0.9393939393939394,14.181818181818182,65.98333333333333,113.02211302211303,91.5290821832878,21.493030838825234,0.5197031729785057,0.15981997290408506,0.31832139201637666,0.36617262423714037
641,2012,146,1242,80,1314,67,N,0,1242,1314,1,2,1,1,0.8181818181818182,13.090909090909092,67.8,110.66416376150889,91.35603825869312,19.30812550281577,0.5399889685603971,0.19576293912577097,0.4103695532266961,0.3491912464319695,0.8529411764705882,15.117647058823529,72.98308823529412,112.31449671055945,91.60059240154347,20.713904309015987,0.4995483288166215,0.16119769890284816,0.3807588075880759,0.40501519756838905
642,2012,146,1246,82,1124,70,N,0,1124,1246,0,3,1,2,0.7878787878787878,9.0,67.42878787878789,110.14987753634585,96.80246275531987,13.34741478102599,0.525974025974026,0.20537941262386805,0.3647186147186147,0.37629350893697083,0.9411764705882353,17.676470588235293,66.18455882352941,115.8525069158214,89.14466009709923,26.70784681872216,0.5335239085239085,0.17153459021675127,0.3996881496881497,0.38531278331822305
643,2012,152,1242,64,1326,62,N,0,1242,1326,1,2,2,0,0.8181818181818182,13.090909090909092,67.8,110.66416376150889,91.35603825869312,19.30812550281577,0.5399889685603971,0.19576293912577097,0.4103695532266961,0.3491912464319695,0.7941176470588235,15.705882352941176,66.88382352941177,111.78294232756535,88.3006090455355,23.482333282029856,0.5254891864057673,0.17369890723598863,0.36972193614830073,0.35847382431233366
644,2012,152,1246,69,1257,61,N,0,1246,1257,1,1,4,-3,0.9411764705882353,17.676470588235293,66.18455882352941,115.8525069158214,89.14466009709923,26.70784681872216,0.5335239085239085,0.17153459021675127,0.3996881496881497,0.38531278331822305,0.7428571428571429,7.6571428571428575,68.60071428571429,100.33214981101821,89.17025020564134,11.161899605376874,0.4762143214822233,0.21365874990889308,0.3700550826239359,0.36163522012578614
645,2012,154,1246,67,1242,59,N,0,1242,1246,0,2,1,1,0.8181818181818182,13.090909090909092,67.8,110.66416376150889,91.35603825869312,19.30812550281577,0.5399889685603971,0.19576293912577097,0.4103695532266961,0.3491912464319695,0.9411764705882353,17.676470588235293,66.18455882352941,115.8525069158214,89.14466009709923,26.70784681872216,0.5335239085239085,0.17153459021675127,0.3996881496881497,0.38531278331822305
646,2013,134,1299,73,1251,72,N,0,1251,1299,0,16,16,0,0.375,-3.40625,66.95,100.63480209111276,105.72255414488424,-5.0877520537714815,0.4843296575739988,0.19884241971620611,0.3853743470690656,0.2929936305732484,0.5294117647058824,0.20588235294117646,66.96911764705882,92.00904719032039,91.70161839302577,0.30742879729461947,0.4518413597733711,0.2248622060212126,0.431728045325779,0.3021702838063439
647,2013,134,1388,67,1292,54,N,0,1292,1388,0,11,11,0,0.8484848484848485,13.454545454545455,66.50530303030304,107.12292252839258,86.89213664893434,20.23078587945824,0.5128996074032529,0.20731999043138505,0.42232192933258556,0.3699261992619926,0.8125,11.5625,64.94296875,115.29346662335942,97.48938371407604,17.80408290928338,0.5427036199095022,0.18381512625260144,0.36934389140271495,0.37195715676728336
648,2013,135,1241,68,1254,55,N,0,1241,1254,1,16,16,0,0.5882352941176471,0.8235294117647058,64.54558823529412,100.97742133922671,99.70153334396572,1.2758879952609874,0.4736697750959956,0.17315622792827684,0.38288535381239713,0.2918454935622318,0.6060606060606061,3.0606060606060606,70.9719696969697,111.95200836864747,107.63959309586585,4.312415272781621,0.549215792320173,0.2028116093634918,0.46349378042184963,0.3510830324909747
649,2013,135,1247,80,1129,71,N,0,1129,1247,0,13,13,0,0.6551724137931034,4.620689655172414,66.72327586206896,106.5130040439799,99.58784997222187,6.92515407175803,0.516209476309227,0.18398170518998955,0.33728179551122195,0.3006396588486141,0.7,6.466666666666667,67.5975,107.15386417150536,97.58743543276995,9.56642873873541,0.5145180023228804,0.17308332408742927,0.3153310104529617,0.29560975609756096
650,2013,136,1112,81,1125,64,N,0,1112,1125,1,6,11,-5,0.78125,9.59375,67.1046875,109.204368174727,94.90767690409109,14.296691270635904,0.5185289163391353,0.19512422287936296,0.37394722066254915,0.354126679462572,0.8,12.266666666666667,68.78,111.80575748764176,93.97111563438983,17.834641853251924,0.56789755807028,0.19724726180091112,0.3240023823704586,0.3037837837837838
651,2013,136,1139,68,1137,56,N,0,1137,1139,0,11,6,5,0.84375,9.5625,62.500781249999996,107.5986550168123,92.2988462644217,15.299808752390604,0.4991139988186651,0.15099811252359346,0.36562315416420554,0.29580348004094165,0.7575757575757576,4.909090909090909,64.68863636363636,105.77474850390566,98.18594900982562,7.588799494080035,0.5099375354911981,0.20517865298808982,0.38103350369108463,0.3623462630085147
652,2013,136,1143,64,1424,61,N,0,1143,1424,1,12,5,7,0.6451612903225806,3.161290322580645,66.78225806451613,101.14720444390774,96.41347663325685,4.73372781065089,0.4815340909090909,0.18790001207583626,0.3125,0.3281853281853282,0.7272727272727273,7.515151515151516,69.32727272727273,102.54392866509309,91.70382026400908,10.84010840108401,0.493368700265252,0.2028149313751202,0.3649867374005305,0.33506044905008636
653,2013,136,1161,84,1281,72,N,0,1161,1281,1,8,9,-1,0.7419354838709677,8.709677419354838,64.11693548387096,112.69731463429973,99.11326331677253,13.584051317527198,0.4885386819484241,0.16703351990440854,0.4326647564469914,0.4175209692451072,0.696969696969697,10.06060606060606,68.76742424242424,110.86997234860587,96.24007138686615,14.629900961739722,0.5127681307456589,0.19256827470723675,0.3508682328907048,0.3957968476357268
654,2013,136,1211,64,1380,58,N,0,1211,1380,1,1,16,-15,0.9375,17.3125,65.1265625,117.94342746095342,91.36057196324464,26.582855497708778,0.5553337136337707,0.1713010724310837,0.40958357102110665,0.37448979591836734,0.6896551724137931,8.172413793103448,65.19137931034483,102.1395890084896,89.60355452117109,12.536034487318503,0.4908735332464146,0.1687339663061014,0.4028683181225554,0.267223382045929
655,2013,136,1217,68,1307,62,N,0,1217,1307,1,14,3,11,0.6666666666666666,4.703703703703703,64.81481481481481,106.34285714285714,99.08571428571429,7.257142857142853,0.5503937007874016,0.21085714285714285,0.5039370078740157,0.2608108108108108,0.8529411764705882,7.029411764705882,65.09926470588235,103.59744733721128,92.79945784153159,10.797989495679687,0.4866401364411598,0.1766533009544248,0.45764638999431495,0.28868778280542984
656,2013,136,1257,79,1299,48,N,0,1257,1299,1,1,16,-15,0.8529411764705882,15.588235294117647,67.81911764705882,108.46325649977233,85.47824012836915,22.985016371403177,0.49544072948328266,0.1869158878504673,0.3880445795339412,0.38423236514522824,0.5294117647058824,0.20588235294117646,66.96911764705882,92.00904719032039,91.70161839302577,0.30742879729461947,0.4518413597733711,0.2248622060212126,0.431728045325779,0.3021702838063439
657,2013,136,1266,59,1172,58,N,0,1172,1266,0,14,3,11,0.78125,11.09375,64.8921875,112.63875177578194,95.54308829549011,17.095663480291833,0.5326278659611993,0.1695119308468373,0.3868312757201646,0.29221435793731043,0.7419354838709677,6.258064516129032,64.97258064516129,106.19864458952908,96.56678996102573,9.631854628503348,0.5070595457335789,0.20951766253754683,0.41375076734192756,0.3781779661016949
658,2013,136,1272,54,1388,52,N,0,1272,1388,1,6,11,-5,0.8823529411764706,10.705882352941176,70.32132352941177,107.86620241120067,92.64196911237282,15.224233298827855,0.5321756894790602,0.2078693392724573,0.3794688457609806,0.3622936576889661,0.8125,11.5625,64.94296875,115.29346662335942,97.48938371407604,17.80408290928338,0.5427036199095022,0.18381512625260144,0.36934389140271495,0.37195715676728336
659,2013,136,1276,71,1355,56,N,0,1276,1355,1,4,13,-9,0.78125,11.4375,64.025,116.16556032799687,98.30144474814524,17.864115579851628,0.5442453854505972,0.1439867239359625,0.28664495114006516,0.32502396931927136,0.7096774193548387,6.290322580645161,64.76774193548387,112.16256599262876,102.45044327124216,9.712122721386592,0.5348082595870206,0.16286482717402131,0.3351032448377581,0.2897959183673469
660,2013,136,1277,65,1434,54,N,0,1277,1434,1,3,14,-11,0.75,8.125,64.03046875,105.4185629400066,92.7292914750058,12.6892714650008,0.5073789846517119,0.20546858795251285,0.3665879574970484,0.35531496062992124,0.78125,8.875,65.2859375,109.47035875834669,95.87631333317377,13.594045425172922,0.5614805520702635,0.22066390637340544,0.4228356336260979,0.3160220994475138
661,2013,136,1332,68,1329,55,N,0,1329,1332,0,5,12,-7,0.75,9.53125,68.76875,105.24402435699355,91.38416795419431,13.859856402799238,0.4894561598224195,0.1804053439970917,0.40843507214206437,0.3180987202925046,0.7647058823529411,8.117647058823529,70.19485294117646,102.1945215524014,90.63007384905463,11.564447703346772,0.491223541559112,0.2124338762897397,0.38977800722767164,0.3611111111111111
662,2013,136,1387,64,1308,44,N,0,1308,1387,0,13,4,9,0.696969696969697,5.151515151515151,66.0469696969697,102.95703241494803,95.15725723199742,7.7997751829506115,0.5,0.21747608451285813,0.4794841735052755,0.3642322097378277,0.8181818181818182,10.575757575757576,65.08939393939393,105.54249400591263,89.29444353918853,16.248050466724095,0.5070381231671555,0.1764473102260295,0.4469208211143695,0.2813975448536355
663,2013,136,1393,81,1285,34,N,0,1285,1393,0,13,4,9,0.7931034482758621,4.827586206896552,65.32327586206897,107.89838337182448,100.5080831408776,7.3903002309468775,0.5396174863387978,0.1884526558891455,0.41325136612021857,0.2511737089201878,0.7428571428571429,11.257142857142858,66.24214285714285,107.700104594615,90.7061753954647,16.9939291991503,0.4919236417033774,0.1906425559904679,0.35291238374938816,0.3985904463586531
664,2013,136,1433,88,1103,42,N,0,1103,1433,0,12,5,7,0.8064516129032258,9.67741935483871,67.58951612903226,106.42994356349405,92.11201393611816,14.31792962737589,0.5135977337110481,0.2033146007087375,0.3677053824362606,0.37934272300469485,0.7647058823529411,12.529411764705882,69.3610294117647,111.4797892527377,93.41573819847133,18.064051054266372,0.5127358490566037,0.17046358037124593,0.30613207547169813,0.37019607843137253
665,2013,136,1455,73,1338,55,N,0,1338,1455,0,8,9,-1,0.75,14.15625,61.3390625,113.45747255266578,90.37878594900273,23.078686603663044,0.5223707147007554,0.1778026848714879,0.3753631609529343,0.40828402366863903,0.7647058823529411,8.735294117647058,64.59117647058824,107.50876553890988,93.98479122080052,13.523974318109367,0.5023847376788553,0.1980784117298848,0.35824059353471116,0.38042553191489364
666,2013,137,1166,67,1153,63,N,0,1153,1166,0,10,7,3,0.6666666666666666,7.878787878787879,65.88863636363635,101.13483494877721,89.177100939372,11.957734009405215,0.4615587151132175,0.19454313407609258,0.3617693522906793,0.3882063882063882,0.7941176470588235,12.294117647058824,64.80808823529412,116.31627315944134,97.34623719352388,18.97003596591746,0.5909345271404589,0.1892465310475499,0.33631785114717405,0.29243353783231085
667,2013,137,1181,73,1107,61,N,0,1107,1181,0,15,2,13,0.7058823529411765,4.117647058823529,62.96764705882353,102.29342799757111,95.754122098183,6.539305899388111,0.49764150943396224,0.21252744173011348,0.4033018867924528,0.3169347209082308,0.84375,12.875,68.75546875,113.85457974933811,95.12879657299986,18.725783176338254,0.5438214480130648,0.15589669003601986,0.3772455089820359,0.29428571428571426
668,2013,137,1195,78,1207,68,N,0,1195,1207,1,15,2,13,0.6875,5.03125,69.8796875,103.5261498557789,96.32627507099255,7.199874784786346,0.5135869565217391,0.2097354828611676,0.34456521739130436,0.33156028368794327,0.8064516129032258,8.838709677419354,62.74274193548387,102.92926826133339,88.84204573206,14.08722252927339,0.5143953934740882,0.20205395817534477,0.3704414587332054,0.3058823529411765
669,2013,137,1196,79,1322,47,N,0,1196,1322,1,3,14,-11,0.7878787878787878,17.939393939393938,62.63333333333333,114.37418355992065,85.73225603560888,28.641927524311768,0.5578098943857699,0.17756059799700033,0.29127292940522514,0.34017595307917886,0.7037037037037037,5.518518518518518,73.74259259259259,105.72311092137315,98.23962230983652,7.483488611536629,0.4930722891566265,0.18984957685643253,0.40843373493975904,0.3527724665391969
670,2013,137,1228,57,1160,49,N,0,1160,1228,0,10,7,3,0.65625,4.375,66.61015625,102.32110812681061,95.7530406633748,6.56806746343581,0.48618307426597585,0.19891861460691287,0.4139320667818077,0.3394327538883806,0.6363636363636364,3.212121212121212,66.16893939393938,103.72897656366281,98.87455205339867,4.854424510264138,0.47960251046025104,0.1735685744707647,0.3122384937238494,0.3305156382079459
671,2013,137,1231,83,1241,62,N,0,1231,1241,1,1,16,-15,0.8181818181818182,17.545454545454547,67.89469696969697,117.82952656185492,91.98736903181174,25.84215753004318,0.5523574561403509,0.19147298066301424,0.45997807017543857,0.39748549323017407,0.5882352941176471,0.8235294117647058,64.54558823529412,100.97742133922671,99.70153334396572,1.2758879952609874,0.4736697750959956,0.17315622792827684,0.38288535381239713,0.2918454935622318
672,2013,137,1235,76,1323,58,N,0,1235,1323,1,10,7,3,0.6666666666666666,8.424242424242424,71.12045454545455,111.9739238807401,100.12888931496927,11.845034565770831,0.53625,0.18662320646790018,0.3305,0.3455631399317406,0.7352941176470589,7.235294117647059,63.62867647058823,110.56797827468654,99.19685676315942,11.371121511527122,0.5228966986155484,0.17380250765586178,0.32215122470713525,0.34115523465703973
673,2013,137,1242,64,1443,57,N,0,1242,1443,1,1,16,-15,0.8529411764705882,13.911764705882353,68.62647058823529,109.84442634894783,89.57270818154544,20.271718167402398,0.5341993637327678,0.19928856126516092,0.39660657476139977,0.34251606978879706,0.5588235294117647,0.7058823529411765,66.91397058823529,100.12856719009264,99.07365691240949,1.054910277683149,0.49101796407185627,0.2250475259057394,0.3794229722373435,0.34763948497854075
674,2013,137,1247,63,1243,61,N,0,1243,1247,0,4,13,-9,0.7878787878787878,7.2727272727272725,63.925000000000004,107.41754660409333,96.04057785520436,11.37696874888897,0.4917728237791932,0.18155745961768643,0.3179405520169851,0.3846823324630113,0.7,6.466666666666667,67.5975,107.15386417150536,97.58743543276995,9.56642873873541,0.5145180023228804,0.17308332408742927,0.3153310104529617,0.29560975609756096
675,2013,137,1274,78,1334,49,N,0,1274,1334,1,2,15,-13,0.8181818181818182,9.242424242424242,64.46060606060605,108.45242572395638,94.11432869499812,14.33809702895826,0.5225250278086763,0.16923655509590074,0.3515016685205784,0.30790697674418605,0.625,1.84375,63.33046875,105.54753710077347,102.63622121066331,2.91131589011016,0.5081032412965186,0.17714617026263524,0.38235294117647056,0.29423264907135877
676,2013,137,1278,83,1417,63,N,0,1278,1417,1,11,6,5,0.625,6.75,63.60703125,107.59423707579498,96.98220273407274,10.612034341722236,0.4907353792704111,0.21715366569635336,0.41864504921829765,0.4412580943570768,0.7352941176470589,5.794117647058823,70.57279411764705,105.89816522364268,97.68803592452517,8.210129299117511,0.4954061895551257,0.15670094499838508,0.3293036750483559,0.3021346469622332
677,2013,137,1279,57,1458,46,N,0,1279,1458,1,12,5,7,0.7647058823529411,10.617647058823529,71.90514705882353,108.31262590626949,93.5464408790175,14.766185027251993,0.49312796208530807,0.1578877401805892,0.3928909952606635,0.33763277693474963,0.6764705882352942,9.617647058823529,62.066911764705885,105.57865681013138,90.08304604850079,15.495610761630587,0.49157894736842106,0.15685159517124544,0.29947368421052634,0.32637729549248745
678,2013,137,1314,78,1437,71,N,0,1314,1437,1,8,9,-1,0.696969696969697,7.0606060606060606,71.74469696969696,106.18459816478888,96.34330485834663,9.841293306442253,0.4955419990614735,0.17106110682871717,0.28015016424213984,0.35065942591155935,0.59375,2.5,68.17109375,98.9238932373738,95.25664974386596,3.66724349350784,0.47315436241610737,0.22920271834423958,0.513117754728493,0.32842686292548295
679,2013,137,1326,95,1233,70,N,0,1233,1326,0,15,2,13,0.6060606060606061,4.9393939393939394,72.10000000000001,111.92367503047114,105.07292060690118,6.850754423569967,0.5249877511024008,0.1689572563358971,0.3272905438510534,0.328448275862069,0.7878787878787878,11.363636363636363,64.17954545454546,107.98304944698229,90.27704002738528,17.70600941959701,0.5084978070175439,0.16525608791623875,0.34155701754385964,0.3229357798165138
680,2013,137,1361,70,1328,55,N,0,1328,1361,0,10,7,3,0.6451612903225806,4.935483870967742,67.54354838709678,105.30840318074361,98.0012894906512,7.307113690092407,0.4790385690329793,0.17527521073620364,0.3610955841252096,0.3360655737704918,0.6666666666666666,7.1,66.91083333333333,102.02632857160648,91.41519185981343,10.611136711793051,0.48456973293768546,0.17834680482731993,0.3602373887240356,0.31486880466472306
681,2013,137,1396,76,1301,72,N,0,1301,1396,0,8,9,-1,0.7058823529411765,7.470588235294118,68.95808823529411,112.42975805849674,101.5962381241803,10.833519934316442,0.5405684754521963,0.1791369437957839,0.41188630490956074,0.3488789237668161,0.71875,4.65625,68.1046875,106.82084107646776,99.98394016564572,6.836900910822038,0.492,0.16105719595292176,0.3552,0.3118556701030928
682,2013,138,1112,74,1217,51,N,0,1112,1217,1,6,14,-8,0.78125,9.59375,67.1046875,109.204368174727,94.90767690409109,14.296691270635904,0.5185289163391353,0.19512422287936296,0.37394722066254915,0.354126679462572,0.6666666666666666,4.703703703703703,64.81481481481481,106.34285714285714,99.08571428571429,7.257142857142853,0.5503937007874016,0.21085714285714285,0.5039370078740157,0.2608108108108108
683,2013,138,1257,82,1161,56,N,0,1161,1257,0,8,1,7,0.7419354838709677,8.709677419354838,64.11693548387096,112.69731463429973,99.11326331677253,13.584051317527198,0.4885386819484241,0.16703351990440854,0.4326647564469914,0.4175209692451072,0.8529411764705882,15.588235294117647,67.81911764705882,108.46325649977233,85.47824012836915,22.985016371403177,0.49544072948328266,0.1869158878504673,0.3880445795339412,0.38423236514522824
684,2013,138,1266,74,1139,72,N,0,1139,1266,0,6,3,3,0.7575757575757576,4.909090909090909,64.68863636363636,105.77474850390566,98.18594900982562,7.588799494080035,0.5099375354911981,0.20517865298808982,0.38103350369108463,0.3623462630085147,0.7419354838709677,6.258064516129032,64.97258064516129,106.19864458952908,96.56678996102573,9.631854628503348,0.5070595457335789,0.20951766253754683,0.41375076734192756,0.3781779661016949
685,2013,138,1276,78,1433,53,N,0,1276,1433,1,4,5,-1,0.78125,11.4375,64.025,116.16556032799687,98.30144474814524,17.864115579851628,0.5442453854505972,0.1439867239359625,0.28664495114006516,0.32502396931927136,0.7647058823529411,12.529411764705882,69.3610294117647,111.4797892527377,93.41573819847133,18.064051054266372,0.5127358490566037,0.17046358037124593,0.30613207547169813,0.37019607843137253
686,2013,138,1277,70,1272,48,N,0,1272,1277,0,6,3,3,0.8823529411764706,10.705882352941176,70.32132352941177,107.86620241120067,92.64196911237282,15.224233298827855,0.5321756894790602,0.2078693392724573,0.3794688457609806,0.3622936576889661,0.75,8.125,64.03046875,105.4185629400066,92.7292914750058,12.6892714650008,0.5073789846517119,0.20546858795251285,0.3665879574970484,0.35531496062992124
687,2013,138,1332,74,1387,57,N,0,1332,1387,1,12,4,8,0.7647058823529411,8.117647058823529,70.19485294117646,102.1945215524014,90.63007384905463,11.564447703346772,0.491223541559112,0.2124338762897397,0.38977800722767164,0.3611111111111111,0.8181818181818182,10.575757575757576,65.08939393939393,105.54249400591263,89.29444353918853,16.248050466724095,0.5070381231671555,0.1764473102260295,0.4469208211143695,0.2813975448536355
688,2013,138,1393,66,1143,60,N,0,1143,1393,0,12,4,8,0.6451612903225806,3.161290322580645,66.78225806451613,101.14720444390774,96.41347663325685,4.73372781065089,0.4815340909090909,0.18790001207583626,0.3125,0.3281853281853282,0.7428571428571429,11.257142857142858,66.24214285714285,107.700104594615,90.7061753954647,16.9939291991503,0.4919236417033774,0.1906425559904679,0.35291238374938816,0.3985904463586531
689,2013,138,1455,76,1211,70,N,0,1211,1455,0,1,9,-8,0.9375,17.3125,65.1265625,117.94342746095342,91.36057196324464,26.582855497708778,0.5553337136337707,0.1713010724310837,0.40958357102110665,0.37448979591836734,0.7647058823529411,8.735294117647058,64.59117647058824,107.50876553890988,93.98479122080052,13.523974318109367,0.5023847376788553,0.1980784117298848,0.35824059353471116,0.38042553191489364
690,2013,139,1181,66,1166,50,N,0,1166,1181,0,7,2,5,0.7941176470588235,12.294117647058824,64.80808823529412,116.31627315944134,97.34623719352388,18.97003596591746,0.5909345271404589,0.1892465310475499,0.33631785114717405,0.29243353783231085,0.84375,12.875,68.75546875,113.85457974933811,95.12879657299986,18.725783176338254,0.5438214480130648,0.15589669003601986,0.3772455089820359,0.29428571428571426
691,2013,139,1195,81,1361,71,N,0,1195,1361,1,15,7,8,0.6875,5.03125,69.8796875,103.5261498557789,96.32627507099255,7.199874784786346,0.5135869565217391,0.2097354828611676,0.34456521739130436,0.33156028368794327,0.6666666666666666,7.1,66.91083333333333,102.02632857160648,91.41519185981343,10.611136711793051,0.48456973293768546,0.17834680482731993,0.3602373887240356,0.31486880466472306
692,2013,139,1196,78,1278,64,N,0,1196,1278,1,3,11,-8,0.7878787878787878,17.939393939393938,62.63333333333333,114.37418355992065,85.73225603560888,28.641927524311768,0.5578098943857699,0.17756059799700033,0.29127292940522514,0.34017595307917886,0.625,6.75,63.60703125,107.59423707579498,96.98220273407274,10.612034341722236,0.4907353792704111,0.21715366569635336,0.41864504921829765,0.4412580943570768
693,2013,139,1231,58,1396,52,N,0,1231,1396,1,1,9,-8,0.8181818181818182,17.545454545454547,67.89469696969697,117.82952656185492,91.98736903181174,25.84215753004318,0.5523574561403509,0.19147298066301424,0.45997807017543857,0.39748549323017407,0.71875,4.65625,68.1046875,106.82084107646776,99.98394016564572,6.836900910822038,0.492,0.16105719595292176,0.3552,0.3118556701030928
694,2013,139,1242,70,1314,58,N,0,1242,1314,1,1,8,-7,0.8529411764705882,13.911764705882353,68.62647058823529,109.84442634894783,89.57270818154544,20.271718167402398,0.5341993637327678,0.19928856126516092,0.39660657476139977,0.34251606978879706,0.696969696969697,7.0606060606060606,71.74469696969696,106.18459816478888,96.34330485834663,9.841293306442253,0.4955419990614735,0.17106110682871717,0.28015016424213984,0.35065942591155935
695,2013,139,1247,76,1279,74,N,0,1247,1279,1,13,12,1,0.7,6.466666666666667,67.5975,107.15386417150536,97.58743543276995,9.56642873873541,0.5145180023228804,0.17308332408742927,0.3153310104529617,0.29560975609756096,0.7647058823529411,10.617647058823529,71.90514705882353,108.31262590626949,93.5464408790175,14.766185027251993,0.49312796208530807,0.1578877401805892,0.3928909952606635,0.33763277693474963
696,2013,139,1274,63,1228,59,N,0,1228,1274,0,7,2,5,0.6363636363636364,3.212121212121212,66.16893939393938,103.72897656366281,98.87455205339867,4.854424510264138,0.47960251046025104,0.1735685744707647,0.3122384937238494,0.3305156382079459,0.8181818181818182,9.242424242424242,64.46060606060605,108.45242572395638,94.11432869499812,14.33809702895826,0.5225250278086763,0.16923655509590074,0.3515016685205784,0.30790697674418605
697,2013,139,1326,78,1235,75,N,0,1235,1326,0,10,2,8,0.6666666666666666,8.424242424242424,71.12045454545455,111.9739238807401,100.12888931496927,11.845034565770831,0.53625,0.18662320646790018,0.3305,0.3455631399317406,0.7878787878787878,11.363636363636363,64.17954545454546,107.98304944698229,90.27704002738528,17.70600941959701,0.5084978070175439,0.16525608791623875,0.34155701754385964,0.3229357798165138
698,2013,143,1266,71,1274,61,N,0,1266,1274,1,3,2,1,0.7419354838709677,6.258064516129032,64.97258064516129,106.19864458952908,96.56678996102573,9.631854628503348,0.5070595457335789,0.20951766253754683,0.41375076734192756,0.3781779661016949,0.8181818181818182,9.242424242424242,64.46060606060605,108.45242572395638,94.11432869499812,14.33809702895826,0.5225250278086763,0.16923655509590074,0.3515016685205784,0.30790697674418605
699,2013,143,1326,73,1112,70,N,0,1112,1326,0,6,2,4,0.78125,9.59375,67.1046875,109.204368174727,94.90767690409109,14.296691270635904,0.5185289163391353,0.19512422287936296,0.37394722066254915,0.354126679462572,0.7878787878787878,11.363636363636363,64.17954545454546,107.98304944698229,90.27704002738528,17.70600941959701,0.5084978070175439,0.16525608791623875,0.34155701754385964,0.3229357798165138
700,2013,143,1393,61,1231,50,N,0,1231,1393,0,1,4,-3,0.8181818181818182,17.545454545454547,67.89469696969697,117.82952656185492,91.98736903181174,25.84215753004318,0.5523574561403509,0.19147298066301424,0.45997807017543857,0.39748549323017407,0.7428571428571429,11.257142857142858,66.24214285714285,107.700104594615,90.7061753954647,16.9939291991503,0.4919236417033774,0.1906425559904679,0.35291238374938816,0.3985904463586531
701,2013,143,1455,72,1247,58,N,0,1247,1455,0,13,9,4,0.7,6.466666666666667,67.5975,107.15386417150536,97.58743543276995,9.56642873873541,0.5145180023228804,0.17308332408742927,0.3153310104529617,0.29560975609756096,0.7647058823529411,8.735294117647058,64.59117647058824,107.50876553890988,93.98479122080052,13.523974318109367,0.5023847376788553,0.1980784117298848,0.35824059353471116,0.38042553191489364
702,2013,144,1181,71,1277,61,N,0,1181,1277,1,2,3,-1,0.84375,12.875,68.75546875,113.85457974933811,95.12879657299986,18.725783176338254,0.5438214480130648,0.15589669003601986,0.3772455089820359,0.29428571428571426,0.75,8.125,64.03046875,105.4185629400066,92.7292914750058,12.6892714650008,0.5073789846517119,0.20546858795251285,0.3665879574970484,0.35531496062992124
703,2013,144,1196,62,1195,50,N,0,1195,1196,0,15,3,12,0.6875,5.03125,69.8796875,103.5261498557789,96.32627507099255,7.199874784786346,0.5135869565217391,0.2097354828611676,0.34456521739130436,0.33156028368794327,0.7878787878787878,17.939393939393938,62.63333333333333,114.37418355992065,85.73225603560888,28.641927524311768,0.5578098943857699,0.17756059799700033,0.29127292940522514,0.34017595307917886
704,2013,144,1257,77,1332,69,N,0,1257,1332,1,1,12,-11,0.8529411764705882,15.588235294117647,67.81911764705882,108.46325649977233,85.47824012836915,22.985016371403177,0.49544072948328266,0.1869158878504673,0.3880445795339412,0.38423236514522824,0.7647058823529411,8.117647058823529,70.19485294117646,102.1945215524014,90.63007384905463,11.564447703346772,0.491223541559112,0.2124338762897397,0.38977800722767164,0.3611111111111111
705,2013,144,1276,87,1242,85,N,1,1242,1276,0,1,4,-3,0.8529411764705882,13.911764705882353,68.62647058823529,109.84442634894783,89.57270818154544,20.271718167402398,0.5341993637327678,0.19928856126516092,0.39660657476139977,0.34251606978879706,0.78125,11.4375,64.025,116.16556032799687,98.30144474814524,17.864115579851628,0.5442453854505972,0.1439867239359625,0.28664495114006516,0.32502396931927136
706,2013,145,1393,55,1266,39,N,0,1266,1393,0,3,4,-1,0.7419354838709677,6.258064516129032,64.97258064516129,106.19864458952908,96.56678996102573,9.631854628503348,0.5070595457335789,0.20951766253754683,0.41375076734192756,0.3781779661016949,0.7428571428571429,11.257142857142858,66.24214285714285,107.700104594615,90.7061753954647,16.9939291991503,0.4919236417033774,0.1906425559904679,0.35291238374938816,0.3985904463586531
707,2013,145,1455,70,1326,66,N,0,1326,1455,0,2,9,-7,0.7878787878787878,11.363636363636363,64.17954545454546,107.98304944698229,90.27704002738528,17.70600941959701,0.5084978070175439,0.16525608791623875,0.34155701754385964,0.3229357798165138,0.7647058823529411,8.735294117647058,64.59117647058824,107.50876553890988,93.98479122080052,13.523974318109367,0.5023847376788553,0.1980784117298848,0.35824059353471116,0.38042553191489364
708,2013,146,1257,85,1181,63,N,0,1181,1257,0,2,1,1,0.84375,12.875,68.75546875,113.85457974933811,95.12879657299986,18.725783176338254,0.5438214480130648,0.15589669003601986,0.3772455089820359,0.29428571428571426,0.8529411764705882,15.588235294117647,67.81911764705882,108.46325649977233,85.47824012836915,22.985016371403177,0.49544072948328266,0.1869158878504673,0.3880445795339412,0.38423236514522824
709,2013,146,1276,79,1196,59,N,0,1196,1276,0,3,4,-1,0.7878787878787878,17.939393939393938,62.63333333333333,114.37418355992065,85.73225603560888,28.641927524311768,0.5578098943857699,0.17756059799700033,0.29127292940522514,0.34017595307917886,0.78125,11.4375,64.025,116.16556032799687,98.30144474814524,17.864115579851628,0.5442453854505972,0.1439867239359625,0.28664495114006516,0.32502396931927136
710,2013,152,1257,72,1455,68,N,0,1257,1455,1,1,9,-8,0.8529411764705882,15.588235294117647,67.81911764705882,108.46325649977233,85.47824012836915,22.985016371403177,0.49544072948328266,0.1869158878504673,0.3880445795339412,0.38423236514522824,0.7647058823529411,8.735294117647058,64.59117647058824,107.50876553890988,93.98479122080052,13.523974318109367,0.5023847376788553,0.1980784117298848,0.35824059353471116,0.38042553191489364
711,2013,152,1276,61,1393,56,N,0,1276,1393,1,4,4,0,0.78125,11.4375,64.025,116.16556032799687,98.30144474814524,17.864115579851628,0.5442453854505972,0.1439867239359625,0.28664495114006516,0.32502396931927136,0.7428571428571429,11.257142857142858,66.24214285714285,107.700104594615,90.7061753954647,16.9939291991503,0.4919236417033774,0.1906425559904679,0.35291238374938816,0.3985904463586531
712,2013,154,1257,82,1276,76,N,0,1257,1276,1,1,4,-3,0.8529411764705882,15.588235294117647,67.81911764705882,108.46325649977233,85.47824012836915,22.985016371403177,0.49544072948328266,0.1869158878504673,0.3880445795339412,0.38423236514522824,0.78125,11.4375,64.025,116.16556032799687,98.30144474814524,17.864115579851628,0.5442453854505972,0.1439867239359625,0.28664495114006516,0.32502396931927136
713,2014,134,1107,71,1291,64,N,0,1107,1291,1,16,16,0,0.5625,2.1875,63.69140625,103.67371971787796,100.2391904323827,3.434529285495259,0.4871559633027523,0.19822140447715425,0.42507645259938837,0.3238747553816047,0.5,-1.71875,70.4578125,108.22078814893663,110.66019116049054,-2.4394030115539067,0.5169082125603864,0.17031468298849045,0.3725174449812131,0.2834507042253521
714,2014,134,1301,74,1462,59,N,0,1301,1462,1,12,12,0,0.6176470588235294,1.3235294117647058,65.64044117647059,107.85137390641977,105.83504161485813,2.016332291561639,0.49768875192604006,0.1586181402695164,0.36414997431946583,0.34790059982862037,0.6363636363636364,4.2727272727272725,66.45909090909092,108.65649864350364,102.22738982741718,6.429108816086455,0.5192200557103064,0.18603378701867176,0.4200557103064067,0.3410565338276182
715,2014,135,1142,81,1411,69,N,0,1142,1411,1,16,16,0,0.36666666666666664,-2.7333333333333334,60.505833333333335,102.4694588676023,106.9869296348837,-4.517470767281395,0.46253869969040246,0.14819507760959688,0.330030959752322,0.30842911877394635,0.5625,2.09375,68.8921875,108.95647637839922,105.91730738699506,3.0391689914041535,0.5164265129682997,0.19187589303939578,0.49452449567723344,0.3345690454124189
716,2014,135,1397,78,1234,65,N,1,1234,1397,0,11,11,0,0.625,11.90625,70.95078125,115.57307552550733,98.79207637336621,16.78099915214112,0.5132398753894081,0.16032240659788363,0.45846313603322947,0.3810763888888889,0.625,9.125,63.13359375,111.66796599472843,97.21448812661642,14.453477868112017,0.49291784702549574,0.17225377733229386,0.4130311614730878,0.3969258589511754
717,2014,136,1163,89,1386,81,N,1,1163,1386,1,7,10,-3,0.7647058823529411,8.735294117647058,65.94558823529412,108.95791985371183,95.71170528287581,13.246214570836017,0.5137912385073012,0.17706219476841423,0.38615467820443483,0.3123861566484517,0.7272727272727273,4.333333333333333,66.14166666666667,107.75768266003871,101.20608885885437,6.551593801184339,0.5386167146974064,0.18646843895678467,0.4340057636887608,0.2948837209302326
718,2014,136,1173,60,1326,59,N,0,1173,1326,1,11,6,5,0.696969696969697,5.757575757575758,66.21969696969697,110.83400068642032,102.1393433245624,8.69465736185792,0.5258668134287287,0.1812149639629333,0.4127682993946065,0.3494085532302093,0.7352941176470589,10.029411764705882,65.67573529411764,106.27078225237632,90.99967532104031,15.271106931336007,0.5027397260273972,0.17017655817911084,0.42794520547945203,0.30035026269702275
719,2014,136,1196,67,1107,55,N,0,1107,1196,0,16,1,15,0.5625,2.1875,63.69140625,103.67371971787796,100.2391904323827,3.434529285495259,0.4871559633027523,0.19822140447715425,0.42507645259938837,0.3238747553816047,0.9411764705882353,12.794117647058824,63.280882352941184,111.77987962166809,91.56189723687574,20.21798238479235,0.5270345596432553,0.17894076363551856,0.4336677814938685,0.35765765765765767
720,2014,136,1217,61,1153,57,N,0,1153,1217,0,5,12,-7,0.8181818181818182,10.393939393939394,63.684090909090905,107.91906070447166,91.59796819052379,16.321092513947875,0.4793028322440087,0.17415509796224263,0.39052287581699346,0.3906111603188663,0.8620689655172413,12.137931034482758,65.88793103448276,111.474551877535,93.05246630904095,18.422085568494055,0.5228758169934641,0.17532382572288369,0.477124183006536,0.32575757575757575
721,2014,136,1257,71,1264,64,N,0,1257,1264,1,4,13,-9,0.8529411764705882,21.147058823529413,69.325,118.45315118474363,87.94891919984725,30.50423198489638,0.5397590361445783,0.1484906981184107,0.403855421686747,0.3728,0.78125,7.375,72.0328125,107.41632502548751,97.17793540270276,10.238389622784752,0.5081187010078387,0.19652502114921583,0.5587905935050392,0.34812286689419797
722,2014,136,1276,57,1459,40,N,0,1276,1459,1,2,15,-13,0.7575757575757576,9.030303030303031,63.53257575757575,117.09573947986598,102.88208149004926,14.213657989816724,0.5546171171171171,0.14786020056520754,0.35867117117117114,0.2893954410307235,0.5862068965517241,2.2758620689655173,62.49051724137931,104.67795113741396,101.03601925809434,3.641931879319614,0.4923469387755102,0.16443874242988593,0.33864795918367346,0.31160896130346233
723,2014,136,1277,93,1174,78,N,0,1174,1277,0,13,4,9,0.7352941176470589,4.382352941176471,71.23088235294118,111.65018477610091,105.4978632037492,6.15232157235171,0.5056015586945932,0.1346078411131986,0.43156356551388214,0.2948517940717629,0.7647058823529411,10.617647058823529,66.97426470588235,113.3885930724049,97.53526925399352,15.853323818411383,0.5448028673835126,0.17082944502387878,0.33538146441372246,0.33451957295373663
724,2014,136,1295,80,1328,75,N,1,1295,1328,1,12,5,7,0.7857142857142857,7.285714285714286,64.07410714285714,116.66178950155373,105.29102740966793,11.370762091885794,0.5503718728870859,0.154954503016875,0.4171737660581474,0.3144963144963145,0.71875,6.28125,72.5125,113.29943113256334,104.63713152904671,8.66229960351663,0.5201325178389399,0.15773142561627304,0.399592252803262,0.32285471537807986
725,2014,136,1332,87,1140,68,N,0,1140,1332,0,10,7,3,0.6666666666666666,6.666666666666667,74.83181818181818,112.53517989835794,103.62631355160056,8.908866346757378,0.5096946194861852,0.15347547024641114,0.47600581677169174,0.3503591380686353,0.71875,7.84375,71.371875,114.67227111519769,103.68229782389771,10.989973291299975,0.5344183564567769,0.16331713297429834,0.42902881536819637,0.32825880114176975
726,2014,136,1338,77,1160,48,N,0,1160,1338,0,8,9,-1,0.6764705882352942,2.911764705882353,67.77573529411765,104.54027664768104,100.24410089503661,4.29617575264443,0.4852378348824494,0.19484675888256034,0.4838709677419355,0.3429068755439513,0.7352941176470589,10.117647058823529,64.07132352941176,113.10924176870905,97.31801645684384,15.791225311865219,0.5090065502183406,0.16479796183022138,0.4601528384279476,0.37751371115173676
727,2014,136,1361,73,1308,69,N,1,1308,1361,0,13,4,9,0.7352941176470589,9.147058823529411,67.40661764705882,113.70850741221517,100.13853588297536,13.569971529239808,0.5352386237513873,0.1876234005650519,0.5477247502774695,0.37940630797773656,0.8709677419354839,10.516129032258064,64.07177419354838,106.68479150146635,90.27174665508691,16.413044846379435,0.4679673849737915,0.15255069289733036,0.44903902154921377,0.36133694670280037
728,2014,136,1387,83,1301,80,N,1,1301,1387,0,12,5,7,0.6176470588235294,1.3235294117647058,65.64044117647059,107.85137390641977,105.83504161485813,2.016332291561639,0.49768875192604006,0.1586181402695164,0.36414997431946583,0.34790059982862037,0.8064516129032258,8.258064516129032,67.86451612903227,103.24175301834774,91.07329594067876,12.168457077668975,0.4967532467532468,0.1858541686472098,0.40613931523022434,0.2922201138519924
729,2014,136,1393,77,1444,53,N,0,1393,1444,1,3,14,-11,0.84375,8.65625,60.934375,111.85188984050464,97.6460331299041,14.205856710600543,0.48240635641316687,0.1461613416072619,0.38819523269012485,0.38121047877145436,0.7096774193548387,4.064516129032258,67.81048387096774,106.41612653862164,100.42219182969615,5.993934708925494,0.5244444444444445,0.20883629660462627,0.5174603174603175,0.31374606505771246
730,2014,136,1400,87,1113,85,N,0,1113,1400,0,10,7,3,0.65625,6.15625,70.3484375,106.65659773893343,97.90551495902093,8.751082779912494,0.5228285077951003,0.1630277857983697,0.4198218262806236,0.24193548387096775,0.696969696969697,4.090909090909091,69.61666666666666,106.47049861797288,100.59416283979368,5.876335778179197,0.47367088607594937,0.17759592574052713,0.43848101265822786,0.39413164155432195
731,2014,136,1437,73,1454,53,N,0,1437,1454,1,2,15,-13,0.875,11.9375,68.61875,114.44576008743965,97.04891155842972,17.39684852900993,0.5398550724637681,0.17260224064122415,0.4503901895206243,0.3311926605504587,0.6060606060606061,-0.5151515151515151,68.41136363636363,102.8980211067185,103.65104149363809,-0.7530203869195873,0.4962899543378995,0.19932892594930401,0.4549086757990868,0.28634751773049644
732,2014,136,1458,75,1110,35,N,0,1110,1458,0,15,2,13,0.625,5.3125,61.125,104.60122699386503,95.91002044989776,8.691206543967269,0.562751677852349,0.2285276073619632,0.348993288590604,0.2695035460992908,0.7878787878787878,8.969696969696969,63.234848484848484,116.30525937462562,102.1205223433569,14.184737031268725,0.5312320916905444,0.12747094764586078,0.44126074498567336,0.27884615384615385
733,2014,137,1112,68,1451,59,N,0,1112,1451,1,1,16,-15,0.8823529411764706,14.911764705882353,64.94558823529412,112.4923578561239,89.53196114394402,22.960396712179886,0.5157563025210085,0.16076806376378416,0.4170168067226891,0.37249782419495214,0.6071428571428571,3.75,64.94017857142858,110.70628188030193,104.93173662574073,5.774545254561204,0.5476363636363636,0.190834971745975,0.49963636363636366,0.2804878048780488
734,2014,137,1124,74,1304,60,N,0,1124,1304,1,6,11,-5,0.6666666666666666,5.393939393939394,64.96666666666667,113.57805867810998,105.27543262279023,8.302626055319749,0.5143943508962521,0.18144503008535845,0.4367191743617599,0.4105263157894737,0.6129032258064516,2.129032258064516,65.35725806451613,102.51348049800723,99.25595054477253,3.2575299532346946,0.4834355828220859,0.16682501881717113,0.42760736196319016,0.2607449856733524
735,2014,137,1166,76,1418,66,N,0,1166,1418,1,3,14,-11,0.7878787878787878,12.121212121212121,65.55757575757576,121.33678469076453,102.84736988074327,18.48941481002126,0.592959295929593,0.15161320144217436,0.3432343234323432,0.2806841046277666,0.6451612903225806,3.6129032258064515,72.71612903225805,109.79504924141604,104.8265460030166,4.968503238399435,0.5188984881209503,0.1907550350456925,0.44924406047516197,0.36623376623376624
736,2014,137,1211,85,1329,77,N,0,1211,1329,1,8,9,-1,0.8181818181818182,11.272727272727273,66.41818181818182,114.15275116342731,97.18039967150287,16.972351491924442,0.5535415504740658,0.169267268911397,0.4060234244283324,0.30665380906460943,0.6363636363636364,11.242424242424242,71.07045454545454,113.03337490539691,97.21467174059033,15.818703164806578,0.5277185501066098,0.14667476788931172,0.494136460554371,0.27680140597539543
737,2014,137,1235,93,1300,75,N,0,1235,1300,1,3,14,-11,0.7878787878787878,8.969696969696969,73.39242424242424,112.92553520923224,100.7039781993848,12.22155700984743,0.5383113714006833,0.14368587295361177,0.3718887262079063,0.2808333333333333,0.8387096774193549,12.96774193548387,65.23548387096774,110.7155219304752,90.83716560352075,19.87835632695446,0.5021459227467812,0.17455372595559512,0.5076640098099325,0.35429141716566864
738,2014,137,1242,80,1184,69,N,0,1184,1242,0,15,2,13,0.7096774193548387,5.451612903225806,67.5209677419355,114.61194849867424,106.53799297709193,8.073955521582306,0.5698101653398653,0.15956811504192245,0.43723208818126147,0.23027027027027028,0.7272727272727273,9.151515151515152,69.58106060606062,114.40765621087242,101.25534856881552,13.152307642056897,0.5454545454545454,0.1894454908706871,0.4890470974808324,0.3708293612964728
739,2014,137,1246,56,1243,49,N,0,1243,1246,0,9,8,1,0.625,4.0,66.57109375,104.72826278297403,98.71964887162456,6.008613911349471,0.48992725237828766,0.18495264695872599,0.40794627867935085,0.35008818342151676,0.7058823529411765,9.264705882352942,67.6029411764706,112.29062432020883,98.58603437024146,13.704589949967371,0.49683711122825513,0.18055253426147488,0.5376910911966263,0.4223918575063613
740,2014,137,1272,71,1203,66,N,0,1203,1272,0,9,8,1,0.75,6.53125,68.296875,107.48112560054908,97.91809654541295,9.563029055136127,0.5162300683371298,0.19126058110272248,0.46697038724373574,0.34774609015639374,0.7096774193548387,6.67741935483871,70.94274193548387,108.3108822426082,98.89847559935887,9.412406643249327,0.5204918032786885,0.1887028384999261,0.3994535519125683,0.36121323529411764
741,2014,137,1273,78,1181,71,N,0,1181,1273,0,3,14,-11,0.7647058823529411,11.558823529411764,65.81617647058823,119.49502848843704,101.93274494469891,17.562283543738133,0.5400919305413687,0.1438945369232488,0.39325842696629215,0.35051546391752575,0.7419354838709677,9.741935483870968,68.46774193548387,112.74440518256773,98.51590106007068,14.228504122497057,0.538678712591756,0.17809187279151945,0.37267080745341613,0.3259827420901246
742,2014,137,1314,79,1344,77,N,0,1314,1344,1,6,11,-5,0.71875,7.25,70.5203125,108.21350231537899,97.93277646068287,10.280725854696115,0.4979123173277662,0.17060687301974164,0.44572025052192066,0.3778337531486146,0.6764705882352942,3.676470588235294,67.31617647058823,108.74931731294375,103.28782086291643,5.461496450027312,0.48058001035732784,0.1730202075368651,0.41947177628171933,0.3548657718120805
743,2014,137,1372,77,1433,75,N,1,1372,1433,1,12,5,7,0.9354838709677419,12.806451612903226,65.63951612903226,115.53819124494736,96.02791394837394,19.51027729657342,0.5244040862656073,0.1670905360411829,0.40124858115777523,0.3852772466539197,0.7647058823529411,10.117647058823529,71.42573529411764,104.96299117759088,90.79772285076025,14.165268326830628,0.4777099953073674,0.17171270035722008,0.3571093383388081,0.35058309037900875
744,2014,137,1390,58,1307,53,N,0,1307,1390,0,7,10,-3,0.8181818181818182,8.272727272727273,66.64772727272727,111.98635976129582,99.57374254049446,12.412617220801351,0.5138966092273485,0.1591361182154021,0.4697053918843802,0.3283442469597755,0.6363636363636364,4.878787878787879,67.52954545454546,108.86368480687466,101.63901322653385,7.224671580340811,0.518652561247216,0.16648156250350576,0.4459910913140312,0.2948243992606285
745,2014,137,1397,86,1269,67,N,0,1269,1397,0,6,11,-5,0.75,5.34375,71.8140625,105.95940036117577,98.51830900110963,7.441091360066139,0.5060686015831135,0.1884206174800374,0.4,0.34330985915492956,0.625,9.125,63.13359375,111.66796599472843,97.21448812661642,14.453477868112017,0.49291784702549574,0.17225377733229386,0.4130311614730878,0.3969258589511754
746,2014,137,1417,76,1409,59,N,0,1409,1417,0,13,4,9,0.6363636363636364,5.7272727272727275,69.15151515151516,105.69675723049956,97.41454864154251,8.282208588957047,0.49348534201954397,0.1656441717791411,0.4777415852334419,0.30067567567567566,0.7647058823529411,11.058823529411764,70.71617647058824,115.70694782373614,100.06862561607088,15.638322207665269,0.5438988095238095,0.14889679123255767,0.3898809523809524,0.3019366197183099
747,2014,137,1438,70,1157,59,N,0,1157,1438,0,16,1,15,0.6,1.5,69.475,101.52332973491664,99.36427971692456,2.1590500179920866,0.4791183294663573,0.20295070169125584,0.388631090487239,0.3476277372262774,0.8235294117647058,10.647058823529411,60.51911764705883,108.95924962943162,91.36636454207469,17.592885087356933,0.5063473744950953,0.1686389813622336,0.4235429890363531,0.3477038425492034
748,2014,137,1455,64,1142,37,N,0,1142,1455,0,16,1,15,0.36666666666666664,-2.7333333333333334,60.505833333333335,102.4694588676023,106.9869296348837,-4.517470767281395,0.46253869969040246,0.14819507760959688,0.330030959752322,0.30842911877394635,1.0,15.06060606060606,64.81515151515151,115.62017859647482,92.38393566786665,23.236242928608164,0.5204481792717087,0.16129786338772265,0.47282913165266105,0.35443037974683544
749,2014,138,1163,77,1437,65,N,0,1163,1437,1,7,2,5,0.7647058823529411,8.735294117647058,65.94558823529412,108.95791985371183,95.71170528287581,13.246214570836017,0.5137912385073012,0.17706219476841423,0.38615467820443483,0.3123861566484517,0.875,11.9375,68.61875,114.44576008743965,97.04891155842972,17.39684852900993,0.5398550724637681,0.17260224064122415,0.4503901895206243,0.3311926605504587
750,2014,138,1173,55,1393,53,N,0,1173,1393,1,11,3,8,0.696969696969697,5.757575757575758,66.21969696969697,110.83400068642032,102.1393433245624,8.69465736185792,0.5258668134287287,0.1812149639629333,0.4127682993946065,0.3494085532302093,0.84375,8.65625,60.934375,111.85188984050464,97.6460331299041,14.205856710600543,0.48240635641316687,0.1461613416072619,0.38819523269012485,0.38121047877145436
751,2014,138,1196,61,1338,45,N,0,1196,1338,1,1,9,-8,0.9411764705882353,12.794117647058824,63.280882352941184,111.77987962166809,91.56189723687574,20.21798238479235,0.5270345596432553,0.17894076363551856,0.4336677814938685,0.35765765765765767,0.7352941176470589,10.117647058823529,64.07132352941176,113.10924176870905,97.31801645684384,15.791225311865219,0.5090065502183406,0.16479796183022138,0.4601528384279476,0.37751371115173676
752,2014,138,1257,66,1387,51,N,0,1257,1387,1,4,5,-1,0.8529411764705882,21.147058823529413,69.325,118.45315118474363,87.94891919984725,30.50423198489638,0.5397590361445783,0.1484906981184107,0.403855421686747,0.3728,0.8064516129032258,8.258064516129032,67.86451612903227,103.24175301834774,91.07329594067876,12.168457077668975,0.4967532467532468,0.1858541686472098,0.40613931523022434,0.2922201138519924
753,2014,138,1276,79,1400,65,N,0,1276,1400,1,2,7,-5,0.7575757575757576,9.030303030303031,63.53257575757575,117.09573947986598,102.88208149004926,14.213657989816724,0.5546171171171171,0.14786020056520754,0.35867117117117114,0.2893954410307235,0.696969696969697,4.090909090909091,69.61666666666666,106.47049861797288,100.59416283979368,5.876335778179197,0.47367088607594937,0.17759592574052713,0.43848101265822786,0.39413164155432195
754,2014,138,1277,80,1217,73,N,0,1217,1277,0,12,4,8,0.8620689655172413,12.137931034482758,65.88793103448276,111.474551877535,93.05246630904095,18.422085568494055,0.5228758169934641,0.17532382572288369,0.477124183006536,0.32575757575757575,0.7647058823529411,10.617647058823529,66.97426470588235,113.3885930724049,97.53526925399352,15.853323818411383,0.5448028673835126,0.17082944502387878,0.33538146441372246,0.33451957295373663
755,2014,138,1361,63,1295,44,N,0,1295,1361,0,12,4,8,0.7857142857142857,7.285714285714286,64.07410714285714,116.66178950155373,105.29102740966793,11.370762091885794,0.5503718728870859,0.154954503016875,0.4171737660581474,0.3144963144963145,0.8709677419354839,10.516129032258064,64.07177419354838,106.68479150146635,90.27174665508691,16.413044846379435,0.4679673849737915,0.15255069289733036,0.44903902154921377,0.36133694670280037
756,2014,138,1458,85,1332,77,N,0,1332,1458,0,7,2,5,0.71875,7.84375,71.371875,114.67227111519769,103.68229782389771,10.989973291299975,0.5344183564567769,0.16331713297429834,0.42902881536819637,0.32825880114176975,0.7878787878787878,8.969696969696969,63.234848484848484,116.30525937462562,102.1205223433569,14.184737031268725,0.5312320916905444,0.12747094764586078,0.44126074498567336,0.27884615384615385
757,2014,139,1112,84,1211,61,N,0,1112,1211,1,1,8,-7,0.8823529411764706,14.911764705882353,64.94558823529412,112.4923578561239,89.53196114394402,22.960396712179886,0.5157563025210085,0.16076806376378416,0.4170168067226891,0.37249782419495214,0.8181818181818182,11.272727272727273,66.41818181818182,114.15275116342731,97.18039967150287,16.972351491924442,0.5535415504740658,0.169267268911397,0.4060234244283324,0.30665380906460943
758,2014,139,1124,85,1166,55,N,0,1124,1166,1,6,3,3,0.6666666666666666,5.393939393939394,64.96666666666667,113.57805867810998,105.27543262279023,8.302626055319749,0.5143943508962521,0.18144503008535845,0.4367191743617599,0.4105263157894737,0.7878787878787878,12.121212121212121,65.55757575757576,121.33678469076453,102.84736988074327,18.48941481002126,0.592959295929593,0.15161320144217436,0.3432343234323432,0.2806841046277666
759,2014,139,1235,85,1314,83,N,0,1235,1314,1,3,6,-3,0.7878787878787878,8.969696969696969,73.39242424242424,112.92553520923224,100.7039781993848,12.22155700984743,0.5383113714006833,0.14368587295361177,0.3718887262079063,0.2808333333333333,0.71875,7.25,70.5203125,108.21350231537899,97.93277646068287,10.280725854696115,0.4979123173277662,0.17060687301974164,0.44572025052192066,0.3778337531486146
760,2014,139,1246,78,1455,76,N,0,1246,1455,1,8,1,7,0.7058823529411765,9.264705882352942,67.6029411764706,112.29062432020883,98.58603437024146,13.704589949967371,0.49683711122825513,0.18055253426147488,0.5376910911966263,0.4223918575063613,1.0,15.06060606060606,64.81515151515151,115.62017859647482,92.38393566786665,23.236242928608164,0.5204481792717087,0.16129786338772265,0.47282913165266105,0.35443037974683544
761,2014,139,1390,60,1242,57,N,0,1242,1390,0,2,10,-8,0.7272727272727273,9.151515151515152,69.58106060606062,114.40765621087242,101.25534856881552,13.152307642056897,0.5454545454545454,0.1894454908706871,0.4890470974808324,0.3708293612964728,0.6363636363636364,4.878787878787879,67.52954545454546,108.86368480687466,101.63901322653385,7.224671580340811,0.518652561247216,0.16648156250350576,0.4459910913140312,0.2948243992606285
762,2014,139,1397,83,1273,63,N,0,1273,1397,0,14,11,3,0.7419354838709677,9.741935483870968,68.46774193548387,112.74440518256773,98.51590106007068,14.228504122497057,0.538678712591756,0.17809187279151945,0.37267080745341613,0.3259827420901246,0.625,9.125,63.13359375,111.66796599472843,97.21448812661642,14.453477868112017,0.49291784702549574,0.17225377733229386,0.4130311614730878,0.3969258589511754
763,2014,139,1417,77,1372,60,N,0,1372,1417,0,12,4,8,0.9354838709677419,12.806451612903226,65.63951612903226,115.53819124494736,96.02791394837394,19.51027729657342,0.5244040862656073,0.1670905360411829,0.40124858115777523,0.3852772466539197,0.7647058823529411,11.058823529411764,70.71617647058824,115.70694782373614,100.06862561607088,15.638322207665269,0.5438988095238095,0.14889679123255767,0.3898809523809524,0.3019366197183099
764,2014,139,1438,78,1272,60,N,0,1272,1438,0,8,1,7,0.7096774193548387,6.67741935483871,70.94274193548387,108.3108822426082,98.89847559935887,9.412406643249327,0.5204918032786885,0.1887028384999261,0.3994535519125683,0.36121323529411764,0.8235294117647058,10.647058823529411,60.51911764705883,108.95924962943162,91.36636454207469,17.592885087356933,0.5063473744950953,0.1686389813622336,0.4235429890363531,0.3477038425492034
765,2014,143,1112,70,1361,64,N,0,1112,1361,1,1,4,-3,0.8823529411764706,14.911764705882353,64.94558823529412,112.4923578561239,89.53196114394402,22.960396712179886,0.5157563025210085,0.16076806376378416,0.4170168067226891,0.37249782419495214,0.8709677419354839,10.516129032258064,64.07177419354838,106.68479150146635,90.27174665508691,16.413044846379435,0.4679673849737915,0.15255069289733036,0.44903902154921377,0.36133694670280037
766,2014,143,1173,82,1390,72,N,0,1173,1390,1,11,10,1,0.696969696969697,5.757575757575758,66.21969696969697,110.83400068642032,102.1393433245624,8.69465736185792,0.5258668134287287,0.1812149639629333,0.4127682993946065,0.3494085532302093,0.6363636363636364,4.878787878787879,67.52954545454546,108.86368480687466,101.63901322653385,7.224671580340811,0.518652561247216,0.16648156250350576,0.4459910913140312,0.2948243992606285
767,2014,143,1196,79,1417,68,N,0,1196,1417,1,1,4,-3,0.9411764705882353,12.794117647058824,63.280882352941184,111.77987962166809,91.56189723687574,20.21798238479235,0.5270345596432553,0.17894076363551856,0.4336677814938685,0.35765765765765767,0.7647058823529411,11.058823529411764,70.71617647058824,115.70694782373614,100.06862561607088,15.638322207665269,0.5438988095238095,0.14889679123255767,0.3898809523809524,0.3019366197183099
768,2014,143,1458,69,1124,52,N,0,1124,1458,0,6,2,4,0.6666666666666666,5.393939393939394,64.96666666666667,113.57805867810998,105.27543262279023,8.302626055319749,0.5143943508962521,0.18144503008535845,0.4367191743617599,0.4105263157894737,0.7878787878787878,8.969696969696969,63.234848484848484,116.30525937462562,102.1205223433569,14.184737031268725,0.5312320916905444,0.12747094764586078,0.44126074498567336,0.27884615384615385
769,2014,144,1163,81,1235,76,N,0,1163,1235,1,7,3,4,0.7647058823529411,8.735294117647058,65.94558823529412,108.95791985371183,95.71170528287581,13.246214570836017,0.5137912385073012,0.17706219476841423,0.38615467820443483,0.3123861566484517,0.7878787878787878,8.969696969696969,73.39242424242424,112.92553520923224,100.7039781993848,12.22155700984743,0.5383113714006833,0.14368587295361177,0.3718887262079063,0.2808333333333333
770,2014,144,1246,74,1257,69,N,0,1246,1257,1,8,4,4,0.7058823529411765,9.264705882352942,67.6029411764706,112.29062432020883,98.58603437024146,13.704589949967371,0.49683711122825513,0.18055253426147488,0.5376910911966263,0.4223918575063613,0.8529411764705882,21.147058823529413,69.325,118.45315118474363,87.94891919984725,30.50423198489638,0.5397590361445783,0.1484906981184107,0.403855421686747,0.3728
771,2014,144,1276,73,1397,71,N,0,1276,1397,1,2,11,-9,0.7575757575757576,9.030303030303031,63.53257575757575,117.09573947986598,102.88208149004926,14.213657989816724,0.5546171171171171,0.14786020056520754,0.35867117117117114,0.2893954410307235,0.625,9.125,63.13359375,111.66796599472843,97.21448812661642,14.453477868112017,0.49291784702549574,0.17225377733229386,0.4130311614730878,0.3969258589511754
772,2014,144,1277,61,1438,59,N,0,1277,1438,1,4,1,3,0.7647058823529411,10.617647058823529,66.97426470588235,113.3885930724049,97.53526925399352,15.853323818411383,0.5448028673835126,0.17082944502387878,0.33538146441372246,0.33451957295373663,0.8235294117647058,10.647058823529411,60.51911764705883,108.95924962943162,91.36636454207469,17.592885087356933,0.5063473744950953,0.1686389813622336,0.4235429890363531,0.3477038425492034
773,2014,145,1196,62,1173,52,N,0,1173,1196,0,11,1,10,0.696969696969697,5.757575757575758,66.21969696969697,110.83400068642032,102.1393433245624,8.69465736185792,0.5258668134287287,0.1812149639629333,0.4127682993946065,0.3494085532302093,0.9411764705882353,12.794117647058824,63.280882352941184,111.77987962166809,91.56189723687574,20.21798238479235,0.5270345596432553,0.17894076363551856,0.4336677814938685,0.35765765765765767
774,2014,145,1458,64,1112,63,N,1,1112,1458,0,1,2,-1,0.8823529411764706,14.911764705882353,64.94558823529412,112.4923578561239,89.53196114394402,22.960396712179886,0.5157563025210085,0.16076806376378416,0.4170168067226891,0.37249782419495214,0.7878787878787878,8.969696969696969,63.234848484848484,116.30525937462562,102.1205223433569,14.184737031268725,0.5312320916905444,0.12747094764586078,0.44126074498567336,0.27884615384615385
775,2014,146,1163,60,1277,54,N,0,1163,1277,1,7,4,3,0.7647058823529411,8.735294117647058,65.94558823529412,108.95791985371183,95.71170528287581,13.246214570836017,0.5137912385073012,0.17706219476841423,0.38615467820443483,0.3123861566484517,0.7647058823529411,10.617647058823529,66.97426470588235,113.3885930724049,97.53526925399352,15.853323818411383,0.5448028673835126,0.17082944502387878,0.33538146441372246,0.33451957295373663
776,2014,146,1246,75,1276,72,N,0,1246,1276,1,8,2,6,0.7058823529411765,9.264705882352942,67.6029411764706,112.29062432020883,98.58603437024146,13.704589949967371,0.49683711122825513,0.18055253426147488,0.5376910911966263,0.4223918575063613,0.7575757575757576,9.030303030303031,63.53257575757575,117.09573947986598,102.88208149004926,14.213657989816724,0.5546171171171171,0.14786020056520754,0.35867117117117114,0.2893954410307235
777,2014,152,1163,63,1196,53,N,0,1163,1196,1,7,1,6,0.7647058823529411,8.735294117647058,65.94558823529412,108.95791985371183,95.71170528287581,13.246214570836017,0.5137912385073012,0.17706219476841423,0.38615467820443483,0.3123861566484517,0.9411764705882353,12.794117647058824,63.280882352941184,111.77987962166809,91.56189723687574,20.21798238479235,0.5270345596432553,0.17894076363551856,0.4336677814938685,0.35765765765765767
778,2014,152,1246,74,1458,73,N,0,1246,1458,1,8,2,6,0.7058823529411765,9.264705882352942,67.6029411764706,112.29062432020883,98.58603437024146,13.704589949967371,0.49683711122825513,0.18055253426147488,0.5376910911966263,0.4223918575063613,0.7878787878787878,8.969696969696969,63.234848484848484,116.30525937462562,102.1205223433569,14.184737031268725,0.5312320916905444,0.12747094764586078,0.44126074498567336,0.27884615384615385
779,2014,154,1163,60,1246,54,N,0,1163,1246,1,7,8,-1,0.7647058823529411,8.735294117647058,65.94558823529412,108.95791985371183,95.71170528287581,13.246214570836017,0.5137912385073012,0.17706219476841423,0.38615467820443483,0.3123861566484517,0.7058823529411765,9.264705882352942,67.6029411764706,112.29062432020883,98.58603437024146,13.704589949967371,0.49683711122825513,0.18055253426147488,0.5376910911966263,0.4223918575063613
780,2015,134,1214,74,1264,64,N,0,1214,1264,1,16,16,0,0.48484848484848486,-0.8484848484848485,69.48333333333333,96.64406114394122,97.86519549052531,-1.221134346584094,0.4583107742284786,0.20454000305283587,0.43421765024363834,0.3284552845528455,0.59375,2.375,68.775,101.59941839331151,98.14612868047982,3.4532897128316904,0.49673784104389085,0.21083242457288257,0.4792408066429419,0.3103448275862069
781,2015,134,1279,94,1140,90,N,0,1140,1279,0,11,11,0,0.71875,8.90625,70.5625,115.98759964570417,103.36581045172719,12.62178919397698,0.5298941798941799,0.16386182462356066,0.42328042328042326,0.33865248226950356,0.625,5.125,67.06640625,108.28819383773079,100.64651406604928,7.64167977168151,0.4818918918918919,0.16914205836099946,0.37567567567567567,0.3491644678979771
782,2015,135,1173,56,1129,55,N,0,1129,1173,0,11,11,0,0.7419354838709677,8.935483870967742,63.400000000000006,110.20657372545028,96.11275058512261,14.093823140327672,0.5350665054413543,0.16129032258064516,0.32889963724304716,0.2755741127348643,0.7575757575757576,7.303030303030303,64.50833333333334,105.74156498455685,94.42050005284729,11.321064931709557,0.5287037037037037,0.17803666427875187,0.48703703703703705,0.2418558736426456
783,2015,135,1352,81,1316,77,N,0,1316,1352,0,16,16,0,0.6451612903225806,5.419354838709677,67.31854838709677,109.8292902066487,101.77897574123989,8.050314465408803,0.5355450236966824,0.1811320754716981,0.39395734597156395,0.28978388998035365,0.5757575757575758,1.2727272727272727,67.1310606060606,102.78401588931648,100.88813153826189,1.8958843510545904,0.5047274749721913,0.20493607032828143,0.35984427141268077,0.31272727272727274
784,2015,136,1112,93,1411,72,N,0,1112,1411,1,2,15,-13,0.9117647058823529,17.823529411764707,67.1514705882353,113.83395747103782,87.29168035389702,26.5422771171408,0.5358490566037736,0.16687471256816241,0.47115902964959566,0.34137291280148424,0.6470588235294118,0.7352941176470589,65.96249999999999,103.3564079412322,102.24169258379874,1.114715357433468,0.4941307993292342,0.19841933362315933,0.4645053102291783,0.34008810572687226
785,2015,136,1116,56,1459,53,N,0,1116,1459,1,5,12,-7,0.7647058823529411,7.882352941176471,70.84117647058824,110.14697334551192,99.02017769658724,11.126795648924684,0.5019203072491598,0.16565639790749814,0.37253960633701394,0.355877616747182,0.8125,5.8125,61.71953125,106.73282616675738,97.31522385792584,9.417602308831533,0.5153280196198651,0.1741750104429058,0.37952176578786023,0.29253731343283584
786,2015,136,1139,56,1400,48,N,0,1139,1400,1,6,11,-5,0.6875,8.375,65.1890625,106.70885165743869,93.86160446777401,12.847247189664671,0.4906832298136646,0.17449246182977396,0.4054206662902315,0.3551912568306011,0.6060606060606061,7.545454545454546,63.94015151515152,106.25466522908496,94.45385718178694,11.80080804729802,0.493564633463906,0.19904977429177378,0.36877448237269167,0.3803339517625232
787,2015,136,1153,66,1345,65,N,1,1153,1345,1,8,9,-1,0.6875,7.09375,60.0953125,103.79345310834351,91.9892878500299,11.804165258313617,0.5037950664136622,0.21268297756168586,0.3782416192283365,0.37340425531914895,0.6363636363636364,5.484848484848484,65.76363636363635,106.44180259883882,98.10155746014193,8.340245138696886,0.5073487846240814,0.19905999447055572,0.42509892594686266,0.3619402985074627
788,2015,136,1207,84,1186,74,N,0,1186,1207,0,13,4,9,0.7419354838709677,5.096774193548387,69.07822580645161,114.87677597861236,107.4985115051893,7.378264473423059,0.5536801328168235,0.15923975857197892,0.3558384061981184,0.2937853107344633,0.6774193548387096,6.064516129032258,65.83225806451613,107.40885927087417,98.19678557428459,9.212073696589584,0.5093939393939394,0.19208153665229322,0.4412121212121212,0.34288537549407117
789,2015,136,1209,57,1124,56,N,0,1124,1209,0,3,14,-11,0.71875,8.8125,63.184375,109.40204757900983,95.45477026559176,13.94727731341807,0.49745042492917846,0.1958553835501261,0.3875354107648725,0.41952983725135623,0.71875,8.1875,64.6421875,109.25527543448308,96.58939837083946,12.66587706364362,0.5186697782963827,0.16533320441855404,0.3838973162193699,0.3054989816700611
790,2015,136,1246,79,1214,56,N,0,1214,1246,0,16,1,15,0.48484848484848486,-0.8484848484848485,69.48333333333333,96.64406114394122,97.86519549052531,-1.221134346584094,0.4583107742284786,0.20454000305283587,0.43421765024363834,0.3284552845528455,1.0,20.941176470588236,64.64338235294117,115.88466132059375,83.48973440254791,32.39492691804584,0.5177813163481954,0.16424955923335038,0.43789808917197454,0.40423572744014735
791,2015,136,1301,66,1261,65,N,0,1261,1301,0,9,8,1,0.6875,5.96875,71.378125,103.23541000831838,94.87325423580404,8.362155772514342,0.5047318611987381,0.20489470688673878,0.334384858044164,0.34005258545135847,0.6060606060606061,4.96969696969697,64.98560606060606,108.32235576642846,100.67497464473485,7.647381121693613,0.49573333333333336,0.16180739324559051,0.3621333333333333,0.3418803418803419
792,2015,136,1314,67,1217,65,N,0,1217,1314,0,13,4,9,0.7407407407407407,4.962962962962963,62.27407407407408,101.34411799690733,93.37456881170452,7.969549185202808,0.47270114942528735,0.1855596526703937,0.39080459770114945,0.32224770642201833,0.6857142857142857,9.514285714285714,70.1242857142857,111.10884755637949,97.54110049503943,13.567747061340057,0.5142257462686567,0.18090329415120093,0.34794776119402987,0.3993453355155483
793,2015,136,1323,69,1318,65,N,0,1318,1323,0,14,3,11,0.6764705882352942,3.588235294117647,64.32132352941177,106.6337437269225,101.05513449249516,5.578609234427347,0.5455089820359281,0.21354184528504633,0.42095808383233535,0.2964509394572025,0.8529411764705882,13.176470588235293,65.17058823529412,120.94954418268796,100.73111291632819,20.218431266359772,0.5858067997841339,0.14396606191894573,0.37128980032379927,0.28075396825396826
794,2015,136,1326,75,1433,72,N,1,1326,1433,1,10,7,3,0.696969696969697,13.424242424242424,66.62424242424242,113.79969071227146,93.65050486673339,20.14918584553807,0.5453340402969247,0.16965341581006096,0.34782608695652173,0.3412844036697248,0.7428571428571429,6.9714285714285715,68.21571428571428,106.259554773722,96.03987351050239,10.219681263219613,0.4881984585741811,0.1562270947205294,0.37475915221579964,0.31714495952906546
795,2015,136,1412,60,1235,59,N,0,1235,1412,0,3,14,-11,0.7575757575757576,9.090909090909092,69.61060606060606,112.57427682127853,99.5146159371395,13.059660884139035,0.5474318658280922,0.1584572187275537,0.3742138364779874,0.28545454545454546,0.5454545454545454,0.8181818181818182,67.16742424242425,101.37489989961765,100.1567769368719,1.2181229627457384,0.47755883962780515,0.20482512040243173,0.3716475095785441,0.33977172958735735
796,2015,136,1417,60,1374,59,N,0,1374,1417,0,6,11,-5,0.8125,9.6875,63.01484375,110.14269951276361,94.769337581671,15.373361931092617,0.5238532110091743,0.19737413059918918,0.44097859327217126,0.37048503611971106,0.6060606060606061,3.9696969696969697,68.04545454545455,105.81162324649299,99.9777332442663,5.833890002226681,0.49377270368448367,0.17457136495212647,0.3632589517384536,0.3386155129274395
797,2015,136,1428,57,1372,50,N,0,1372,1428,0,12,5,7,0.8666666666666667,13.466666666666667,67.99916666666667,116.12887412835943,96.32470986164047,19.804164266718956,0.5617433414043583,0.2034338656110982,0.42433414043583534,0.3769633507853403,0.7419354838709677,14.483870967741936,63.06935483870968,113.64856916349129,90.68357926501803,22.964989898473263,0.5559440559440559,0.17799145845587294,0.42848061029879214,0.31291028446389496
798,2015,136,1437,93,1248,52,N,0,1248,1437,0,16,1,15,0.6129032258064516,1.064516129032258,64.75887096774194,113.7221205215377,112.07830537602271,1.643815145514992,0.5626491646778043,0.1688646467665409,0.3096658711217184,0.2763873775843308,0.9411764705882353,15.382352941176471,65.29632352941177,116.79785592829072,93.24009324009324,23.55776268819747,0.5531914893617021,0.1662106009932097,0.4238952536824877,0.32651162790697674
799,2015,136,1462,76,1279,57,N,0,1279,1462,0,11,6,5,0.625,5.125,67.06640625,108.28819383773079,100.64651406604928,7.64167977168151,0.4818918918918919,0.16914205836099946,0.37567567567567567,0.3491644678979771,0.6176470588235294,5.911764705882353,67.04926470588236,109.70862074637832,100.8915744568853,8.817046289493021,0.5304812834224599,0.18028885696426025,0.38128342245989305,0.31307550644567217
800,2015,137,1173,66,1344,53,N,0,1173,1344,1,11,6,5,0.7575757575757576,7.303030303030303,64.50833333333334,105.74156498455685,94.42050005284729,11.321064931709557,0.5287037037037037,0.17803666427875187,0.48703703703703705,0.2418558736426456,0.6666666666666666,4.7272727272727275,66.19621212121211,106.06667505922476,98.92537108458555,7.141303974639214,0.4855191256830601,0.1789903752617906,0.4158469945355191,0.3528368794326241
801,2015,137,1181,85,1352,56,N,0,1181,1352,1,1,16,-15,0.8787878787878788,15.030303030303031,66.9280303030303,120.436923425208,97.97951213990605,22.457411285301944,0.5686170212765957,0.167977814250948,0.4015957446808511,0.37441643323996265,0.5757575757575758,1.2727272727272727,67.1310606060606,102.78401588931648,100.88813153826189,1.8958843510545904,0.5047274749721913,0.20493607032828143,0.35984427141268077,0.31272727272727274
802,2015,137,1211,86,1295,76,N,0,1211,1295,1,2,15,-13,0.9393939393939394,17.12121212121212,64.9530303030303,120.41335230586205,94.05397839930953,26.35937390655252,0.5844481605351171,0.16328815694324572,0.391304347826087,0.3373737373737374,0.7,2.3,61.79833333333333,103.45478572777043,99.73300250815825,3.7217832196121776,0.49258542875564154,0.1596591062326384,0.3623468729851709,0.2650356778797146
803,2015,137,1234,83,1172,52,N,0,1172,1234,0,10,7,3,0.7666666666666667,10.1,67.36666666666666,117.51608114794657,102.52350321622959,14.99257793171698,0.5595768374164811,0.14299851558634338,0.289532293986637,0.29846449136276393,0.65625,7.53125,64.68515625,107.29857361981713,95.65563969709046,11.64293392272667,0.47775900900900903,0.17440245419520028,0.3958333333333333,0.3583556747095621
804,2015,137,1242,75,1308,56,N,0,1242,1308,1,2,15,-13,0.7647058823529411,6.529411764705882,67.1735294117647,106.0028897937738,96.28267437278339,9.720215420990414,0.492776886035313,0.19046368054643373,0.4301765650080257,0.34865568083261056,0.6774193548387096,8.225806451612904,63.22016129032258,107.50959907134565,94.49823326062275,13.011365810722893,0.5098350253807107,0.21940734504356255,0.4486040609137056,0.39667705088265837
805,2015,137,1257,57,1414,55,N,0,1257,1414,1,4,13,-9,0.75,9.6875,66.52421875,104.0504515507745,89.48808587098213,14.562365679792364,0.4781061850027367,0.17756691054714566,0.3880678708264915,0.35119047619047616,0.6129032258064516,3.3548387096774195,64.31935483870967,103.86679372084859,98.65088519985957,5.215908520989018,0.5065050266114725,0.18055067957269674,0.30987581312832646,0.2982456140350877
806,2015,137,1268,65,1434,62,N,0,1268,1434,1,4,13,-9,0.8181818181818182,6.242424242424242,65.02045454545456,106.86613769559695,97.26542929381196,9.600708401784985,0.5088600118133491,0.18502336094702132,0.44477259303012406,0.29178743961352654,0.8333333333333334,8.666666666666666,63.51,107.6995748700992,94.05342990605155,13.64614496404765,0.5143570536828964,0.19104602949666719,0.36704119850187267,0.35015447991761073
807,2015,137,1277,70,1208,63,N,0,1208,1277,0,10,7,3,0.65625,4.15625,66.03125,103.50212967345007,97.2077614765736,6.294368196876476,0.48894202032277345,0.19309039280643633,0.4781829049611476,0.3231197771587744,0.6764705882352942,8.470588235294118,64.90441176470588,110.75110456553756,97.70023790642347,13.050866659114092,0.5381799163179917,0.17899626147048828,0.3190376569037657,0.34574468085106386
808,2015,137,1320,71,1461,54,N,0,1320,1461,1,5,12,-7,0.9090909090909091,11.06060606060606,58.217424242424244,112.27504001457442,93.27625021145913,18.998789803115287,0.5624178712220762,0.18009811703775033,0.40275952693823913,0.26741573033707866,0.71875,4.5,60.07421875,102.26932830483126,94.77859418687821,7.490734117953053,0.5210169491525424,0.18622797321022172,0.4101694915254237,0.2212290502793296
809,2015,137,1328,69,1107,60,N,0,1107,1328,0,14,3,11,0.75,5.28125,61.34375,106.77534386143658,98.16607233825776,8.609271523178819,0.5012461059190031,0.19052470708099847,0.3987538940809969,0.3248730964467005,0.6875,9.1875,68.803125,104.55557069537177,91.20225280465095,13.353317890720817,0.49413020277481323,0.17622746059862834,0.3265741728922092,0.3089788732394366
810,2015,137,1332,79,1329,73,N,0,1329,1332,0,9,8,1,0.5666666666666667,3.6333333333333333,64.50583333333333,103.14312659061842,97.51056106036921,5.6325655302492095,0.5012953367875648,0.18602968723758834,0.39702072538860106,0.2694300518134715,0.7272727272727273,4.03030303030303,68.76136363636364,109.07288051561726,103.21159037073762,5.861290144879632,0.5210148641722194,0.16966892524651572,0.2947206560738083,0.30603060306030605
811,2015,137,1361,76,1385,64,N,0,1361,1385,1,8,9,-1,0.7575757575757576,8.242424242424242,61.0969696969697,100.63485765301061,87.14413252653506,13.490725126475553,0.4670675830469645,0.18599345303045334,0.3619702176403207,0.3593611357586513,0.6451612903225806,3.2903225806451615,67.38709677419355,104.59550023934897,99.7127812350407,4.882719004308271,0.4934881087202718,0.15749162278602202,0.362400906002265,0.2785265049415993
812,2015,137,1438,79,1125,67,N,0,1125,1438,0,15,2,13,0.6774193548387096,3.6129032258064515,67.27822580645162,109.6553790830087,104.28528618519628,5.3700928978124125,0.5649851632047478,0.20425531914893616,0.3293768545994065,0.2913306451612903,0.90625,14.59375,58.95078125,110.844586983315,86.08876578713705,24.755821196177948,0.5121654501216545,0.1611513842320792,0.3424574209245742,0.3391752577319588
813,2015,137,1452,68,1138,62,N,0,1138,1452,0,12,5,7,0.71875,6.71875,68.8796875,108.88551142163645,99.13118435678152,9.754327064854934,0.48642172523961663,0.16378195676337817,0.422790202342918,0.3473861720067454,0.71875,7.09375,69.7828125,105.95374039990148,95.78827164640289,10.165468753498587,0.46556962025316456,0.18718792682653768,0.4040506329113924,0.40926347760060744
814,2015,137,1455,81,1231,76,N,0,1231,1455,0,10,7,3,0.6060606060606061,6.0606060606060606,67.08257575757575,115.5066686241516,106.47212277947803,9.034545844673573,0.5455958549222798,0.17120464375656416,0.32694300518134717,0.3529937444146559,0.8709677419354839,12.806451612903226,61.40403225806452,111.68752708790271,90.83148369472426,20.856043393178453,0.5068087625814092,0.15234893158744958,0.354647720544701,0.3474903474903475
815,2015,137,1458,86,1157,72,N,0,1157,1458,0,16,1,15,0.6896551724137931,5.827586206896552,65.0051724137931,108.42638516828899,99.46158130652732,8.964803861761666,0.49875156054931336,0.17717423016736067,0.39575530586766544,0.35129740518962077,0.9117647058823529,15.764705882352942,59.58970588235294,120.6288097529676,94.17339157473903,26.45541817822857,0.5457334076965978,0.12437995113644777,0.3558282208588957,0.3194444444444444
816,2015,138,1112,73,1326,58,N,0,1112,1326,1,2,10,-8,0.9117647058823529,17.823529411764707,67.1514705882353,113.83395747103782,87.29168035389702,26.5422771171408,0.5358490566037736,0.16687471256816241,0.47115902964959566,0.34137291280148424,0.696969696969697,13.424242424242424,66.62424242424242,113.79969071227146,93.65050486673339,20.14918584553807,0.5453340402969247,0.16965341581006096,0.34782608695652173,0.3412844036697248
817,2015,138,1246,64,1153,51,N,0,1153,1246,0,8,1,7,0.6875,7.09375,60.0953125,103.79345310834351,91.9892878500299,11.804165258313617,0.5037950664136622,0.21268297756168586,0.3782416192283365,0.37340425531914895,1.0,20.941176470588236,64.64338235294117,115.88466132059375,83.48973440254791,32.39492691804584,0.5177813163481954,0.16424955923335038,0.43789808917197454,0.40423572744014735
818,2015,138,1301,71,1437,68,N,0,1301,1437,1,8,1,7,0.6060606060606061,4.96969696969697,64.98560606060606,108.32235576642846,100.67497464473485,7.647381121693613,0.49573333333333336,0.16180739324559051,0.3621333333333333,0.3418803418803419,0.9411764705882353,15.382352941176471,65.29632352941177,116.79785592829072,93.24009324009324,23.55776268819747,0.5531914893617021,0.1662106009932097,0.4238952536824877,0.32651162790697674
819,2015,138,1314,87,1116,78,N,0,1116,1314,0,5,4,1,0.7647058823529411,7.882352941176471,70.84117647058824,110.14697334551192,99.02017769658724,11.126795648924684,0.5019203072491598,0.16565639790749814,0.37253960633701394,0.355877616747182,0.6857142857142857,9.514285714285714,70.1242857142857,111.10884755637949,97.54110049503943,13.567747061340057,0.5142257462686567,0.18090329415120093,0.34794776119402987,0.3993453355155483
820,2015,138,1323,67,1139,64,N,1,1139,1323,0,6,3,3,0.6875,8.375,65.1890625,106.70885165743869,93.86160446777401,12.847247189664671,0.4906832298136646,0.17449246182977396,0.4054206662902315,0.3551912568306011,0.8529411764705882,13.176470588235293,65.17058823529412,120.94954418268796,100.73111291632819,20.218431266359772,0.5858067997841339,0.14396606191894573,0.37128980032379927,0.28075396825396826
821,2015,138,1417,92,1412,75,N,0,1412,1417,0,14,11,3,0.5454545454545454,0.8181818181818182,67.16742424242425,101.37489989961765,100.1567769368719,1.2181229627457384,0.47755883962780515,0.20482512040243173,0.3716475095785441,0.33977172958735735,0.6060606060606061,3.9696969696969697,68.04545454545455,105.81162324649299,99.9777332442663,5.833890002226681,0.49377270368448367,0.17457136495212647,0.3632589517384536,0.3386155129274395
822,2015,138,1428,75,1207,64,N,0,1207,1428,0,4,5,-1,0.6774193548387096,6.064516129032258,65.83225806451613,107.40885927087417,98.19678557428459,9.212073696589584,0.5093939393939394,0.19208153665229322,0.4412121212121212,0.34288537549407117,0.7419354838709677,14.483870967741936,63.06935483870968,113.64856916349129,90.68357926501803,22.964989898473263,0.5559440559440559,0.17799145845587294,0.42848061029879214,0.31291028446389496
823,2015,138,1462,75,1209,67,N,0,1209,1462,0,14,6,8,0.71875,8.1875,64.6421875,109.25527543448308,96.58939837083946,12.66587706364362,0.5186697782963827,0.16533320441855404,0.3838973162193699,0.3054989816700611,0.6176470588235294,5.911764705882353,67.04926470588236,109.70862074637832,100.8915744568853,8.817046289493021,0.5304812834224599,0.18028885696426025,0.38128342245989305,0.31307550644567217
824,2015,139,1181,68,1361,49,N,0,1181,1361,1,1,8,-7,0.8787878787878788,15.030303030303031,66.9280303030303,120.436923425208,97.97951213990605,22.457411285301944,0.5686170212765957,0.167977814250948,0.4015957446808511,0.37441643323996265,0.7575757575757576,8.242424242424242,61.0969696969697,100.63485765301061,87.14413252653506,13.490725126475553,0.4670675830469645,0.18599345303045334,0.3619702176403207,0.3593611357586513
825,2015,139,1211,87,1234,68,N,0,1211,1234,1,2,7,-5,0.9393939393939394,17.12121212121212,64.9530303030303,120.41335230586205,94.05397839930953,26.35937390655252,0.5844481605351171,0.16328815694324572,0.391304347826087,0.3373737373737374,0.65625,7.53125,64.68515625,107.29857361981713,95.65563969709046,11.64293392272667,0.47775900900900903,0.17440245419520028,0.3958333333333333,0.3583556747095621
826,2015,139,1257,66,1320,53,N,0,1257,1320,1,4,5,-1,0.75,9.6875,66.52421875,104.0504515507745,89.48808587098213,14.562365679792364,0.4781061850027367,0.17756691054714566,0.3880678708264915,0.35119047619047616,0.9090909090909091,11.06060606060606,58.217424242424244,112.27504001457442,93.27625021145913,18.998789803115287,0.5624178712220762,0.18009811703775033,0.40275952693823913,0.26741573033707866
827,2015,139,1277,60,1438,54,N,0,1277,1438,1,7,2,5,0.6764705882352942,8.470588235294118,64.90441176470588,110.75110456553756,97.70023790642347,13.050866659114092,0.5381799163179917,0.17899626147048828,0.3190376569037657,0.34574468085106386,0.90625,14.59375,58.95078125,110.844586983315,86.08876578713705,24.755821196177948,0.5121654501216545,0.1611513842320792,0.3424574209245742,0.3391752577319588
828,2015,139,1328,72,1173,66,N,0,1173,1328,0,11,3,8,0.7575757575757576,7.303030303030303,64.50833333333334,105.74156498455685,94.42050005284729,11.321064931709557,0.5287037037037037,0.17803666427875187,0.48703703703703705,0.2418558736426456,0.6875,9.1875,68.803125,104.55557069537177,91.20225280465095,13.353317890720817,0.49413020277481323,0.17622746059862834,0.3265741728922092,0.3089788732394366
829,2015,139,1452,69,1268,59,N,0,1268,1452,0,4,5,-1,0.8181818181818182,6.242424242424242,65.02045454545456,106.86613769559695,97.26542929381196,9.600708401784985,0.5088600118133491,0.18502336094702132,0.44477259303012406,0.29178743961352654,0.71875,7.09375,69.7828125,105.95374039990148,95.78827164640289,10.165468753498587,0.46556962025316456,0.18718792682653768,0.4040506329113924,0.40926347760060744
830,2015,139,1455,78,1242,65,N,0,1242,1455,0,2,7,-5,0.7647058823529411,6.529411764705882,67.1735294117647,106.0028897937738,96.28267437278339,9.720215420990414,0.492776886035313,0.19046368054643373,0.4301765650080257,0.34865568083261056,0.8709677419354839,12.806451612903226,61.40403225806452,111.68752708790271,90.83148369472426,20.856043393178453,0.5068087625814092,0.15234893158744958,0.354647720544701,0.3474903474903475
831,2015,139,1458,72,1332,65,N,0,1332,1458,0,8,1,7,0.7272727272727273,4.03030303030303,68.76136363636364,109.07288051561726,103.21159037073762,5.861290144879632,0.5210148641722194,0.16966892524651572,0.2947206560738083,0.30603060306030605,0.9117647058823529,15.764705882352942,59.58970588235294,120.6288097529676,94.17339157473903,26.45541817822857,0.5457334076965978,0.12437995113644777,0.3558282208588957,0.3194444444444444
832,2015,143,1112,68,1462,60,N,0,1112,1462,1,2,6,-4,0.9117647058823529,17.823529411764707,67.1514705882353,113.83395747103782,87.29168035389702,26.5422771171408,0.5358490566037736,0.16687471256816241,0.47115902964959566,0.34137291280148424,0.6176470588235294,5.911764705882353,67.04926470588236,109.70862074637832,100.8915744568853,8.817046289493021,0.5304812834224599,0.18028885696426025,0.38128342245989305,0.31307550644567217
833,2015,143,1246,78,1452,39,N,0,1246,1452,1,1,5,-4,1.0,20.941176470588236,64.64338235294117,115.88466132059375,83.48973440254791,32.39492691804584,0.5177813163481954,0.16424955923335038,0.43789808917197454,0.40423572744014735,0.71875,7.09375,69.7828125,105.95374039990148,95.78827164640289,10.165468753498587,0.46556962025316456,0.18718792682653768,0.4040506329113924,0.40926347760060744
834,2015,143,1323,81,1455,70,N,0,1323,1455,1,3,7,-4,0.8529411764705882,13.176470588235293,65.17058823529412,120.94954418268796,100.73111291632819,20.218431266359772,0.5858067997841339,0.14396606191894573,0.37128980032379927,0.28075396825396826,0.8709677419354839,12.806451612903226,61.40403225806452,111.68752708790271,90.83148369472426,20.856043393178453,0.5068087625814092,0.15234893158744958,0.354647720544701,0.3474903474903475
835,2015,143,1458,79,1314,72,N,0,1314,1458,0,4,1,3,0.6857142857142857,9.514285714285714,70.1242857142857,111.10884755637949,97.54110049503943,13.567747061340057,0.5142257462686567,0.18090329415120093,0.34794776119402987,0.3993453355155483,0.9117647058823529,15.764705882352942,59.58970588235294,120.6288097529676,94.17339157473903,26.45541817822857,0.5457334076965978,0.12437995113644777,0.3558282208588957,0.3194444444444444
836,2015,144,1181,63,1428,57,N,0,1181,1428,1,1,5,-4,0.8787878787878788,15.030303030303031,66.9280303030303,120.436923425208,97.97951213990605,22.457411285301944,0.5686170212765957,0.167977814250948,0.4015957446808511,0.37441643323996265,0.7419354838709677,14.483870967741936,63.06935483870968,113.64856916349129,90.68357926501803,22.964989898473263,0.5559440559440559,0.17799145845587294,0.42848061029879214,0.31291028446389496
837,2015,144,1211,74,1417,62,N,0,1211,1417,1,2,11,-9,0.9393939393939394,17.12121212121212,64.9530303030303,120.41335230586205,94.05397839930953,26.35937390655252,0.5844481605351171,0.16328815694324572,0.391304347826087,0.3373737373737374,0.6060606060606061,3.9696969696969697,68.04545454545455,105.81162324649299,99.9777332442663,5.833890002226681,0.49377270368448367,0.17457136495212647,0.3632589517384536,0.3386155129274395
838,2015,144,1257,75,1301,65,N,0,1257,1301,1,4,8,-4,0.75,9.6875,66.52421875,104.0504515507745,89.48808587098213,14.562365679792364,0.4781061850027367,0.17756691054714566,0.3880678708264915,0.35119047619047616,0.6060606060606061,4.96969696969697,64.98560606060606,108.32235576642846,100.67497464473485,7.647381121693613,0.49573333333333336,0.16180739324559051,0.3621333333333333,0.3418803418803419
839,2015,144,1277,62,1328,58,N,0,1277,1328,1,7,3,4,0.6764705882352942,8.470588235294118,64.90441176470588,110.75110456553756,97.70023790642347,13.050866659114092,0.5381799163179917,0.17899626147048828,0.3190376569037657,0.34574468085106386,0.6875,9.1875,68.803125,104.55557069537177,91.20225280465095,13.353317890720817,0.49413020277481323,0.17622746059862834,0.3265741728922092,0.3089788732394366
840,2015,145,1246,68,1323,66,N,0,1246,1323,1,1,3,-2,1.0,20.941176470588236,64.64338235294117,115.88466132059375,83.48973440254791,32.39492691804584,0.5177813163481954,0.16424955923335038,0.43789808917197454,0.40423572744014735,0.8529411764705882,13.176470588235293,65.17058823529412,120.94954418268796,100.73111291632819,20.218431266359772,0.5858067997841339,0.14396606191894573,0.37128980032379927,0.28075396825396826
841,2015,145,1458,85,1112,78,N,0,1112,1458,0,2,1,1,0.9117647058823529,17.823529411764707,67.1514705882353,113.83395747103782,87.29168035389702,26.5422771171408,0.5358490566037736,0.16687471256816241,0.47115902964959566,0.34137291280148424,0.9117647058823529,15.764705882352942,59.58970588235294,120.6288097529676,94.17339157473903,26.45541817822857,0.5457334076965978,0.12437995113644777,0.3558282208588957,0.3194444444444444
842,2015,146,1181,66,1211,52,N,0,1181,1211,1,1,2,-1,0.8787878787878788,15.030303030303031,66.9280303030303,120.436923425208,97.97951213990605,22.457411285301944,0.5686170212765957,0.167977814250948,0.4015957446808511,0.37441643323996265,0.9393939393939394,17.12121212121212,64.9530303030303,120.41335230586205,94.05397839930953,26.35937390655252,0.5844481605351171,0.16328815694324572,0.391304347826087,0.3373737373737374
843,2015,146,1277,76,1257,70,N,1,1257,1277,0,4,7,-3,0.75,9.6875,66.52421875,104.0504515507745,89.48808587098213,14.562365679792364,0.4781061850027367,0.17756691054714566,0.3880678708264915,0.35119047619047616,0.6764705882352942,8.470588235294118,64.90441176470588,110.75110456553756,97.70023790642347,13.050866659114092,0.5381799163179917,0.17899626147048828,0.3190376569037657,0.34574468085106386
844,2015,152,1181,81,1277,61,N,0,1181,1277,1,1,7,-6,0.8787878787878788,15.030303030303031,66.9280303030303,120.436923425208,97.97951213990605,22.457411285301944,0.5686170212765957,0.167977814250948,0.4015957446808511,0.37441643323996265,0.6764705882352942,8.470588235294118,64.90441176470588,110.75110456553756,97.70023790642347,13.050866659114092,0.5381799163179917,0.17899626147048828,0.3190376569037657,0.34574468085106386
845,2015,152,1458,71,1246,64,N,0,1246,1458,0,1,1,0,1.0,20.941176470588236,64.64338235294117,115.88466132059375,83.48973440254791,32.39492691804584,0.5177813163481954,0.16424955923335038,0.43789808917197454,0.40423572744014735,0.9117647058823529,15.764705882352942,59.58970588235294,120.6288097529676,94.17339157473903,26.45541817822857,0.5457334076965978,0.12437995113644777,0.3558282208588957,0.3194444444444444
846,2015,154,1181,68,1458,63,N,0,1181,1458,1,1,1,0,0.8787878787878788,15.030303030303031,66.9280303030303,120.436923425208,97.97951213990605,22.457411285301944,0.5686170212765957,0.167977814250948,0.4015957446808511,0.37441643323996265,0.9117647058823529,15.764705882352942,59.58970588235294,120.6288097529676,94.17339157473903,26.45541817822857,0.5457334076965978,0.12437995113644777,0.3558282208588957,0.3194444444444444
847,2016,134,1195,96,1192,65,N,0,1192,1195,0,16,16,0,0.5483870967741935,-1.6774193548387097,72.76532258064516,105.59797847698634,107.90322401888528,-2.305245541898941,0.5162234042553191,0.17865652949716831,0.33563829787234045,0.2886142983230362,0.5517241379310345,2.7241379310344827,71.0051724137931,106.45169123181896,102.61515673943131,3.836534492387642,0.5117680826636051,0.16900177257606294,0.3639494833524684,0.315289648622982
848,2016,134,1455,70,1435,50,N,0,1435,1455,0,11,11,0,0.59375,9.40625,69.95234375,109.71755324495471,96.27089871452664,13.446654530428077,0.5345016429353778,0.1670780330358838,0.3948521358159912,0.2743682310469314,0.7419354838709677,13.709677419354838,66.53306451612903,109.91381922643362,89.30800838777711,20.60581083865651,0.49610027855153205,0.14787699543035843,0.37827298050139274,0.3183023872679045
849,2016,135,1221,59,1380,55,N,0,1221,1380,1,16,16,0,0.42424242424242425,-4.333333333333333,66.17878787878789,98.72246897751728,105.27038783827098,-6.547918860753697,0.4789915966386555,0.16575850542607262,0.3607843137254902,0.2357581069237511,0.6129032258064516,1.8709677419354838,69.47419354838709,102.52124251288481,99.82820262803548,2.693039884849327,0.4868641699273337,0.162975344755537,0.3868082727780883,0.28150134048257375
850,2016,135,1276,67,1409,62,N,0,1276,1409,1,11,11,0,0.6363636363636364,6.242424242424242,66.30833333333334,112.23965176459835,102.82541387229082,9.414237892307526,0.5501600853788687,0.1466975904578016,0.28441835645677693,0.24413145539906103,0.6451612903225806,4.32258064516129,69.53467741935484,106.42172042262506,100.20528165338716,6.216438769237897,0.5041829336307864,0.15541096923094766,0.39988845510317905,0.2792149866190901
851,2016,136,1114,85,1345,83,N,2,1114,1345,1,12,5,7,0.8709677419354839,9.935483870967742,64.4266129032258,108.65075291967605,93.22935573107688,15.421397188599173,0.5241460541813898,0.15872022431123184,0.3127208480565371,0.2694610778443114,0.7647058823529411,13.147058823529411,68.26838235294117,113.86719801820239,94.60929506166191,19.257902956540477,0.5371212121212121,0.17491518121600516,0.351010101010101,0.3517364203027605
852,2016,136,1139,71,1403,61,N,0,1139,1403,1,9,8,1,0.6774193548387096,9.419354838709678,70.28951612903225,114.64105829575833,101.240262049817,13.400796245941322,0.5246781115879828,0.1454812469165548,0.39753218884120173,0.32838589981447125,0.6129032258064516,2.5483870967741935,67.69999999999999,106.92333349216183,103.15909848954115,3.76423500262068,0.49941176470588233,0.1767760994901606,0.43058823529411766,0.31714568880079286
853,2016,136,1163,74,1160,67,N,0,1160,1163,0,8,9,-1,0.65625,4.75,71.434375,105.60391968152587,98.95445995012905,6.649459731396817,0.48430141287284145,0.18854718054158098,0.3997906855049712,0.35004177109440265,0.7058823529411765,10.323529411764707,67.38161764705882,108.94924649985269,93.6282587108109,15.320987789041794,0.5204185809086268,0.16499525311275767,0.296579887697805,0.2908762420957543
854,2016,136,1181,93,1423,85,N,0,1181,1423,1,4,13,-9,0.696969696969697,9.393939393939394,68.79393939393938,118.40366487534139,104.74848031010484,13.655184565236553,0.5365111561866126,0.14359968284732624,0.40162271805273836,0.33978132884777124,0.7666666666666667,6.366666666666666,71.185,109.66729882231742,100.72346702254687,8.94383179977055,0.5119891008174386,0.16061436163985857,0.35858310626703,0.3209764918625678
855,2016,136,1211,68,1371,52,N,0,1211,1371,1,11,6,5,0.78125,12.75,68.3890625,116.24665859398205,97.60332655532456,18.64333203865749,0.5528169014084507,0.16587082181452628,0.35861321776814736,0.31874405328258804,0.7575757575757576,7.0606060606060606,70.99469696969696,105.42827569280676,95.48301729749342,9.945258395313346,0.5023231801755291,0.19506365178790563,0.4062983995869902,0.3503709810387469
856,2016,136,1231,99,1151,74,N,0,1151,1231,0,12,5,7,0.84375,7.6875,68.040625,109.90676525972533,98.60836816240297,11.298397097322365,0.5176767676767676,0.17912092959169612,0.41975308641975306,0.3252788104089219,0.78125,13.375,69.09296875,119.0877327875711,99.72975723379957,19.357975553771524,0.5858369098712446,0.19765035787378873,0.3331545064377682,0.3767123287671233
857,2016,136,1235,94,1233,81,N,0,1233,1235,0,13,4,9,0.6875,5.9375,72.42734375,109.89461421467634,101.6967435037268,8.197870710949545,0.5382639958911145,0.17646995372517715,0.325115562403698,0.2935064935064935,0.65625,6.875,72.18203125,113.38521316549956,103.86068208630525,9.524531079194318,0.5680904522613065,0.16018529542281343,0.2547738693467337,0.2727272727272727
858,2016,136,1242,105,1122,79,N,0,1122,1242,0,16,1,15,0.48484848484848486,-2.3636363636363638,71.4280303030303,104.6189743861696,107.92809036432094,-3.3091159781513397,0.5152422427871529,0.20363790634777537,0.46543277082199236,0.3177083333333333,0.8787878787878788,12.696969696969697,70.28636363636363,114.25122335036325,96.1865959602492,18.06462739011404,0.5591793792740662,0.17849059044169954,0.39032088374539714,0.32162661737523107
859,2016,136,1246,85,1392,57,N,0,1246,1392,1,4,13,-9,0.7647058823529411,11.411764705882353,68.64926470588235,116.06310851193729,99.4398209140666,16.623287597870686,0.5367175948743224,0.16023478251555756,0.38294726466239526,0.3766122098022356,0.8,10.266666666666667,67.855,111.21754722078943,96.08724486036401,15.130302360425418,0.5316742081447964,0.17193525409574337,0.3246606334841629,0.3436592449177154
860,2016,136,1274,79,1138,72,N,0,1138,1274,0,14,3,11,0.5757575757575758,0.6666666666666666,72.97045454545454,104.98229877181507,104.0686869945287,0.9136117772863628,0.49617737003058104,0.18936680474662845,0.41743119266055045,0.3217741935483871,0.78125,8.8125,66.2640625,114.12671838524842,100.82765450729799,13.29906387795043,0.539009111617312,0.16081492136103187,0.39977220956719817,0.3045186640471513
861,2016,136,1314,83,1195,67,N,0,1195,1314,0,16,1,15,0.5517241379310345,2.7241379310344827,71.0051724137931,106.45169123181896,102.61515673943131,3.836534492387642,0.5117680826636051,0.16900177257606294,0.3639494833524684,0.315289648622982,0.8235294117647058,12.705882352941176,71.05514705882354,115.77585760852693,97.89413773477519,17.88171987375175,0.5205761316872428,0.15356754798985875,0.3223593964334705,0.3975
862,2016,136,1344,70,1425,69,N,0,1344,1425,1,9,8,1,0.696969696969697,4.242424242424242,70.37575757575758,105.10678608336204,99.0785394419566,6.028246641405445,0.48125633232016213,0.16362383740957628,0.3768996960486322,0.3092369477911647,0.6363636363636364,6.090909090909091,74.00227272727273,109.25135386914818,101.02064842398372,8.23070544516446,0.5199040767386092,0.16502359673638198,0.35347721822541966,0.32432432432432434
863,2016,136,1428,80,1201,69,N,0,1201,1428,0,14,3,11,0.71875,3.46875,70.859375,105.31422271223815,100.41896361631753,4.895259095920622,0.48223480947476827,0.14994487320837926,0.38105046343975285,0.3027295285359802,0.7575757575757576,7.484848484848484,68.24015151515152,112.08188549796284,101.11349179035713,10.968393707605713,0.551611141452758,0.17806987355262718,0.3839432004369197,0.29706717123935666
864,2016,136,1438,81,1214,45,N,0,1214,1438,0,16,1,15,0.6666666666666666,0.9,73.6375,101.8050132971199,100.58280993606066,1.2222033610592433,0.4715755278830536,0.1883098511854241,0.41959935029778017,0.34991708126036486,0.7878787878787878,10.696969696969697,61.375,114.64543603036475,97.21656483367278,17.428871196691972,0.5438898450946644,0.15305807566500032,0.32415375788869766,0.30610134436401243
865,2016,136,1455,65,1112,55,N,0,1112,1455,0,6,11,-5,0.7575757575757576,12.212121212121213,71.63030303030304,113.3767662238768,96.3279465267789,17.048819697097898,0.5377211238293444,0.1789491496742533,0.441207075962539,0.3506849315068493,0.7419354838709677,13.709677419354838,66.53306451612903,109.91381922643362,89.30800838777711,20.60581083865651,0.49610027855153205,0.14787699543035843,0.37827298050139274,0.3183023872679045
866,2016,136,1463,79,1124,75,N,0,1124,1463,0,5,12,-7,0.65625,6.6875,67.9015625,112.3869572220816,102.53814115102286,9.84881607105875,0.5167386609071274,0.18869227052028442,0.39200863930885527,0.40222428174235403,0.7777777777777778,10.962962962962964,67.22592592592592,110.79279378546637,94.48515233320478,16.307641452261592,0.5244547257105089,0.20053991515618974,0.4203569068076669,0.3922413793103448
867,2016,137,1218,77,1143,66,N,0,1143,1218,0,4,13,-9,0.696969696969697,8.090909090909092,69.10606060606061,108.70423152817365,96.99627274720456,11.707958780969093,0.5228601807549176,0.1767156325367244,0.41467304625199364,0.3263525305410122,0.8333333333333334,10.8,71.61333333333333,107.70806181344255,92.62707130888103,15.080990504561527,0.5242030696576151,0.18385775460808043,0.4628099173553719,0.310515873015873
868,2016,137,1234,72,1396,70,N,1,1234,1396,1,7,10,-3,0.6774193548387096,9.387096774193548,69.45645161290322,112.43991361493624,98.92483106146808,13.515082553468162,0.5176501580611169,0.15001277198523094,0.3340358271865121,0.3231173380035026,0.65625,1.21875,66.97734375,102.5066778644831,100.68703269529108,1.8196451691920146,0.46882984159427693,0.13670667553160468,0.2703117015840572,0.28987854251012146
869,2016,137,1268,79,1355,74,N,0,1268,1355,1,5,12,-7,0.75,9.125,67.4515625,111.97850309249694,98.45027681901365,13.528226273483284,0.5563823697767601,0.19041441775348053,0.35603892386949054,0.30225409836065575,0.7741935483870968,7.032258064516129,68.61451612903227,110.48165299358266,100.2327166733269,10.248936320255751,0.5138574660633484,0.17112902846665567,0.4061085972850679,0.32427366447985007
870,2016,137,1292,90,1277,81,N,0,1277,1292,0,2,15,-13,0.8529411764705882,16.38235294117647,67.52352941176471,118.12875686035368,93.8670615907309,24.261695269622777,0.5602766798418972,0.1746667828208032,0.30039525691699603,0.3722172751558326,0.7096774193548387,4.096774193548387,69.17822580645162,104.5452955782749,98.62323824623168,5.922057332043224,0.5181665735047513,0.17253237896503887,0.3571827836780324,0.2824156305506217
871,2016,137,1320,75,1400,72,N,0,1320,1400,1,11,6,5,0.6363636363636364,4.636363636363637,63.77499999999999,105.91212002423293,98.64224368340402,7.269876340828915,0.5329994107248085,0.15204970124609482,0.32822628167354156,0.17629482071713148,0.625,3.28125,67.26171875,106.06887740286892,101.19054532783554,4.878332075033384,0.4926148796498906,0.15424821418200824,0.3966083150984683,0.3076923076923077
872,2016,137,1323,70,1276,63,N,0,1276,1323,0,11,6,5,0.6363636363636364,6.242424242424242,66.30833333333334,112.23965176459835,102.82541387229082,9.414237892307526,0.5501600853788687,0.1466975904578016,0.28441835645677693,0.24413145539906103,0.65625,5.125,65.521875,115.56255067487004,107.74073544140794,7.821815233462104,0.5349783080260304,0.14832832546382413,0.3318872017353579,0.32800751879699247
873,2016,137,1328,82,1167,68,N,0,1167,1328,0,15,2,13,0.7241379310344828,8.482758620689655,68.75172413793103,104.37355802989266,92.03530945932391,12.338248570568751,0.4931629013079667,0.18055973517905508,0.38525564803804996,0.3406698564593301,0.78125,9.96875,72.10390625,111.51441604455377,97.68888214707508,13.825533897478692,0.5451244813278008,0.1798619613621835,0.3355809128630705,0.3054318788958148
874,2016,137,1332,91,1221,52,N,0,1221,1332,0,16,1,15,0.42424242424242425,-4.333333333333333,66.17878787878789,98.72246897751728,105.27038783827098,-6.547918860753697,0.4789915966386555,0.16575850542607262,0.3607843137254902,0.2357581069237511,0.8181818181818182,9.151515151515152,69.74090909090908,112.62464967737732,99.50248756218906,13.12216211518826,0.5231600617601647,0.162940754741576,0.4024704065877509,0.34611953612845675
875,2016,137,1372,70,1452,56,N,0,1372,1452,1,14,3,11,0.8214285714285714,15.285714285714286,69.3625,114.66673531910511,92.6293025770409,22.03743274206421,0.5547066014669927,0.1812424375048271,0.33863080684596575,0.3366013071895425,0.7647058823529411,12.588235294117647,71.5845588235294,110.64660263982333,93.06147604129218,17.585126598531147,0.5024390243902439,0.19557290329207538,0.4609756097560976,0.4190549961270333
876,2016,137,1386,78,1153,76,N,0,1153,1386,0,9,8,1,0.6875,10.3125,67.29296875,108.75950542752656,93.43472456028327,15.324780867243291,0.4903896103896104,0.16439310384860975,0.33506493506493507,0.3679727427597956,0.7941176470588235,7.676470588235294,70.65514705882353,109.81257349803832,98.94787232935447,10.864701168683851,0.5127576054955839,0.14319759394740403,0.3773307163886163,0.2827868852459016
877,2016,137,1393,70,1173,51,N,0,1173,1393,0,7,10,-3,0.78125,7.375,69.6171875,105.12849287397599,94.53484457412188,10.59364829985411,0.5199438202247191,0.18763326226012794,0.4101123595505618,0.2887067395264117,0.59375,4.5,65.89296875,106.56486015436967,99.735603428856,6.829256725513673,0.5044543429844098,0.18401052843745186,0.35467706013363026,0.3295553618134263
878,2016,137,1401,92,1453,65,N,0,1401,1453,1,3,14,-11,0.7647058823529411,10.382352941176471,68.8125,110.31682427739489,95.22893626115297,15.08788801624192,0.5141369047619048,0.1713949885131164,0.37450396825396826,0.3504823151125402,0.6363636363636364,2.696969696969697,77.61363636363636,107.2132747681796,103.73840897999024,3.474865788189362,0.4986072423398329,0.15578330893118594,0.42246982358402974,0.3129151291512915
879,2016,137,1433,75,1333,67,N,0,1333,1433,0,7,10,-3,0.6,1.4333333333333333,68.69833333333332,104.80603605133555,102.7196195929062,2.0864164584293547,0.4988419224088014,0.1678837429340838,0.3717429067747539,0.2940630797773655,0.7058823529411765,9.911764705882353,70.73235294117647,109.152147698449,95.13909102249573,14.013056675953266,0.5087429111531191,0.16175308744646347,0.32325141776937616,0.33255086071987483
880,2016,137,1437,86,1421,56,N,0,1421,1437,0,15,2,13,0.6451612903225806,5.451612903225806,70.71290322580644,105.33278591305141,97.6232836093244,7.709502303727007,0.4988782950084128,0.18612289585329136,0.42400448681996633,0.3159752868490733,0.8529411764705882,13.264705882352942,68.07058823529412,113.07466297960595,93.58797096439682,19.48669201520913,0.5426136363636364,0.16332526788800553,0.34297520661157027,0.28584392014519056
881,2016,137,1458,47,1338,43,N,0,1338,1458,0,10,7,3,0.6451612903225806,7.064516129032258,67.24193548387096,112.68889421923723,102.18277764451906,10.506116574718163,0.5133259300388673,0.17366274886063804,0.36646307606885065,0.3736892278360343,0.625,4.3125,64.4578125,106.8528349453373,100.1624124306111,6.690422514726208,0.48998855835240274,0.1701694422223838,0.39702517162471396,0.33639705882352944
882,2016,137,1462,71,1451,53,N,0,1451,1462,0,15,2,13,0.7419354838709677,6.064516129032258,69.74032258064516,106.847984458475,98.15213117787184,8.69585328060316,0.5489596083231334,0.19704433497536947,0.4663402692778458,0.2597402597402597,0.84375,10.3125,72.6,112.04373278236916,97.8391873278237,14.204545454545467,0.5147058823529411,0.17561983471074383,0.4293085655314757,0.3569598633646456
883,2016,138,1181,71,1463,64,N,0,1181,1463,1,4,12,-8,0.696969696969697,9.393939393939394,68.79393939393938,118.40366487534139,104.74848031010484,13.655184565236553,0.5365111561866126,0.14359968284732624,0.40162271805273836,0.33978132884777124,0.7777777777777778,10.962962962962964,67.22592592592592,110.79279378546637,94.48515233320478,16.307641452261592,0.5244547257105089,0.20053991515618974,0.4203569068076669,0.3922413793103448
884,2016,138,1211,82,1428,59,N,0,1211,1428,1,11,3,8,0.78125,12.75,68.3890625,116.24665859398205,97.60332655532456,18.64333203865749,0.5528169014084507,0.16587082181452628,0.35861321776814736,0.31874405328258804,0.7575757575757576,7.484848484848484,68.24015151515152,112.08188549796284,101.11349179035713,10.968393707605713,0.551611141452758,0.17806987355262718,0.3839432004369197,0.29706717123935666
885,2016,138,1231,73,1246,67,N,0,1231,1246,1,5,4,1,0.78125,13.375,69.09296875,119.0877327875711,99.72975723379957,19.357975553771524,0.5858369098712446,0.19765035787378873,0.3331545064377682,0.3767123287671233,0.7647058823529411,11.411764705882353,68.64926470588235,116.06310851193729,99.4398209140666,16.623287597870686,0.5367175948743224,0.16023478251555756,0.38294726466239526,0.3766122098022356
886,2016,138,1235,78,1114,61,N,0,1114,1235,0,12,4,8,0.8709677419354839,9.935483870967742,64.4266129032258,108.65075291967605,93.22935573107688,15.421397188599173,0.5241460541813898,0.15872022431123184,0.3127208480565371,0.2694610778443114,0.65625,6.875,72.18203125,113.38521316549956,103.86068208630525,9.524531079194318,0.5680904522613065,0.16018529542281343,0.2547738693467337,0.2727272727272727
887,2016,138,1242,73,1163,61,N,0,1163,1242,0,9,1,8,0.7058823529411765,10.323529411764707,67.38161764705882,108.94924649985269,93.6282587108109,15.320987789041794,0.5204185809086268,0.16499525311275767,0.296579887697805,0.2908762420957543,0.8787878787878788,12.696969696969697,70.28636363636363,114.25122335036325,96.1865959602492,18.06462739011404,0.5591793792740662,0.17849059044169954,0.39032088374539714,0.32162661737523107
888,2016,138,1274,65,1455,57,N,0,1274,1455,1,3,11,-8,0.78125,8.8125,66.2640625,114.12671838524842,100.82765450729799,13.29906387795043,0.539009111617312,0.16081492136103187,0.39977220956719817,0.3045186640471513,0.7419354838709677,13.709677419354838,66.53306451612903,109.91381922643362,89.30800838777711,20.60581083865651,0.49610027855153205,0.14787699543035843,0.37827298050139274,0.3183023872679045
889,2016,138,1314,85,1344,66,N,0,1314,1344,1,1,9,-8,0.8235294117647058,12.705882352941176,71.05514705882354,115.77585760852693,97.89413773477519,17.88171987375175,0.5205761316872428,0.15356754798985875,0.3223593964334705,0.3975,0.696969696969697,4.242424242424242,70.37575757575758,105.10678608336204,99.0785394419566,6.028246641405445,0.48125633232016213,0.16362383740957628,0.3768996960486322,0.3092369477911647
890,2016,138,1438,77,1139,69,N,0,1139,1438,0,9,1,8,0.6774193548387096,9.419354838709678,70.28951612903225,114.64105829575833,101.240262049817,13.400796245941322,0.5246781115879828,0.1454812469165548,0.39753218884120173,0.32838589981447125,0.7878787878787878,10.696969696969697,61.375,114.64543603036475,97.21656483367278,17.428871196691972,0.5438898450946644,0.15305807566500032,0.32415375788869766,0.30610134436401243
891,2016,139,1268,73,1218,60,N,0,1218,1268,0,13,5,8,0.8333333333333334,10.8,71.61333333333333,107.70806181344255,92.62707130888103,15.080990504561527,0.5242030696576151,0.18385775460808043,0.4628099173553719,0.310515873015873,0.75,9.125,67.4515625,111.97850309249694,98.45027681901365,13.528226273483284,0.5563823697767601,0.19041441775348053,0.35603892386949054,0.30225409836065575
892,2016,139,1323,76,1372,75,N,0,1323,1372,1,6,14,-8,0.65625,5.125,65.521875,115.56255067487004,107.74073544140794,7.821815233462104,0.5349783080260304,0.14832832546382413,0.3318872017353579,0.32800751879699247,0.8214285714285714,15.285714285714286,69.3625,114.66673531910511,92.6293025770409,22.03743274206421,0.5547066014669927,0.1812424375048271,0.33863080684596575,0.3366013071895425
893,2016,139,1328,85,1433,81,N,0,1328,1433,1,2,10,-8,0.78125,9.96875,72.10390625,111.51441604455377,97.68888214707508,13.825533897478692,0.5451244813278008,0.1798619613621835,0.3355809128630705,0.3054318788958148,0.7058823529411765,9.911764705882353,70.73235294117647,109.152147698449,95.13909102249573,14.013056675953266,0.5087429111531191,0.16175308744646347,0.32325141776937616,0.33255086071987483
894,2016,139,1332,69,1386,64,N,0,1332,1386,1,1,8,-7,0.8181818181818182,9.151515151515152,69.74090909090908,112.62464967737732,99.50248756218906,13.12216211518826,0.5231600617601647,0.162940754741576,0.4024704065877509,0.34611953612845675,0.7941176470588235,7.676470588235294,70.65514705882353,109.81257349803832,98.94787232935447,10.864701168683851,0.5127576054955839,0.14319759394740403,0.3773307163886163,0.2827868852459016
895,2016,139,1393,75,1292,50,N,0,1292,1393,0,15,10,5,0.7096774193548387,4.096774193548387,69.17822580645162,104.5452955782749,98.62323824623168,5.922057332043224,0.5181665735047513,0.17253237896503887,0.3571827836780324,0.2824156305506217,0.59375,4.5,65.89296875,106.56486015436967,99.735603428856,6.829256725513673,0.5044543429844098,0.18401052843745186,0.35467706013363026,0.3295553618134263
896,2016,139,1401,92,1320,88,N,2,1320,1401,0,11,3,8,0.6363636363636364,4.636363636363637,63.77499999999999,105.91212002423293,98.64224368340402,7.269876340828915,0.5329994107248085,0.15204970124609482,0.32822628167354156,0.17629482071713148,0.7647058823529411,10.382352941176471,68.8125,110.31682427739489,95.22893626115297,15.08788801624192,0.5141369047619048,0.1713949885131164,0.37450396825396826,0.3504823151125402
897,2016,139,1437,87,1234,68,N,0,1234,1437,0,7,2,5,0.6774193548387096,9.387096774193548,69.45645161290322,112.43991361493624,98.92483106146808,13.515082553468162,0.5176501580611169,0.15001277198523094,0.3340358271865121,0.3231173380035026,0.8529411764705882,13.264705882352942,68.07058823529412,113.07466297960595,93.58797096439682,19.48669201520913,0.5426136363636364,0.16332526788800553,0.34297520661157027,0.28584392014519056
898,2016,139,1458,66,1462,63,N,0,1458,1462,1,7,2,5,0.625,4.3125,64.4578125,106.8528349453373,100.1624124306111,6.690422514726208,0.48998855835240274,0.1701694422223838,0.39702517162471396,0.33639705882352944,0.84375,10.3125,72.6,112.04373278236916,97.8391873278237,14.204545454545467,0.5147058823529411,0.17561983471074383,0.4293085655314757,0.3569598633646456
899,2016,143,1242,79,1268,63,N,0,1242,1268,1,1,5,-4,0.8787878787878788,12.696969696969697,70.28636363636363,114.25122335036325,96.1865959602492,18.06462739011404,0.5591793792740662,0.17849059044169954,0.39032088374539714,0.32162661737523107,0.75,9.125,67.4515625,111.97850309249694,98.45027681901365,13.528226273483284,0.5563823697767601,0.19041441775348053,0.35603892386949054,0.30225409836065575
900,2016,143,1328,77,1401,63,N,0,1328,1401,1,2,3,-1,0.78125,9.96875,72.10390625,111.51441604455377,97.68888214707508,13.825533897478692,0.5451244813278008,0.1798619613621835,0.3355809128630705,0.3054318788958148,0.7647058823529411,10.382352941176471,68.8125,110.31682427739489,95.22893626115297,15.08788801624192,0.5141369047619048,0.1713949885131164,0.37450396825396826,0.3504823151125402
901,2016,143,1332,82,1181,68,N,0,1181,1332,0,4,1,3,0.696969696969697,9.393939393939394,68.79393939393938,118.40366487534139,104.74848031010484,13.655184565236553,0.5365111561866126,0.14359968284732624,0.40162271805273836,0.33978132884777124,0.8181818181818182,9.151515151515152,69.74090909090908,112.62464967737732,99.50248756218906,13.12216211518826,0.5231600617601647,0.162940754741576,0.4024704065877509,0.34611953612845675
902,2016,143,1437,92,1274,69,N,0,1274,1437,0,3,2,1,0.78125,8.8125,66.2640625,114.12671838524842,100.82765450729799,13.29906387795043,0.539009111617312,0.16081492136103187,0.39977220956719817,0.3045186640471513,0.8529411764705882,13.264705882352942,68.07058823529412,113.07466297960595,93.58797096439682,19.48669201520913,0.5426136363636364,0.16332526788800553,0.34297520661157027,0.28584392014519056
903,2016,144,1314,101,1231,86,N,0,1231,1314,0,5,1,4,0.78125,13.375,69.09296875,119.0877327875711,99.72975723379957,19.357975553771524,0.5858369098712446,0.19765035787378873,0.3331545064377682,0.3767123287671233,0.8235294117647058,12.705882352941176,71.05514705882354,115.77585760852693,97.89413773477519,17.88171987375175,0.5205761316872428,0.15356754798985875,0.3223593964334705,0.3975
904,2016,144,1323,61,1458,56,N,0,1323,1458,1,6,7,-1,0.65625,5.125,65.521875,115.56255067487004,107.74073544140794,7.821815233462104,0.5349783080260304,0.14832832546382413,0.3318872017353579,0.32800751879699247,0.625,4.3125,64.4578125,106.8528349453373,100.1624124306111,6.690422514726208,0.48998855835240274,0.1701694422223838,0.39702517162471396,0.33639705882352944
905,2016,144,1393,63,1211,60,N,0,1211,1393,0,11,10,1,0.78125,12.75,68.3890625,116.24665859398205,97.60332655532456,18.64333203865749,0.5528169014084507,0.16587082181452628,0.35861321776814736,0.31874405328258804,0.59375,4.5,65.89296875,106.56486015436967,99.735603428856,6.829256725513673,0.5044543429844098,0.18401052843745186,0.35467706013363026,0.3295553618134263
906,2016,144,1438,84,1235,71,N,0,1235,1438,0,4,1,3,0.65625,6.875,72.18203125,113.38521316549956,103.86068208630525,9.524531079194318,0.5680904522613065,0.16018529542281343,0.2547738693467337,0.2727272727272727,0.7878787878787878,10.696969696969697,61.375,114.64543603036475,97.21656483367278,17.428871196691972,0.5438898450946644,0.15305807566500032,0.32415375788869766,0.30610134436401243
907,2016,145,1328,80,1332,68,N,0,1328,1332,1,2,1,1,0.78125,9.96875,72.10390625,111.51441604455377,97.68888214707508,13.825533897478692,0.5451244813278008,0.1798619613621835,0.3355809128630705,0.3054318788958148,0.8181818181818182,9.151515151515152,69.74090909090908,112.62464967737732,99.50248756218906,13.12216211518826,0.5231600617601647,0.162940754741576,0.4024704065877509,0.34611953612845675
908,2016,145,1437,64,1242,59,N,0,1242,1437,0,1,2,-1,0.8787878787878788,12.696969696969697,70.28636363636363,114.25122335036325,96.1865959602492,18.06462739011404,0.5591793792740662,0.17849059044169954,0.39032088374539714,0.32162661737523107,0.8529411764705882,13.264705882352942,68.07058823529412,113.07466297960595,93.58797096439682,19.48669201520913,0.5426136363636364,0.16332526788800553,0.34297520661157027,0.28584392014519056
909,2016,146,1314,88,1323,74,N,0,1314,1323,1,1,6,-5,0.8235294117647058,12.705882352941176,71.05514705882354,115.77585760852693,97.89413773477519,17.88171987375175,0.5205761316872428,0.15356754798985875,0.3223593964334705,0.3975,0.65625,5.125,65.521875,115.56255067487004,107.74073544140794,7.821815233462104,0.5349783080260304,0.14832832546382413,0.3318872017353579,0.32800751879699247
910,2016,146,1393,68,1438,62,N,0,1393,1438,1,10,1,9,0.59375,4.5,65.89296875,106.56486015436967,99.735603428856,6.829256725513673,0.5044543429844098,0.18401052843745186,0.35467706013363026,0.3295553618134263,0.7878787878787878,10.696969696969697,61.375,114.64543603036475,97.21656483367278,17.428871196691972,0.5438898450946644,0.15305807566500032,0.32415375788869766,0.30610134436401243
911,2016,152,1314,83,1393,66,N,0,1314,1393,1,1,10,-9,0.8235294117647058,12.705882352941176,71.05514705882354,115.77585760852693,97.89413773477519,17.88171987375175,0.5205761316872428,0.15356754798985875,0.3223593964334705,0.3975,0.59375,4.5,65.89296875,106.56486015436967,99.735603428856,6.829256725513673,0.5044543429844098,0.18401052843745186,0.35467706013363026,0.3295553618134263
912,2016,152,1437,95,1328,51,N,0,1328,1437,0,2,2,0,0.78125,9.96875,72.10390625,111.51441604455377,97.68888214707508,13.825533897478692,0.5451244813278008,0.1798619613621835,0.3355809128630705,0.3054318788958148,0.8529411764705882,13.264705882352942,68.07058823529412,113.07466297960595,93.58797096439682,19.48669201520913,0.5426136363636364,0.16332526788800553,0.34297520661157027,0.28584392014519056
913,2016,154,1437,77,1314,74,N,0,1314,1437,0,1,2,-1,0.8235294117647058,12.705882352941176,71.05514705882354,115.77585760852693,97.89413773477519,17.88171987375175,0.5205761316872428,0.15356754798985875,0.3223593964334705,0.3975,0.8529411764705882,13.264705882352942,68.07058823529412,113.07466297960595,93.58797096439682,19.48669201520913,0.5426136363636364,0.16332526788800553,0.34297520661157027,0.28584392014519056
914,2017,134,1243,95,1448,88,N,0,1243,1448,1,11,11,0,0.6060606060606061,4.787878787878788,67.96666666666667,105.5330152927014,98.48856391279148,7.04445137990993,0.5241301907968574,0.1921619332114673,0.4062850729517396,0.2953904045155221,0.59375,4.75,71.903125,114.95501760180798,108.34890694945456,6.606110652353422,0.5402208201892744,0.16428354122299968,0.40168243953732913,0.3089430894308943
915,2017,134,1291,67,1309,66,N,0,1291,1309,1,16,16,0,0.5588235294117647,-0.2647058823529412,69.18014705882354,98.76175798480098,99.14439071052772,-0.38263272572673657,0.5093432995194874,0.19004092044427912,0.32835024025627335,0.2294792586054722,0.6071428571428571,1.3214285714285714,69.80535714285715,101.35325266685426,99.46023381340974,1.8930188534445165,0.5006613756613757,0.2373947967562866,0.4351851851851852,0.361863488624052
916,2017,135,1413,67,1300,63,N,0,1300,1413,0,16,16,0,0.7333333333333333,9.433333333333334,68.15083333333334,107.60445580269256,93.76260989716437,13.841845905528189,0.517691415313225,0.17950379672540076,0.3474477958236659,0.3194980694980695,0.625,0.5,70.521875,98.37373155492534,97.66473168786281,0.7089998670625306,0.48709315375982043,0.20117871227899145,0.4107744107744108,0.2951263537906137
917,2017,135,1425,75,1344,71,N,0,1344,1425,0,11,11,0,0.625,3.625,68.0109375,103.29220943322535,97.96218439129736,5.330025041927996,0.5126146788990825,0.18517242171525722,0.38188073394495414,0.26427255985267034,0.7272727272727273,5.515151515151516,70.86666666666666,111.04934576242196,103.26691182758915,7.7824339348328095,0.5192210419828023,0.1573591037372787,0.37228123419322207,0.3076923076923077
918,2017,136,1112,100,1315,82,N,0,1112,1315,1,2,15,-13,0.8823529411764706,10.823529411764707,66.96470588235294,113.8879128601546,97.72487702037947,16.163035839775134,0.5368392952482648,0.17085382993675333,0.4100373731980779,0.3336510962821735,0.6785714285714286,4.392857142857143,73.96071428571429,106.37886909073349,100.43942247332077,5.939446617412713,0.5339599757428745,0.18639238978222028,0.36628259551243175,0.2620041753653445
919,2017,136,1139,76,1457,64,N,0,1139,1457,1,4,13,-9,0.7419354838709677,7.903225806451613,67.16935483870968,113.57906111177813,101.81294273021972,11.766118381558414,0.5456896551724137,0.15127866490575098,0.3620689655172414,0.2807017543859649,0.8,8.1,72.99666666666667,108.63509749303621,97.5387003972784,11.096397095757808,0.5369948776323278,0.17946024932645324,0.38929994308480365,0.27014218009478674
920,2017,136,1196,80,1190,65,N,0,1190,1196,0,13,4,9,0.78125,10.1875,72.65546875,109.54956504908655,95.52790890224627,14.021656146840286,0.5614133482893999,0.2055936085334251,0.4380257992148065,0.29892891918208375,0.75,11.71875,70.746875,110.64976368214143,94.08542780158133,16.564335880560094,0.5150554675118859,0.16696850567604576,0.4035921817221342,0.3186907838070629
921,2017,136,1199,86,1195,80,N,0,1195,1199,0,14,3,11,0.7666666666666667,6.066666666666666,68.42416666666666,111.70517239279495,102.8389092547711,8.866263138023854,0.5404939689833429,0.18024820665213315,0.3394600804135554,0.34486266531027465,0.7575757575757576,11.181818181818182,72.63181818181818,113.52400025032856,98.12879404218036,15.395206208148196,0.5391240157480315,0.16271356154953376,0.37696850393700787,0.34033245844269466
922,2017,136,1211,66,1355,46,N,0,1211,1355,1,1,16,-15,0.9696969696969697,23.424242424242426,71.22727272727273,118.74069346947458,85.8540736013614,32.88661986811317,0.5801033591731266,0.15868964050202083,0.38242894056847543,0.2985507246376812,0.5,-1.0625,70.0296875,110.08723978669761,111.6044534683951,-1.5172136816974984,0.5377039954980304,0.1834043597581383,0.40630275745638716,0.2738432483474976
923,2017,136,1235,84,1305,73,N,0,1235,1305,1,5,12,-7,0.696969696969697,8.878787878787879,71.83939393939393,112.58278145695365,100.22356266081749,12.359218796136162,0.5480212355212355,0.14130847429029403,0.27606177606177607,0.26057529610829105,0.8235294117647058,9.029411764705882,71.18897058823529,112.33564353367693,99.65192063377299,12.683722899903941,0.5270203272186416,0.15658407097927016,0.4179474467030243,0.3056910569105691
924,2017,136,1292,81,1278,72,N,0,1278,1292,0,5,12,-7,0.7272727272727273,6.181818181818182,71.81439393939394,104.81565483411572,96.20760588638642,8.608048947729301,0.48564954682779454,0.16245582572920514,0.39526686807653577,0.30064308681672025,0.8787878787878788,10.909090909090908,66.075,112.31497724119745,95.804813171442,16.510164069755447,0.5433403805496829,0.15684655866267672,0.29651162790697677,0.3033175355450237
925,2017,136,1321,68,1435,66,N,0,1321,1435,1,8,9,-1,0.6764705882352942,6.029411764705882,66.27426470588235,107.2637102947866,98.16604351347453,9.097666781312071,0.4969589457678662,0.1588763272053521,0.30765331981753674,0.30886075949367087,0.5588235294117647,3.1176470588235294,67.26323529411764,105.94897133737074,101.3139771311135,4.6349942062572325,0.5228136882129277,0.18365071383283413,0.34872351982618144,0.24977618621307074
926,2017,136,1323,60,1343,58,N,0,1323,1343,1,5,12,-7,0.7352941176470589,8.794117647058824,67.91691176470589,114.84621130923381,101.89786395574176,12.948347353492053,0.5395966551893753,0.13901068563447982,0.2818494835218888,0.27445887445887446,0.7857142857142857,8.785714285714286,65.00535714285715,108.94706480235145,95.43169518995687,13.51536961239458,0.534744156664561,0.1521852594566382,0.2488945041061276,0.2420042643923241
927,2017,136,1345,80,1436,70,N,0,1345,1436,1,4,13,-9,0.78125,12.96875,70.98515625,112.87571125125191,94.60604659865068,18.269664652601236,0.5568669527896996,0.1844575780587931,0.3428111587982833,0.30912659470068693,0.8484848484848485,10.545454545454545,65.1939393939394,112.57785627963186,96.40234266059309,16.175513619038767,0.5544692737430168,0.17105140838523752,0.3486033519553073,0.30089374379344586
928,2017,136,1388,85,1433,77,N,0,1388,1433,1,7,10,-3,0.875,15.5,60.678125,118.65890714322501,93.11428129989184,25.544625843333165,0.5789163722025913,0.17355925220167895,0.2661955241460542,0.33405639913232105,0.7647058823529411,8.264705882352942,69.95514705882353,106.74907240984244,94.93477963821357,11.814292771628871,0.5110831234256927,0.17910636016775455,0.3632241813602015,0.3143336127409891
929,2017,136,1437,76,1291,56,N,0,1291,1437,0,16,1,15,0.5588235294117647,-0.2647058823529412,69.18014705882354,98.76175798480098,99.14439071052772,-0.38263272572673657,0.5093432995194874,0.19004092044427912,0.32835024025627335,0.2294792586054722,0.9117647058823529,14.882352941176471,65.74338235294118,118.1510105020635,95.51397479057387,22.63703571148963,0.5786608600979859,0.17044882620706625,0.3532934131736527,0.29633401221995925
930,2017,136,1438,76,1423,71,N,0,1423,1438,0,12,5,7,0.84375,9.03125,70.35625,118.14870747090698,105.31225015545883,12.836457315448158,0.551980198019802,0.1390246069112552,0.3089108910891089,0.3244635193133047,0.6875,10.96875,60.9359375,109.28485345778097,91.2843919074848,18.000461550296166,0.5294117647058824,0.156414267032488,0.25742574257425743,0.2874617737003058
931,2017,136,1452,86,1137,80,N,0,1137,1452,0,13,4,9,0.7647058823529411,8.794117647058824,70.49485294117646,108.01789867846006,95.54306217600367,12.474836502456384,0.5541250656857594,0.18816559406715136,0.371518654755649,0.26782449725776963,0.7647058823529411,15.647058823529411,72.7625,112.65499156199157,91.15070181998242,21.50428974200915,0.5176497909893172,0.16855806057176348,0.3822573153738969,0.37693498452012386
932,2017,136,1458,84,1439,74,N,0,1439,1458,0,9,8,1,0.6875,4.84375,70.55078125,112.33043574552904,105.46481368694978,6.865622058579262,0.5700113378684807,0.17186202314379048,0.40532879818594103,0.23446893787575152,0.7352941176470589,10.529411764705882,65.4470588235294,109.92270357720655,93.83426208880101,16.088441488405536,0.5169878296146044,0.16762538198813592,0.3204868154158215,0.35383319292333615
933,2017,136,1462,76,1268,65,N,0,1268,1462,0,6,11,-5,0.7419354838709677,5.0,68.41532258064517,107.50279955207166,100.19449519655802,7.308304355513641,0.5261020881670534,0.19001591324335473,0.3857308584686775,0.30637488106565175,0.6176470588235294,3.264705882352941,68.41617647058824,109.06433377039313,104.29250048363174,4.771833286761392,0.5160705028512182,0.18700427745416245,0.41161223431829963,0.3516949152542373
934,2017,137,1116,77,1371,71,N,0,1116,1371,1,8,9,-1,0.7352941176470589,5.794117647058823,71.68088235294118,111.3185483043719,103.23533635598957,8.083211948382328,0.5151515151515151,0.16371581560429188,0.38807429130009774,0.3243470935130581,0.65625,3.125,69.7875,105.05104782375068,100.57316854737597,4.477879276374708,0.5023948908994146,0.19433996059466238,0.3789249600851517,0.3536379018612521
935,2017,137,1124,91,1308,73,N,0,1124,1308,1,3,14,-11,0.7741935483870968,8.580645161290322,64.94677419354838,110.26398788089503,97.05217672039139,13.211811160503643,0.5265771028037384,0.20662080611915465,0.3422897196261682,0.3997965412004069,0.8333333333333334,9.366666666666667,69.69250000000001,111.10712534825602,97.66713300092071,13.439992347335306,0.5279905715969357,0.1970561155552367,0.4413671184443135,0.3599615014436959
936,2017,137,1153,75,1243,61,N,0,1153,1243,1,6,11,-5,0.8529411764705882,13.647058823529411,66.04705882352941,112.7538297114357,92.09120057000356,20.662629141432134,0.5168650793650794,0.15140719629497684,0.3253968253968254,0.35823429541595925,0.6060606060606061,4.787878787878788,67.96666666666667,105.5330152927014,98.48856391279148,7.04445137990993,0.5241301907968574,0.1921619332114673,0.4062850729517396,0.2953904045155221
937,2017,137,1181,87,1407,65,N,0,1181,1407,1,2,15,-13,0.7714285714285715,10.82857142857143,69.55,115.9700112971141,100.40053404539385,15.569477251720244,0.547783251231527,0.16226763890315293,0.3891625615763547,0.3152454780361757,0.5882352941176471,3.6176470588235294,69.6125,108.79553832666126,103.59870290367898,5.196835422982275,0.5175348117586385,0.17576288910248963,0.40587931923671994,0.30574324324324326
938,2017,137,1242,100,1413,62,N,0,1242,1413,1,1,16,-15,0.875,10.34375,72.39453125,114.26104786057303,99.97302109750176,14.288026763071272,0.5586721564590839,0.18086656234824366,0.36798764796706124,0.34252669039145905,0.625,0.5,70.521875,98.37373155492534,97.66473168786281,0.7089998670625306,0.48709315375982043,0.20117871227899145,0.4107744107744108,0.2951263537906137
939,2017,137,1246,79,1297,70,N,0,1246,1297,1,2,15,-13,0.8529411764705882,14.352941176470589,75.29485294117647,114.13951035634418,95.07719651175282,19.06231384459136,0.5325278810408922,0.15976406480405464,0.41775092936802977,0.3399523431294678,0.6875,3.03125,69.66953125,107.47165749016001,103.12075983717774,4.350897652982269,0.5287042099507928,0.1915292059611783,0.373428102788409,0.313953488372093
940,2017,137,1257,78,1240,63,N,0,1240,1257,0,15,2,13,0.5625,0.875,65.53203125,105.33970744268666,104.00448254074223,1.3352249019444287,0.5239485981308412,0.20648299376497656,0.3382009345794392,0.3151219512195122,0.75,11.6875,69.2484375,111.96100995058553,95.08337281978385,16.877637130801688,0.5135135135135135,0.1611047180667434,0.3477817440081591,0.363481228668942
941,2017,137,1276,92,1329,91,N,0,1276,1329,1,7,10,-3,0.6857142857142857,9.257142857142858,64.22785714285715,116.46036988845518,102.04739821394811,14.412971674507062,0.5690288713910762,0.14679878557368298,0.30498687664041996,0.2526416906820365,0.6129032258064516,7.225806451612903,72.70483870967742,116.95543181666926,107.01688222375047,9.93854959291879,0.5377604166666666,0.1827983228697562,0.378125,0.37971274685816875
942,2017,137,1277,78,1274,58,N,0,1274,1277,0,8,9,-1,0.65625,5.6875,65.1875,106.42377756471716,97.69894534995206,8.724832214765101,0.5117276887871853,0.19511025886864813,0.34324942791762014,0.3365019011406844,0.5757575757575758,3.3636363636363638,68.59545454545454,104.56563514677622,99.66205022861308,4.9035849181631335,0.5390753990093561,0.20674574249552713,0.33791964777105116,0.29307116104868913
943,2017,137,1314,103,1411,64,N,0,1314,1411,1,1,16,-15,0.7878787878787878,13.424242424242424,72.37954545454545,116.51542269810867,97.96841146732815,18.547011230780512,0.5229885057471264,0.16411802262902836,0.33057471264367816,0.41969330104923325,0.6764705882352942,2.588235294117647,69.76764705882353,106.61439231061085,102.90459930019814,3.70979301041271,0.48185998978027594,0.16609755069347837,0.44762391415431785,0.320097244732577
944,2017,137,1332,93,1233,77,N,0,1233,1332,0,14,3,11,0.6470588235294118,4.117647058823529,73.13823529411764,110.02533478103511,104.39538343990027,5.629951341134841,0.5341941654710665,0.16527928580045845,0.3118125298900048,0.26881720430107525,0.8484848484848485,13.303030303030303,69.01515151515152,113.98463227222832,94.70911086717892,19.275521405049403,0.5558455114822547,0.1699231613611416,0.3444676409185804,0.32041587901701324
945,2017,137,1348,84,1166,72,N,0,1166,1348,0,6,11,-5,0.7272727272727273,8.93939393939394,72.9121212121212,111.840738123935,99.58023357300196,12.260504550933035,0.580070281124498,0.1712314533893022,0.2791164658634538,0.24169741697416974,0.7272727272727273,8.484848484848484,67.76363636363635,108.26401931848673,95.74277792684018,12.521241391646555,0.5068385060494477,0.16545926124675792,0.39558127301420304,0.3316412859560068
946,2017,137,1376,93,1266,73,N,0,1266,1376,0,10,7,3,0.6129032258064516,7.516129032258065,71.29758064516129,115.73482337771041,105.19291022407221,10.541913153638205,0.5757493188010899,0.17102331210623353,0.3111716621253406,0.272636815920398,0.6774193548387096,6.935483870967742,71.18387096774192,100.4214437848371,90.67838854397971,9.743055240857387,0.4669579464773348,0.1885167897765895,0.3997815401419989,0.3370981754995656
947,2017,137,1417,97,1245,80,N,0,1245,1417,0,14,3,11,0.6176470588235294,3.088235294117647,71.60955882352941,106.00786536467157,101.6952633254269,4.31260203924468,0.48095680445889455,0.18154000965201408,0.330236878773804,0.3816091954022989,0.8787878787878788,15.030303030303031,75.04848484848485,120.40700960994913,100.37955261245256,20.02745699749657,0.5953824626865671,0.15383994185577002,0.26865671641791045,0.2943327239488117
948,2017,137,1425,66,1374,65,N,0,1374,1425,0,6,11,-5,0.8823529411764706,14.705882352941176,63.76029411764706,116.89000622736813,93.82567982102083,23.064326406347305,0.5473656200106439,0.1702147288788431,0.36508781266631185,0.3752310536044362,0.7272727272727273,5.515151515151516,70.86666666666666,111.04934576242196,103.26691182758915,7.7824339348328095,0.5192210419828023,0.1573591037372787,0.37228123419322207,0.3076923076923077
949,2017,137,1455,64,1173,58,N,0,1173,1455,0,7,10,-3,0.7666666666666667,9.2,69.55083333333333,109.22466780891673,95.99693269910497,13.22773510981176,0.5416413373860183,0.17109787805082613,0.4370820668693009,0.2575150300601202,0.8787878787878788,19.303030303030305,69.55151515151515,117.76751481352389,90.01394214011852,27.753572673405372,0.5455012853470437,0.15989891948414084,0.4071979434447301,0.3417391304347826
950,2017,138,1112,69,1388,60,N,0,1112,1388,1,2,7,-5,0.8823529411764706,10.823529411764707,66.96470588235294,113.8879128601546,97.72487702037947,16.163035839775134,0.5368392952482648,0.17085382993675333,0.4100373731980779,0.3336510962821735,0.875,15.5,60.678125,118.65890714322501,93.11428129989184,25.544625843333165,0.5789163722025913,0.17355925220167895,0.2661955241460542,0.33405639913232105
951,2017,138,1139,74,1292,65,N,0,1139,1292,1,4,12,-8,0.7419354838709677,7.903225806451613,67.16935483870968,113.57906111177813,101.81294273021972,11.766118381558414,0.5456896551724137,0.15127866490575098,0.3620689655172414,0.2807017543859649,0.8787878787878788,10.909090909090908,66.075,112.31497724119745,95.804813171442,16.510164069755447,0.5433403805496829,0.15684655866267672,0.29651162790697677,0.3033175355450237
952,2017,138,1196,65,1438,39,N,0,1196,1438,1,4,5,-1,0.75,11.71875,70.746875,110.64976368214143,94.08542780158133,16.564335880560094,0.5150554675118859,0.16696850567604576,0.4035921817221342,0.3186907838070629,0.6875,10.96875,60.9359375,109.28485345778097,91.2843919074848,18.000461550296166,0.5294117647058824,0.156414267032488,0.25742574257425743,0.2874617737003058
953,2017,138,1211,79,1321,73,N,0,1211,1321,1,1,8,-7,0.9696969696969697,23.424242424242426,71.22727272727273,118.74069346947458,85.8540736013614,32.88661986811317,0.5801033591731266,0.15868964050202083,0.38242894056847543,0.2985507246376812,0.6764705882352942,6.029411764705882,66.27426470588235,107.2637102947866,98.16604351347453,9.097666781312071,0.4969589457678662,0.1588763272053521,0.30765331981753674,0.30886075949367087
954,2017,138,1345,80,1235,76,N,0,1235,1345,0,5,4,1,0.696969696969697,8.878787878787879,71.83939393939393,112.58278145695365,100.22356266081749,12.359218796136162,0.5480212355212355,0.14130847429029403,0.27606177606177607,0.26057529610829105,0.78125,12.96875,70.98515625,112.87571125125191,94.60604659865068,18.269664652601236,0.5568669527896996,0.1844575780587931,0.3428111587982833,0.30912659470068693
955,2017,138,1452,83,1323,71,N,0,1323,1452,0,5,4,1,0.7352941176470589,8.794117647058824,67.91691176470589,114.84621130923381,101.89786395574176,12.948347353492053,0.5395966551893753,0.13901068563447982,0.2818494835218888,0.27445887445887446,0.7647058823529411,15.647058823529411,72.7625,112.65499156199157,91.15070181998242,21.50428974200915,0.5176497909893172,0.16855806057176348,0.3822573153738969,0.37693498452012386
956,2017,138,1458,65,1437,62,N,0,1437,1458,0,1,8,-7,0.9117647058823529,14.882352941176471,65.74338235294118,118.1510105020635,95.51397479057387,22.63703571148963,0.5786608600979859,0.17044882620706625,0.3532934131736527,0.29633401221995925,0.7352941176470589,10.529411764705882,65.4470588235294,109.92270357720655,93.83426208880101,16.088441488405536,0.5169878296146044,0.16762538198813592,0.3204868154158215,0.35383319292333615
957,2017,138,1462,91,1199,66,N,0,1199,1462,0,3,11,-8,0.7575757575757576,11.181818181818182,72.63181818181818,113.52400025032856,98.12879404218036,15.395206208148196,0.5391240157480315,0.16271356154953376,0.37696850393700787,0.34033245844269466,0.6176470588235294,3.264705882352941,68.41617647058824,109.06433377039313,104.29250048363174,4.771833286761392,0.5160705028512182,0.18700427745416245,0.41161223431829963,0.3516949152542373
958,2017,139,1124,82,1425,78,N,0,1124,1425,1,3,11,-8,0.7741935483870968,8.580645161290322,64.94677419354838,110.26398788089503,97.05217672039139,13.211811160503643,0.5265771028037384,0.20662080611915465,0.3422897196261682,0.3997965412004069,0.7272727272727273,5.515151515151516,70.86666666666666,111.04934576242196,103.26691182758915,7.7824339348328095,0.5192210419828023,0.1573591037372787,0.37228123419322207,0.3076923076923077
959,2017,139,1242,90,1277,70,N,0,1242,1277,1,1,9,-8,0.875,10.34375,72.39453125,114.26104786057303,99.97302109750176,14.288026763071272,0.5586721564590839,0.18086656234824366,0.36798764796706124,0.34252669039145905,0.5757575757575758,3.3636363636363638,68.59545454545454,104.56563514677622,99.66205022861308,4.9035849181631335,0.5390753990093561,0.20674574249552713,0.33791964777105116,0.29307116104868913
960,2017,139,1246,65,1455,62,N,0,1246,1455,1,2,10,-8,0.8529411764705882,14.352941176470589,75.29485294117647,114.13951035634418,95.07719651175282,19.06231384459136,0.5325278810408922,0.15976406480405464,0.41775092936802977,0.3399523431294678,0.8787878787878788,19.303030303030305,69.55151515151515,117.76751481352389,90.01394214011852,27.753572673405372,0.5455012853470437,0.15989891948414084,0.4071979434447301,0.3417391304347826
961,2017,139,1276,73,1257,69,N,0,1257,1276,0,2,7,-5,0.75,11.6875,69.2484375,111.96100995058553,95.08337281978385,16.877637130801688,0.5135135135135135,0.1611047180667434,0.3477817440081591,0.363481228668942,0.6857142857142857,9.257142857142858,64.22785714285715,116.46036988845518,102.04739821394811,14.412971674507062,0.5690288713910762,0.14679878557368298,0.30498687664041996,0.2526416906820365
962,2017,139,1314,72,1116,65,N,0,1116,1314,0,8,1,7,0.7352941176470589,5.794117647058823,71.68088235294118,111.3185483043719,103.23533635598957,8.083211948382328,0.5151515151515151,0.16371581560429188,0.38807429130009774,0.3243470935130581,0.7878787878787878,13.424242424242424,72.37954545454545,116.51542269810867,97.96841146732815,18.547011230780512,0.5229885057471264,0.16411802262902836,0.33057471264367816,0.41969330104923325
963,2017,139,1332,75,1348,72,N,0,1332,1348,1,3,11,-8,0.8484848484848485,13.303030303030303,69.01515151515152,113.98463227222832,94.70911086717892,19.275521405049403,0.5558455114822547,0.1699231613611416,0.3444676409185804,0.32041587901701324,0.7272727272727273,8.484848484848484,67.76363636363635,108.26401931848673,95.74277792684018,12.521241391646555,0.5068385060494477,0.16545926124675792,0.39558127301420304,0.3316412859560068
964,2017,139,1376,88,1181,81,N,0,1181,1376,0,2,7,-5,0.7714285714285715,10.82857142857143,69.55,115.9700112971141,100.40053404539385,15.569477251720244,0.547783251231527,0.16226763890315293,0.3891625615763547,0.3152454780361757,0.6774193548387096,6.935483870967742,71.18387096774192,100.4214437848371,90.67838854397971,9.743055240857387,0.4669579464773348,0.1885167897765895,0.3997815401419989,0.3370981754995656
965,2017,139,1417,79,1153,67,N,0,1153,1417,0,6,3,3,0.8529411764705882,13.647058823529411,66.04705882352941,112.7538297114357,92.09120057000356,20.662629141432134,0.5168650793650794,0.15140719629497684,0.3253968253968254,0.35823429541595925,0.8787878787878788,15.030303030303031,75.04848484848485,120.40700960994913,100.37955261245256,20.02745699749657,0.5953824626865671,0.15383994185577002,0.26865671641791045,0.2943327239488117
966,2017,143,1211,61,1452,58,N,0,1211,1452,1,1,4,-3,0.9696969696969697,23.424242424242426,71.22727272727273,118.74069346947458,85.8540736013614,32.88661986811317,0.5801033591731266,0.15868964050202083,0.38242894056847543,0.2985507246376812,0.7647058823529411,15.647058823529411,72.7625,112.65499156199157,91.15070181998242,21.50428974200915,0.5176497909893172,0.16855806057176348,0.3822573153738969,0.37693498452012386
967,2017,143,1242,98,1345,66,N,0,1242,1345,1,1,4,-3,0.875,10.34375,72.39453125,114.26104786057303,99.97302109750176,14.288026763071272,0.5586721564590839,0.18086656234824366,0.36798764796706124,0.34252669039145905,0.78125,12.96875,70.98515625,112.87571125125191,94.60604659865068,18.269664652601236,0.5568669527896996,0.1844575780587931,0.3428111587982833,0.30912659470068693
968,2017,143,1332,69,1276,68,N,0,1276,1332,0,7,3,4,0.6857142857142857,9.257142857142858,64.22785714285715,116.46036988845518,102.04739821394811,14.412971674507062,0.5690288713910762,0.14679878557368298,0.30498687664041996,0.2526416906820365,0.8484848484848485,13.303030303030303,69.01515151515152,113.98463227222832,94.70911086717892,19.275521405049403,0.5558455114822547,0.1699231613611416,0.3444676409185804,0.32041587901701324
969,2017,143,1462,73,1112,71,N,0,1112,1462,0,2,11,-9,0.8823529411764706,10.823529411764707,66.96470588235294,113.8879128601546,97.72487702037947,16.163035839775134,0.5368392952482648,0.17085382993675333,0.4100373731980779,0.3336510962821735,0.6176470588235294,3.264705882352941,68.41617647058824,109.06433377039313,104.29250048363174,4.771833286761392,0.5160705028512182,0.18700427745416245,0.41161223431829963,0.3516949152542373
970,2017,144,1196,84,1458,83,N,1,1196,1458,1,4,8,-4,0.75,11.71875,70.746875,110.64976368214143,94.08542780158133,16.564335880560094,0.5150554675118859,0.16696850567604576,0.4035921817221342,0.3186907838070629,0.7352941176470589,10.529411764705882,65.4470588235294,109.92270357720655,93.83426208880101,16.088441488405536,0.5169878296146044,0.16762538198813592,0.3204868154158215,0.35383319292333615
971,2017,144,1246,86,1417,75,N,0,1246,1417,1,2,3,-1,0.8529411764705882,14.352941176470589,75.29485294117647,114.13951035634418,95.07719651175282,19.06231384459136,0.5325278810408922,0.15976406480405464,0.41775092936802977,0.3399523431294678,0.8787878787878788,15.030303030303031,75.04848484848485,120.40700960994913,100.37955261245256,20.02745699749657,0.5953824626865671,0.15383994185577002,0.26865671641791045,0.2943327239488117
972,2017,144,1314,92,1139,80,N,0,1139,1314,0,4,1,3,0.7419354838709677,7.903225806451613,67.16935483870968,113.57906111177813,101.81294273021972,11.766118381558414,0.5456896551724137,0.15127866490575098,0.3620689655172414,0.2807017543859649,0.7878787878787878,13.424242424242424,72.37954545454545,116.51542269810867,97.96841146732815,18.547011230780512,0.5229885057471264,0.16411802262902836,0.33057471264367816,0.41969330104923325
973,2017,144,1376,70,1124,50,N,0,1124,1376,0,3,7,-4,0.7741935483870968,8.580645161290322,64.94677419354838,110.26398788089503,97.05217672039139,13.211811160503643,0.5265771028037384,0.20662080611915465,0.3422897196261682,0.3997965412004069,0.6774193548387096,6.935483870967742,71.18387096774192,100.4214437848371,90.67838854397971,9.743055240857387,0.4669579464773348,0.1885167897765895,0.3997815401419989,0.3370981754995656
974,2017,145,1211,83,1462,59,N,0,1211,1462,1,1,11,-10,0.9696969696969697,23.424242424242426,71.22727272727273,118.74069346947458,85.8540736013614,32.88661986811317,0.5801033591731266,0.15868964050202083,0.38242894056847543,0.2985507246376812,0.6176470588235294,3.264705882352941,68.41617647058824,109.06433377039313,104.29250048363174,4.771833286761392,0.5160705028512182,0.18700427745416245,0.41161223431829963,0.3516949152542373
975,2017,145,1332,74,1242,60,N,0,1242,1332,0,1,3,-2,0.875,10.34375,72.39453125,114.26104786057303,99.97302109750176,14.288026763071272,0.5586721564590839,0.18086656234824366,0.36798764796706124,0.34252669039145905,0.8484848484848485,13.303030303030303,69.01515151515152,113.98463227222832,94.70911086717892,19.275521405049403,0.5558455114822547,0.1699231613611416,0.3444676409185804,0.32041587901701324
976,2017,146,1314,75,1246,73,N,0,1246,1314,0,2,1,1,0.8529411764705882,14.352941176470589,75.29485294117647,114.13951035634418,95.07719651175282,19.06231384459136,0.5325278810408922,0.15976406480405464,0.41775092936802977,0.3399523431294678,0.7878787878787878,13.424242424242424,72.37954545454545,116.51542269810867,97.96841146732815,18.547011230780512,0.5229885057471264,0.16411802262902836,0.33057471264367816,0.41969330104923325
977,2017,146,1376,77,1196,70,N,0,1196,1376,0,4,7,-3,0.75,11.71875,70.746875,110.64976368214143,94.08542780158133,16.564335880560094,0.5150554675118859,0.16696850567604576,0.4035921817221342,0.3186907838070629,0.6774193548387096,6.935483870967742,71.18387096774192,100.4214437848371,90.67838854397971,9.743055240857387,0.4669579464773348,0.1885167897765895,0.3997815401419989,0.3370981754995656
978,2017,152,1211,77,1376,73,N,0,1211,1376,1,1,7,-6,0.9696969696969697,23.424242424242426,71.22727272727273,118.74069346947458,85.8540736013614,32.88661986811317,0.5801033591731266,0.15868964050202083,0.38242894056847543,0.2985507246376812,0.6774193548387096,6.935483870967742,71.18387096774192,100.4214437848371,90.67838854397971,9.743055240857387,0.4669579464773348,0.1885167897765895,0.3997815401419989,0.3370981754995656
979,2017,152,1314,77,1332,76,N,0,1314,1332,1,1,3,-2,0.7878787878787878,13.424242424242424,72.37954545454545,116.51542269810867,97.96841146732815,18.547011230780512,0.5229885057471264,0.16411802262902836,0.33057471264367816,0.41969330104923325,0.8484848484848485,13.303030303030303,69.01515151515152,113.98463227222832,94.70911086717892,19.275521405049403,0.5558455114822547,0.1699231613611416,0.3444676409185804,0.32041587901701324
980,2017,154,1314,71,1211,65,N,0,1211,1314,0,1,1,0,0.9696969696969697,23.424242424242426,71.22727272727273,118.74069346947458,85.8540736013614,32.88661986811317,0.5801033591731266,0.15868964050202083,0.38242894056847543,0.2985507246376812,0.7878787878787878,13.424242424242424,72.37954545454545,116.51542269810867,97.96841146732815,18.547011230780512,0.5229885057471264,0.16411802262902836,0.33057471264367816,0.41969330104923325
981,2018,134,1347,71,1254,61,N,0,1254,1347,0,16,16,0,0.5151515151515151,-0.12121212121212122,72.63560606060605,105.59142252213728,105.75829952335756,-0.1668770012202856,0.523104880581516,0.1944117064216356,0.3847352024922118,0.2978540772532189,0.625,2.0625,64.26953125,104.15121862274357,100.94207743268704,3.2091411900565276,0.4943019943019943,0.18671366923965235,0.3162393162393162,0.3215613382899628
982,2018,134,1382,65,1417,58,N,0,1382,1417,1,11,11,0,0.78125,6.90625,69.93828125,111.39285754180582,101.51807955675204,9.874777985053782,0.5229605618584549,0.1639838697065493,0.39924365207995677,0.3009090909090909,0.65625,5.59375,73.37109375,111.63285950061226,104.00894425810573,7.623915242506527,0.5376782077393075,0.16142256295586435,0.3589613034623218,0.2862098872506505
983,2018,135,1393,60,1113,56,N,0,1113,1393,0,11,11,0,0.6451612903225806,8.193548387096774,73.06209677419355,114.30842080863604,103.093921432277,11.214499376359043,0.5382762312633833,0.14658322019492917,0.41916488222698073,0.2808783165599268,0.6060606060606061,3.0,65.2871212121212,103.45907935808027,98.86399238793675,4.595086970143527,0.47188195991091314,0.1926223325868251,0.40144766146993316,0.3506151142355009
984,2018,135,1411,64,1300,46,N,0,1300,1411,0,16,16,0,0.5161290322580645,-0.3225806451612903,68.36290322580645,102.96095316739412,103.4328182139908,-0.47186504659667605,0.51218820861678,0.2071487554559396,0.31179138321995464,0.32577903682719545,0.4411764705882353,-2.088235294117647,72.83823529411765,106.60205935796488,109.46900868160711,-2.866949323642231,0.5082956259426847,0.1732283464566929,0.432378079436903,0.2852485737571312
985,2018,136,1104,86,1439,83,N,0,1104,1439,1,9,8,1,0.5588235294117647,2.3823529411764706,70.19264705882354,103.0776644109698,99.68364375353543,3.3940206574343676,0.5159829515183804,0.20154616496616454,0.4144912093766649,0.29045996592844975,0.65625,7.96875,70.96796875,112.3306068979183,101.10194960314402,11.22865729477428,0.5748205411374931,0.16820968967073616,0.3649917172832689,0.23529411764705882
986,2018,136,1138,89,1112,68,N,0,1112,1138,0,4,13,-9,0.7941176470588235,9.705882352941176,69.49264705882354,116.38980002116178,102.42302401862237,13.966776002539405,0.5660134089736978,0.1769124960321659,0.37648272305312014,0.3326829268292683,0.7575757575757576,8.181818181818182,74.47878787878788,113.71958662218243,102.73415249410041,10.98543412808202,0.5481758652946679,0.1664089836439092,0.3030869971936389,0.3196457326892109
987,2018,136,1181,89,1233,67,N,0,1181,1233,1,2,15,-13,0.7878787878787878,15.090909090909092,71.26287878787879,118.85145694026598,97.67506139241178,21.1763955478542,0.5601761252446184,0.17689519172504703,0.34882583170254405,0.3914185639229422,0.6060606060606061,3.696969696969697,73.08181818181819,109.25902890077538,104.20035659493303,5.05867230584235,0.5411502231036193,0.15963842932371355,0.3034209221616262,0.2428694900605013
988,2018,136,1196,77,1382,62,N,0,1196,1382,1,6,11,-5,0.625,6.625,69.0625,110.13574660633485,100.54298642533936,9.592760180995484,0.5095508518327311,0.1420814479638009,0.3304078471863707,0.28967254408060455,0.78125,6.90625,69.93828125,111.39285754180582,101.51807955675204,9.874777985053782,0.5229605618584549,0.1639838697065493,0.39924365207995677,0.3009090909090909
989,2018,136,1211,68,1422,64,N,0,1211,1422,1,4,13,-9,0.8823529411764706,17.38235294117647,70.56985294117646,119.73951549882781,95.10810106798645,24.63141443084136,0.5772182254196643,0.16004167752018755,0.30935251798561153,0.3304042179261863,0.7741935483870968,8.806451612903226,67.9016129032258,106.22580108791183,93.25637188531795,12.969429202593886,0.5197152245345017,0.19715432670609756,0.26396495071193865,0.33733826247689463
990,2018,136,1222,67,1361,65,N,0,1222,1361,1,6,11,-5,0.7878787878787878,12.515151515151516,68.52424242424243,112.98810418785654,94.72427364790164,18.263830539954895,0.5389144905273937,0.17733162340246758,0.32155657962109574,0.3466312056737589,0.6774193548387096,8.64516129032258,70.48709677419355,109.33138071484143,97.06649581254862,12.264884902292806,0.5199353448275862,0.16978627980412797,0.3426724137931034,0.31970260223048325
991,2018,136,1242,76,1335,60,N,0,1242,1335,1,1,16,-15,0.7941176470588235,10.558823529411764,70.19117647058823,116.11146029750681,101.06851037083595,15.042949926670858,0.5813896987366375,0.16635239891053843,0.26239067055393583,0.2914798206278027,0.7419354838709677,6.096774193548387,71.6491935483871,105.66717316675108,97.15797174855085,8.509201418200234,0.5303610503282276,0.1674826945804491,0.3364332603938731,0.2411032028469751
992,2018,136,1246,78,1172,73,N,0,1172,1246,0,12,5,7,0.65625,8.875,65.903125,115.9846365403765,102.51790032718479,13.466736213191709,0.5769442912300056,0.14509934088861492,0.24489795918367346,0.2268993839835729,0.7058823529411765,6.4411764705882355,70.23676470588236,109.25231883754527,100.08165658172986,9.170662255815415,0.5171092951991828,0.1855070036222022,0.4279877425944842,0.3564614050303556
993,2018,136,1260,64,1274,62,N,0,1260,1274,1,11,6,5,0.84375,9.65625,65.65234375,109.19259832212768,94.48444100672339,14.708157315404293,0.5779062690200852,0.1884928898673172,0.3317102860620816,0.22085201793721973,0.7096774193548387,6.129032258064516,68.66612903225807,108.00272473163741,99.07687971249383,8.92584501914358,0.5305510092744136,0.16489324219575788,0.29132569558101473,0.29014084507042254
994,2018,136,1276,61,1285,47,N,0,1276,1285,1,3,14,-11,0.7941176470588235,10.117647058823529,65.99338235294118,111.59764236610177,96.2663368653274,15.331305500774363,0.5439362795477903,0.13905137547213958,0.302672147995889,0.2597173144876325,0.7741935483870968,9.258064516129032,70.88951612903226,110.12138379805013,97.06153373604997,13.059850062000166,0.5170824295010846,0.1742830165068314,0.3888286334056399,0.3397612488521579
995,2018,136,1326,81,1355,73,N,0,1326,1355,1,5,12,-7,0.75,9.125,68.28046875,111.03101866154076,97.66702136180048,13.363997299740277,0.5439739413680782,0.17299969107198024,0.31541802388707924,0.3028237585199611,0.8,7.733333333333333,72.76916666666666,114.56317350526209,103.93596188862041,10.627211616641674,0.5446866485013624,0.13879504826907002,0.3580381471389646,0.247451343836886
996,2018,136,1348,83,1328,78,N,1,1328,1348,0,10,7,3,0.5806451612903226,3.5161290322580645,77.40322580645162,110.02292144196707,105.48030839758283,4.54261304438424,0.5383843452082288,0.17295269847884975,0.33115905669844453,0.2797567332754127,0.78125,8.28125,69.45546875,109.69258630192458,97.76947909519365,11.923107206730933,0.5153374233128835,0.15477542940058267,0.3052147239263804,0.3104041272570937
997,2018,136,1371,94,1301,83,N,0,1301,1371,0,9,8,1,0.65625,6.75,72.315625,112.3114817855754,102.9773994209412,9.334082364634199,0.5333667837431009,0.16853204269478417,0.3391871550426493,0.33620689655172414,0.65625,5.6875,71.5984375,110.33760338694542,102.3939942823473,7.943609104598124,0.5281906714505382,0.17894943587281495,0.345463864684777,0.3415061295971979
998,2018,136,1397,73,1460,47,N,0,1397,1460,1,3,14,-11,0.7575757575757576,7.818181818181818,68.00530303030304,109.12696202390633,97.63053237826817,11.496429645638159,0.507380073800738,0.17957601345706103,0.36531365313653136,0.33565823888404533,0.71875,5.15625,70.31015625,101.42560307565807,94.09202528973188,7.333577785926195,0.49022270505160237,0.185783970576797,0.3601303639326453,0.28748890860692106
999,2018,136,1403,70,1372,60,N,0,1372,1403,0,14,3,11,0.8,9.766666666666667,72.92,107.19509965258732,93.80142622051564,13.39367343207168,0.5336206896551724,0.20799049186322913,0.4,0.32720232333010646,0.7272727272727273,10.545454545454545,68.69015151515151,109.53888233282967,94.1866749015672,15.352207431262471,0.5263440860215054,0.18263832978570876,0.4026881720430108,0.33394664213431463
1000,2018,136,1437,87,1347,61,N,0,1347,1437,0,16,1,15,0.625,2.0625,64.26953125,104.15121862274357,100.94207743268704,3.2091411900565276,0.4943019943019943,0.18671366923965235,0.3162393162393162,0.3215613382899628,0.8823529411764706,16.176470588235293,70.86838235294118,122.8457891078117,100.01971342899533,22.826075678816366,0.597036328871893,0.14608688434442474,0.28632887189292544,0.2884267631103074
1001,2018,137,1120,62,1158,58,N,0,1120,1158,1,4,13,-9,0.78125,10.0625,73.61796875,113.25360019526482,99.5850622406639,13.668537954600922,0.5179564997470916,0.1663995924907939,0.3990895295902883,0.33049403747870526,0.7741935483870968,5.419354838709677,67.4991935483871,111.3991803964205,103.37041063811994,8.02876975830057,0.5281447443997702,0.14623830631190338,0.36817920735209647,0.2561819980217606
1002,2018,137,1139,79,1116,62,N,0,1116,1139,0,7,10,-3,0.6764705882352942,5.5588235294117645,72.25735294117646,112.22143075200977,104.52834028696448,7.693090465045287,0.5416868637905963,0.15223364200671619,0.3732428502181289,0.2937181663837012,0.6060606060606061,6.333333333333333,71.53333333333333,110.60747267643819,101.75379140896382,8.853681267474371,0.5384615384615384,0.15631619079894943,0.26261636452719256,0.2726457399103139
1003,2018,137,1153,68,1209,53,N,0,1153,1209,1,2,15,-13,0.8823529411764706,17.323529411764707,66.5404411764706,111.91778551301176,85.88319796673849,26.034587546273272,0.5157200811359026,0.17238521465274326,0.36764705882352944,0.38144329896907214,0.6875,6.65625,68.796875,108.15353168294345,98.47831024301613,9.675221439927327,0.5405773420479303,0.1667045196456961,0.3159041394335512,0.2583955223880597
1004,2018,137,1155,79,1308,68,N,0,1155,1308,1,5,12,-7,0.71875,7.46875,67.97734375,107.8024617577088,96.81534518624082,10.987116571467979,0.5274356103023516,0.17790854029950234,0.34098544232922734,0.27411652340019105,0.8333333333333334,10.866666666666667,69.98333333333333,108.02572040962134,92.49821386044296,15.527506549178383,0.518348623853211,0.17527982853060253,0.2914193200215866,0.34270172257479603
1005,2018,137,1199,67,1281,54,N,0,1199,1281,1,9,8,1,0.6451612903225806,7.290322580645161,73.58790322580644,111.1245054740326,101.21754758956263,9.906957884469975,0.5389440669106116,0.17665947024076978,0.36121275483533716,0.3315068493150685,0.6129032258064516,5.193548387096774,67.44112903225808,108.96002487234983,101.25916271060781,7.700862161742023,0.5446320868516284,0.20806677269302976,0.38178528347406515,0.3079268292682927
1006,2018,137,1243,69,1166,59,N,0,1166,1243,0,8,9,-1,0.6451612903225806,8.838709677419354,73.67903225806452,113.9642302051181,101.96799544668461,11.996234758433488,0.5801466736511263,0.1541122129550579,0.2713462545835516,0.21841332027424093,0.6666666666666666,4.484848484848484,66.88863636363635,108.18524684856105,101.48029855141405,6.7049482971469985,0.5347874102705688,0.17124800380551122,0.33517393705135284,0.2618816682832202
1007,2018,137,1267,81,1455,75,N,0,1267,1455,1,13,4,9,0.696969696969697,4.515151515151516,76.76363636363635,108.91362703300175,103.0317385125533,5.881888520448442,0.5486552567237164,0.17132480656876678,0.32860635696821516,0.22400676246830092,0.78125,11.65625,70.29453125,118.0746190693177,101.49260366538114,16.582015403936566,0.5534979423868313,0.16448647987819107,0.3513374485596708,0.35171790235081374
1008,2018,137,1277,82,1137,78,N,0,1137,1277,0,14,3,11,0.7352941176470589,8.294117647058824,73.73235294117647,110.05624476445011,98.80729187442658,11.248952890023531,0.5395989974937343,0.17112768758227292,0.4230576441102757,0.2727272727272727,0.8787878787878788,16.181818181818183,68.60757575757576,118.01859499569355,94.43254345089551,23.58605154479804,0.5777243589743589,0.19213356595481548,0.36217948717948717,0.3613861386138614
1009,2018,137,1305,87,1400,83,N,1,1305,1400,1,7,10,-3,0.7941176470588235,10.205882352941176,71.58676470588235,116.06647630395038,101.80981532077487,14.256660983175507,0.5486381322957199,0.13886891678136365,0.37062256809338523,0.2726502963590178,0.5757575757575758,3.515151515151515,69.43560606060606,103.30042005346135,98.23795755823468,5.062462495226669,0.4981986618630983,0.17063989962358847,0.3319608852290273,0.2940185341196293
1010,2018,137,1314,84,1252,66,N,0,1252,1314,0,15,2,13,0.6896551724137931,2.3793103448275863,77.80775862068967,103.92545730525056,100.86752274061845,3.057934564632106,0.5190992018244014,0.2007600518519339,0.4122006841505131,0.28,0.7142857142857143,8.857142857142858,71.9342857142857,113.95321126424912,101.64038606664813,12.312825197600986,0.5234752084247477,0.1672161099416134,0.28609039052215884,0.384375
1011,2018,137,1345,74,1168,48,N,0,1168,1345,0,15,2,13,0.6206896551724138,1.0,70.34224137931034,103.28811108251529,101.86649018959031,1.4216208929249774,0.5203012442698101,0.20588992242361853,0.46037982973149966,0.26512651265126513,0.8235294117647058,15.5,68.66470588235293,118.17870298980554,95.60524286815729,22.573460121648253,0.5814315352697096,0.15548702133127731,0.36099585062240663,0.27702702702702703
1012,2018,137,1393,57,1395,52,N,0,1393,1395,1,11,6,5,0.6060606060606061,3.0,65.2871212121212,103.45907935808027,98.86399238793675,4.595086970143527,0.47188195991091314,0.1926223325868251,0.40144766146993316,0.3506151142355009,0.65625,7.0625,71.34609375,116.33432979643683,106.43539962550508,9.898930170931749,0.5690909090909091,0.17783033846895088,0.3412987012987013,0.345489443378119
1013,2018,137,1401,73,1344,69,N,0,1344,1401,0,10,7,3,0.6176470588235294,1.0294117647058822,70.68014705882354,104.28088426527958,102.82444733420026,1.456436931079324,0.49645569620253166,0.1764369310793238,0.3924050632911392,0.29354838709677417,0.625,5.1875,70.8890625,105.79911393242082,98.48134188542838,7.317772046992445,0.511334363730036,0.19132006436112767,0.3204533745492014,0.3438836612489307
1014,2018,137,1420,74,1438,54,N,0,1420,1438,1,16,1,15,0.6774193548387096,1.5161290322580645,68.77016129032258,105.40017590149516,103.19554382878921,2.204632072705948,0.5223509933774835,0.16980357666373497,0.3007726269315673,0.2635726795096322,0.9393939393939394,14.151515151515152,60.74015151515152,111.20396123576587,87.9055090612021,23.298452174563778,0.5293624161073825,0.14118762238547214,0.2477628635346756,0.2742574257425743
1015,2018,137,1452,85,1293,68,N,0,1293,1452,0,12,5,7,0.8275862068965517,11.344827586206897,67.47758620689656,114.67409356874568,97.86135881646523,16.81273475228045,0.5517135862913096,0.17374862661931165,0.3708690330477356,0.3251599147121535,0.7058823529411765,10.617647058823529,70.80955882352941,112.43912316590689,97.44447098160974,14.994652184297152,0.5025275735294118,0.1599152656774073,0.31204044117647056,0.36615384615384616
1016,2018,137,1462,102,1411,83,N,0,1411,1462,0,16,1,15,0.4411764705882353,-2.088235294117647,72.83823529411765,106.60205935796488,109.46900868160711,-2.866949323642231,0.5082956259426847,0.1732283464566929,0.432378079436903,0.2852485737571312,0.8484848484848485,9.787878787878787,72.72651515151514,115.87620704382337,102.41773351805749,13.458473525765882,0.557157569515963,0.17083511286575903,0.40216271884654997,0.30102516309412863
1017,2018,138,1181,87,1348,62,N,0,1181,1348,1,2,7,-5,0.7878787878787878,15.090909090909092,71.26287878787879,118.85145694026598,97.67506139241178,21.1763955478542,0.5601761252446184,0.17689519172504703,0.34882583170254405,0.3914185639229422,0.78125,8.28125,69.45546875,109.69258630192458,97.76947909519365,11.923107206730933,0.5153374233128835,0.15477542940058267,0.3052147239263804,0.3104041272570937
1018,2018,138,1211,90,1326,84,N,0,1211,1326,1,4,5,-1,0.8823529411764706,17.38235294117647,70.56985294117646,119.73951549882781,95.10810106798645,24.63141443084136,0.5772182254196643,0.16004167752018755,0.30935251798561153,0.3304042179261863,0.75,9.125,68.28046875,111.03101866154076,97.66702136180048,13.363997299740277,0.5439739413680782,0.17299969107198024,0.31541802388707924,0.3028237585199611
1019,2018,138,1242,83,1371,79,N,0,1242,1371,1,1,8,-7,0.7941176470588235,10.558823529411764,70.19117647058823,116.11146029750681,101.06851037083595,15.042949926670858,0.5813896987366375,0.16635239891053843,0.26239067055393583,0.2914798206278027,0.65625,5.6875,71.5984375,110.33760338694542,102.3939942823473,7.943609104598124,0.5281906714505382,0.17894943587281495,0.345463864684777,0.3415061295971979
1020,2018,138,1246,95,1138,75,N,0,1138,1246,0,13,5,8,0.7575757575757576,8.181818181818182,74.47878787878788,113.71958662218243,102.73415249410041,10.98543412808202,0.5481758652946679,0.1664089836439092,0.3030869971936389,0.3196457326892109,0.7058823529411765,6.4411764705882355,70.23676470588236,109.25231883754527,100.08165658172986,9.170662255815415,0.5171092951991828,0.1855070036222022,0.4279877425944842,0.3564614050303556
1021,2018,138,1260,63,1397,62,N,0,1260,1397,1,11,3,8,0.84375,9.65625,65.65234375,109.19259832212768,94.48444100672339,14.708157315404293,0.5779062690200852,0.1884928898673172,0.3317102860620816,0.22085201793721973,0.7575757575757576,7.818181818181818,68.00530303030304,109.12696202390633,97.63053237826817,11.496429645638159,0.507380073800738,0.17957601345706103,0.36531365313653136,0.33565823888404533
1022,2018,138,1276,64,1222,63,N,0,1222,1276,0,6,3,3,0.7878787878787878,12.515151515151516,68.52424242424243,112.98810418785654,94.72427364790164,18.263830539954895,0.5389144905273937,0.17733162340246758,0.32155657962109574,0.3466312056737589,0.7941176470588235,10.117647058823529,65.99338235294118,111.59764236610177,96.2663368653274,15.331305500774363,0.5439362795477903,0.13905137547213958,0.302672147995889,0.2597173144876325
1023,2018,138,1403,69,1196,66,N,0,1196,1403,0,6,3,3,0.625,6.625,69.0625,110.13574660633485,100.54298642533936,9.592760180995484,0.5095508518327311,0.1420814479638009,0.3304078471863707,0.28967254408060455,0.7272727272727273,10.545454545454545,68.69015151515151,109.53888233282967,94.1866749015672,15.352207431262471,0.5263440860215054,0.18263832978570876,0.4026881720430108,0.33394664213431463
1024,2018,138,1437,81,1104,58,N,0,1104,1437,0,9,1,8,0.5588235294117647,2.3823529411764706,70.19264705882354,103.0776644109698,99.68364375353543,3.3940206574343676,0.5159829515183804,0.20154616496616454,0.4144912093766649,0.29045996592844975,0.8823529411764706,16.176470588235293,70.86838235294118,122.8457891078117,100.01971342899533,22.826075678816366,0.597036328871893,0.14608688434442474,0.28632887189292544,0.2884267631103074
1025,2018,139,1155,84,1120,53,N,0,1120,1155,0,4,5,-1,0.78125,10.0625,73.61796875,113.25360019526482,99.5850622406639,13.668537954600922,0.5179564997470916,0.1663995924907939,0.3990895295902883,0.33049403747870526,0.71875,7.46875,67.97734375,107.8024617577088,96.81534518624082,10.987116571467979,0.5274356103023516,0.17790854029950234,0.34098544232922734,0.27411652340019105
1026,2018,139,1199,75,1462,70,N,0,1199,1462,1,9,1,8,0.6451612903225806,7.290322580645161,73.58790322580644,111.1245054740326,101.21754758956263,9.906957884469975,0.5389440669106116,0.17665947024076978,0.36121275483533716,0.3315068493150685,0.8484848484848485,9.787878787878787,72.72651515151514,115.87620704382337,102.41773351805749,13.458473525765882,0.557157569515963,0.17083511286575903,0.40216271884654997,0.30102516309412863
1027,2018,139,1243,50,1420,43,N,0,1243,1420,1,9,16,-7,0.6666666666666666,4.484848484848484,66.88863636363635,108.18524684856105,101.48029855141405,6.7049482971469985,0.5347874102705688,0.17124800380551122,0.33517393705135284,0.2618816682832202,0.6774193548387096,1.5161290322580645,68.77016129032258,105.40017590149516,103.19554382878921,2.204632072705948,0.5223509933774835,0.16980357666373497,0.3007726269315673,0.2635726795096322
1028,2018,139,1305,75,1153,73,N,0,1153,1305,0,2,7,-5,0.8823529411764706,17.323529411764707,66.5404411764706,111.91778551301176,85.88319796673849,26.034587546273272,0.5157200811359026,0.17238521465274326,0.36764705882352944,0.38144329896907214,0.7941176470588235,10.205882352941176,71.58676470588235,116.06647630395038,101.80981532077487,14.256660983175507,0.5486381322957199,0.13886891678136365,0.37062256809338523,0.2726502963590178
1029,2018,139,1345,76,1139,73,N,0,1139,1345,0,10,2,8,0.6060606060606061,6.333333333333333,71.53333333333333,110.60747267643819,101.75379140896382,8.853681267474371,0.5384615384615384,0.15631619079894943,0.26261636452719256,0.2726457399103139,0.8235294117647058,15.5,68.66470588235293,118.17870298980554,95.60524286815729,22.573460121648253,0.5814315352697096,0.15548702133127731,0.36099585062240663,0.27702702702702703
1030,2018,139,1393,55,1277,53,N,0,1277,1393,0,3,11,-8,0.8787878787878788,16.181818181818183,68.60757575757576,118.01859499569355,94.43254345089551,23.58605154479804,0.5777243589743589,0.19213356595481548,0.36217948717948717,0.3613861386138614,0.6060606060606061,3.0,65.2871212121212,103.45907935808027,98.86399238793675,4.595086970143527,0.47188195991091314,0.1926223325868251,0.40144766146993316,0.3506151142355009
1031,2018,139,1401,86,1314,65,N,0,1314,1401,0,2,7,-5,0.7142857142857143,8.857142857142858,71.9342857142857,113.95321126424912,101.64038606664813,12.312825197600986,0.5234752084247477,0.1672161099416134,0.28609039052215884,0.384375,0.625,5.1875,70.8890625,105.79911393242082,98.48134188542838,7.317772046992445,0.511334363730036,0.19132006436112767,0.3204533745492014,0.3438836612489307
1032,2018,139,1452,94,1267,71,N,0,1267,1452,0,13,5,8,0.696969696969697,4.515151515151516,76.76363636363635,108.91362703300175,103.0317385125533,5.881888520448442,0.5486552567237164,0.17132480656876678,0.32860635696821516,0.22400676246830092,0.7058823529411765,10.617647058823529,70.80955882352941,112.43912316590689,97.44447098160974,14.994652184297152,0.5025275735294118,0.1599152656774073,0.31204044117647056,0.36615384615384616
1033,2018,143,1199,75,1211,60,N,0,1199,1211,1,9,4,5,0.6451612903225806,7.290322580645161,73.58790322580644,111.1245054740326,101.21754758956263,9.906957884469975,0.5389440669106116,0.17665947024076978,0.36121275483533716,0.3315068493150685,0.8823529411764706,17.38235294117647,70.56985294117646,119.73951549882781,95.10810106798645,24.63141443084136,0.5772182254196643,0.16004167752018755,0.30935251798561153,0.3304042179261863
1034,2018,143,1243,61,1246,58,N,0,1243,1246,1,9,5,4,0.6666666666666666,4.484848484848484,66.88863636363635,108.18524684856105,101.48029855141405,6.7049482971469985,0.5347874102705688,0.17124800380551122,0.33517393705135284,0.2618816682832202,0.7058823529411765,6.4411764705882355,70.23676470588236,109.25231883754527,100.08165658172986,9.170662255815415,0.5171092951991828,0.1855070036222022,0.4279877425944842,0.3564614050303556
1035,2018,143,1260,69,1305,68,N,0,1260,1305,1,11,7,4,0.84375,9.65625,65.65234375,109.19259832212768,94.48444100672339,14.708157315404293,0.5779062690200852,0.1884928898673172,0.3317102860620816,0.22085201793721973,0.7941176470588235,10.205882352941176,71.58676470588235,116.06647630395038,101.80981532077487,14.256660983175507,0.5486381322957199,0.13886891678136365,0.37062256809338523,0.2726502963590178
1036,2018,143,1276,99,1401,72,N,0,1276,1401,1,3,7,-4,0.7941176470588235,10.117647058823529,65.99338235294118,111.59764236610177,96.2663368653274,15.331305500774363,0.5439362795477903,0.13905137547213958,0.302672147995889,0.2597173144876325,0.625,5.1875,70.8890625,105.79911393242082,98.48134188542838,7.317772046992445,0.511334363730036,0.19132006436112767,0.3204533745492014,0.3438836612489307
1037,2018,144,1181,69,1393,65,N,0,1181,1393,1,2,11,-9,0.7878787878787878,15.090909090909092,71.26287878787879,118.85145694026598,97.67506139241178,21.1763955478542,0.5601761252446184,0.17689519172504703,0.34882583170254405,0.3914185639229422,0.6060606060606061,3.0,65.2871212121212,103.45907935808027,98.86399238793675,4.595086970143527,0.47188195991091314,0.1926223325868251,0.40144766146993316,0.3506151142355009
1038,2018,144,1242,80,1155,76,N,0,1155,1242,0,5,1,4,0.71875,7.46875,67.97734375,107.8024617577088,96.81534518624082,10.987116571467979,0.5274356103023516,0.17790854029950234,0.34098544232922734,0.27411652340019105,0.7941176470588235,10.558823529411764,70.19117647058823,116.11146029750681,101.06851037083595,15.042949926670858,0.5813896987366375,0.16635239891053843,0.26239067055393583,0.2914798206278027
1039,2018,144,1403,78,1345,65,N,0,1345,1403,0,2,3,-1,0.8235294117647058,15.5,68.66470588235293,118.17870298980554,95.60524286815729,22.573460121648253,0.5814315352697096,0.15548702133127731,0.36099585062240663,0.27702702702702703,0.7272727272727273,10.545454545454545,68.69015151515151,109.53888233282967,94.1866749015672,15.352207431262471,0.5263440860215054,0.18263832978570876,0.4026881720430108,0.33394664213431463
1040,2018,144,1437,90,1452,78,N,0,1437,1452,1,1,5,-4,0.8823529411764706,16.176470588235293,70.86838235294118,122.8457891078117,100.01971342899533,22.826075678816366,0.597036328871893,0.14608688434442474,0.28632887189292544,0.2884267631103074,0.7058823529411765,10.617647058823529,70.80955882352941,112.43912316590689,97.44447098160974,14.994652184297152,0.5025275735294118,0.1599152656774073,0.31204044117647056,0.36615384615384616
1041,2018,145,1260,78,1243,62,N,0,1243,1260,0,9,11,-2,0.6666666666666666,4.484848484848484,66.88863636363635,108.18524684856105,101.48029855141405,6.7049482971469985,0.5347874102705688,0.17124800380551122,0.33517393705135284,0.2618816682832202,0.84375,9.65625,65.65234375,109.19259832212768,94.48444100672339,14.708157315404293,0.5779062690200852,0.1884928898673172,0.3317102860620816,0.22085201793721973
1042,2018,145,1276,58,1199,54,N,0,1199,1276,0,9,3,6,0.6451612903225806,7.290322580645161,73.58790322580644,111.1245054740326,101.21754758956263,9.906957884469975,0.5389440669106116,0.17665947024076978,0.36121275483533716,0.3315068493150685,0.7941176470588235,10.117647058823529,65.99338235294118,111.59764236610177,96.2663368653274,15.331305500774363,0.5439362795477903,0.13905137547213958,0.302672147995889,0.2597173144876325
1043,2018,146,1242,85,1181,81,N,1,1181,1242,0,2,1,1,0.7878787878787878,15.090909090909092,71.26287878787879,118.85145694026598,97.67506139241178,21.1763955478542,0.5601761252446184,0.17689519172504703,0.34882583170254405,0.3914185639229422,0.7941176470588235,10.558823529411764,70.19117647058823,116.11146029750681,101.06851037083595,15.042949926670858,0.5813896987366375,0.16635239891053843,0.26239067055393583,0.2914798206278027
1044,2018,146,1437,71,1403,59,N,0,1403,1437,0,3,1,2,0.7272727272727273,10.545454545454545,68.69015151515151,109.53888233282967,94.1866749015672,15.352207431262471,0.5263440860215054,0.18263832978570876,0.4026881720430108,0.33394664213431463,0.8823529411764706,16.176470588235293,70.86838235294118,122.8457891078117,100.01971342899533,22.826075678816366,0.597036328871893,0.14608688434442474,0.28632887189292544,0.2884267631103074
1045,2018,152,1276,69,1260,57,N,0,1260,1276,0,11,3,8,0.84375,9.65625,65.65234375,109.19259832212768,94.48444100672339,14.708157315404293,0.5779062690200852,0.1884928898673172,0.3317102860620816,0.22085201793721973,0.7941176470588235,10.117647058823529,65.99338235294118,111.59764236610177,96.2663368653274,15.331305500774363,0.5439362795477903,0.13905137547213958,0.302672147995889,0.2597173144876325
1046,2018,152,1437,95,1242,79,N,0,1242,1437,0,1,1,0,0.7941176470588235,10.558823529411764,70.19117647058823,116.11146029750681,101.06851037083595,15.042949926670858,0.5813896987366375,0.16635239891053843,0.26239067055393583,0.2914798206278027,0.8823529411764706,16.176470588235293,70.86838235294118,122.8457891078117,100.01971342899533,22.826075678816366,0.597036328871893,0.14608688434442474,0.28632887189292544,0.2884267631103074
1047,2018,154,1437,79,1276,62,N,0,1276,1437,0,3,1,2,0.7941176470588235,10.117647058823529,65.99338235294118,111.59764236610177,96.2663368653274,15.331305500774363,0.5439362795477903,0.13905137547213958,0.302672147995889,0.2597173144876325,0.8823529411764706,16.176470588235293,70.86838235294118,122.8457891078117,100.01971342899533,22.826075678816366,0.597036328871893,0.14608688434442474,0.28632887189292544,0.2884267631103074
1048,2019,134,1125,81,1396,70,N,0,1125,1396,1,11,11,0,0.8333333333333334,12.2,74.93583333333332,115.92139941950336,99.64080379880565,16.28059562069771,0.5781903765690377,0.15479910590171592,0.28085774058577406,0.2555023923444976,0.71875,3.6875,71.096875,105.27009801766955,100.08351281262362,5.18658520504593,0.5007784120394395,0.15691617950859305,0.33004670472236636,0.2660393498716852
1049,2019,134,1192,82,1341,76,N,0,1192,1341,1,16,16,0,0.5806451612903226,2.2580645161290325,68.73709677419355,108.73595044231176,105.45087641082198,3.285074031489785,0.5449766355140186,0.1956965530187484,0.35397196261682246,0.2936344969199179,0.6363636363636364,2.121212121212121,72.29242424242425,103.53572401651542,100.60151321442792,2.9342108020874917,0.48810754912099275,0.17437595623834173,0.4415718717683557,0.2969502407704655
1050,2019,135,1113,74,1385,65,N,0,1113,1385,1,11,11,0,0.6875,4.75,73.21171875,106.28421423312098,99.79618187832804,6.488032354792935,0.5081450341565948,0.18567724173256073,0.43562795585916975,0.32525083612040134,0.6363636363636364,2.727272727272727,72.86590909090908,106.38054541862908,102.63768025534658,3.7428651632825023,0.5231413096996553,0.14222887620473473,0.29394387001477107,0.2135593220338983
1051,2019,135,1295,78,1300,74,N,0,1295,1300,1,16,16,0,0.5161290322580645,-1.4516129032258065,67.10967741935484,107.71966929436647,109.88271486252643,-2.1630455681599585,0.5380306603773585,0.1586233416650644,0.32075471698113206,0.2073170731707317,0.5,-0.16666666666666666,67.60833333333333,100.13558486379884,100.38210279797855,-0.2465179341797068,0.4987864077669903,0.22926167878713177,0.3337378640776699,0.34565434565434566
1052,2019,136,1120,78,1308,77,N,0,1120,1308,1,5,12,-7,0.7352941176470589,10.294117647058824,69.75220588235294,113.08940261218811,98.33127773736864,14.758124874819472,0.5416058394160584,0.17414587352286984,0.3099756690997567,0.32678132678132676,0.875,12.84375,68.2765625,113.7377852026455,94.92642515504497,18.81136004760053,0.540326831839747,0.17621347003226767,0.34053769109119664,0.3682771194165907
1053,2019,136,1124,78,1393,69,N,0,1124,1393,1,9,8,1,0.59375,4.46875,66.778125,107.3049744957649,100.61303757779962,6.691936917965279,0.5089044792228818,0.19888623707239458,0.3259579060982191,0.38146167557932265,0.6060606060606061,4.03030303030303,67.74015151515152,102.93344666003108,96.98379502779113,5.949651632239949,0.49461206896551724,0.1838576557030542,0.36799568965517243,0.30067567567567566
1054,2019,136,1196,70,1305,61,N,0,1196,1305,1,10,7,3,0.5588235294117647,4.617647058823529,65.32426470588236,104.50130007541563,97.43249175493297,7.06880832048266,0.49947561615102254,0.18009702727344357,0.3036182485579444,0.3114754098360656,0.8787878787878788,14.0,71.23409090909091,113.2416594880303,93.58814833721512,19.653511150815177,0.5406378600823045,0.14378542789990323,0.40689300411522633,0.26488352027610007
1055,2019,136,1199,76,1436,69,N,0,1199,1436,1,4,13,-9,0.7941176470588235,7.794117647058823,70.48455882352941,106.2811003661628,95.22319239716667,11.057907968996133,0.5073084677419355,0.19153131161393297,0.3634072580645161,0.3307823129251701,0.8125,9.5625,66.315625,109.18429857216908,94.7646199519344,14.419678620234677,0.523945267958951,0.1658734272654446,0.36259977194982895,0.2747358309317964
1056,2019,136,1211,87,1192,49,N,0,1192,1211,0,16,1,15,0.5806451612903226,2.2580645161290325,68.73709677419355,108.73595044231176,105.45087641082198,3.285074031489785,0.5449766355140186,0.1956965530187484,0.35397196261682246,0.2936344969199179,0.9090909090909091,23.78787878787879,71.66818181818182,123.97200904843449,90.78032176909578,33.19168727933871,0.5961442163244868,0.14460582228705524,0.35953930896344516,0.30642023346303504
1057,2019,136,1242,87,1318,53,N,0,1242,1318,1,4,13,-9,0.7352941176470589,5.294117647058823,71.29338235294118,105.73541393785003,98.30959477717386,7.42581916067617,0.523406374501992,0.18770820656153633,0.3291832669322709,0.2968881412952061,0.696969696969697,5.818181818181818,67.38333333333334,112.92244732759201,104.28799496323612,8.634452364355894,0.5723059743160246,0.16684280349875205,0.3428252372975991,0.2274975272007913
1058,2019,136,1246,79,1101,44,N,0,1101,1246,0,15,2,13,0.7931034482758621,6.827586206896552,66.88534482758621,107.23445938108189,97.02656372845966,10.207895652622227,0.5243445692883895,0.17425599649425808,0.34519350811485644,0.2762605042016807,0.8181818181818182,11.303030303030303,67.86363636363636,113.0609511051574,96.40544764456352,16.655503460593877,0.5326975476839237,0.18620227729403885,0.4250681198910082,0.3658070678127985
1059,2019,136,1261,79,1463,74,N,0,1261,1463,1,3,14,-11,0.8125,8.34375,72.48125,112.27041476243856,100.75881693541433,11.511597827024232,0.5172151898734177,0.18237475209105802,0.37670886075949367,0.37337942955920483,0.75,7.178571428571429,73.39821428571429,110.21093350850302,100.43062550178819,9.780308006714833,0.5609031491384433,0.18052210300951269,0.3054070112893642,0.2627027027027027
1060,2019,136,1268,79,1125,77,N,0,1125,1268,0,11,6,5,0.8333333333333334,12.2,74.93583333333332,115.92139941950336,99.64080379880565,16.28059562069771,0.5781903765690377,0.15479910590171592,0.28085774058577406,0.2555023923444976,0.6875,6.28125,66.41875,107.41507480944763,97.958031429378,9.457043380069635,0.5194147439504784,0.19855086101439728,0.32864378165447383,0.33945841392649906
1061,2019,136,1276,74,1285,55,N,0,1276,1285,1,2,15,-13,0.8235294117647058,11.823529411764707,65.08382352941176,108.14108502609757,89.97446731590483,18.16661771019274,0.5208226221079691,0.13557177395666223,0.2704370179948586,0.24500434404865334,0.75,7.34375,68.3953125,111.98684120348159,101.24962876659127,10.737212436890317,0.5662251655629139,0.1754506202453567,0.31677704194260486,0.2788844621513944
1062,2019,136,1277,76,1133,65,N,0,1133,1277,0,15,2,13,0.5757575757575758,1.1818181818181819,66.01590909090909,100.5267325369229,98.73653045064894,1.7902020862739647,0.4968732234223991,0.1900368368506214,0.3632745878339966,0.27140255009107467,0.8235294117647058,13.294117647058824,68.70588235294117,114.72602739726027,95.37671232876713,19.34931506849314,0.5581275720164609,0.1870719178082192,0.3497942386831276,0.34137291280148424
1063,2019,136,1278,86,1257,76,N,0,1257,1278,0,7,10,-3,0.6060606060606061,6.7272727272727275,69.61363636363636,107.08455762324519,97.42082925236696,9.663728370878232,0.5086477987421384,0.17803895962563934,0.35115303983228513,0.2918825561312608,0.6176470588235294,1.6176470588235294,68.37647058823529,103.53578802477632,101.16999311768754,2.365794907088784,0.4833506763787721,0.17549896765313144,0.42039542143600417,0.3188524590163934
1064,2019,136,1293,83,1266,64,N,0,1266,1293,0,5,12,-7,0.7272727272727273,8.636363636363637,71.51515151515152,108.6864406779661,96.61016949152543,12.076271186440678,0.5406332453825857,0.1944915254237288,0.35883905013192613,0.2908256880733945,0.8620689655172413,13.206896551724139,71.34396551724137,114.35614253434672,95.84456071243007,18.51158182191665,0.5515963511972634,0.17206587803139237,0.3312428734321551,0.3237997957099081
1065,2019,136,1345,61,1330,48,N,0,1330,1345,0,14,3,11,0.7647058823529411,5.323529411764706,65.44191176470588,101.12245929821013,92.98771923910967,8.134740059100466,0.47677386421643697,0.1793238278221593,0.29555895865237364,0.3232963549920761,0.71875,9.375,66.840625,113.98382346065735,99.95792229650755,14.0259011641498,0.52734375,0.15989527327130768,0.29375,0.35004476275738583
1066,2019,136,1437,61,1388,57,N,0,1388,1437,0,11,6,5,0.6666666666666666,8.545454545454545,64.72045454545454,112.65231590406292,99.4486778803947,13.20363802366822,0.5397297297297298,0.16340672589575211,0.2967567567567568,0.3112391930835735,0.7352941176470589,7.382352941176471,66.4595588235294,112.05399125961166,100.9459534214748,11.108037838136866,0.5337343096234309,0.16993970238424516,0.3530334728033473,0.3082901554404145
1067,2019,136,1459,84,1371,68,N,0,1371,1459,0,10,7,3,0.6060606060606061,2.4545454545454546,70.96818181818182,104.18668203847223,100.72802579047377,3.458656247998462,0.4994895354772843,0.1750677853925148,0.3481368044920878,0.29347826086956524,0.8666666666666667,13.666666666666666,68.93416666666667,117.79354698323279,97.96786789327982,19.82567908995297,0.5779256794231836,0.16295741105644274,0.27676095396561284,0.322884012539185
1068,2019,137,1138,91,1113,74,N,0,1113,1138,0,11,6,5,0.6875,4.75,73.21171875,106.28421423312098,99.79618187832804,6.488032354792935,0.5081450341565948,0.18567724173256073,0.43562795585916975,0.32525083612040134,0.9090909090909091,13.818181818181818,74.97045454545454,113.13547761239276,94.70397429290327,18.431503319489494,0.5341013824884793,0.1564252584351411,0.32211981566820275,0.3170359052711994
1069,2019,137,1181,85,1295,62,N,0,1181,1295,1,1,16,-15,0.8529411764705882,15.941176470588236,74.1389705882353,112.62632774301045,91.1245772545597,21.501750488450753,0.534054302807179,0.1769332235765504,0.3456051541647492,0.3611111111111111,0.5161290322580645,-1.4516129032258065,67.10967741935484,107.71966929436647,109.88271486252643,-2.1630455681599585,0.5380306603773585,0.1586233416650644,0.32075471698113206,0.2073170731707317
1070,2019,137,1222,84,1209,55,N,0,1209,1222,0,14,3,11,0.71875,2.75,70.84765625,107.00777416331256,103.12620609803164,3.8815680652809164,0.5435729847494554,0.16628990461487567,0.35675381263616557,0.23321234119782214,0.9117647058823529,14.382352941176471,67.59779411764706,111.86407492412954,90.58771061533943,21.276364308790107,0.5214285714285715,0.1679483972023104,0.3187192118226601,0.3472222222222222
1071,2019,137,1234,79,1153,72,N,0,1153,1234,0,7,10,-3,0.8235294117647058,9.5,65.54117647058824,109.40585173218452,94.91114701130856,14.494704720875959,0.49001536098310294,0.16065338359360976,0.38095238095238093,0.3758620689655172,0.6666666666666666,4.666666666666667,70.74166666666666,110.68869874382892,104.09192645027255,6.59677229355637,0.5256071805702217,0.1717730967348119,0.4229144667370644,0.29859894921190894
1072,2019,137,1251,80,1280,76,N,0,1251,1280,1,12,5,7,0.8064516129032258,9.903225806451612,64.79112903225807,111.42505072130045,96.14020238732402,15.284848333976427,0.560615020697812,0.17226571737966914,0.25960969840331166,0.25677139761646806,0.696969696969697,7.212121212121212,69.10303030303031,111.91019119452727,101.47342571478687,10.436765479740401,0.5455958549222798,0.19251008594983335,0.3233160621761658,0.348731884057971
1073,2019,137,1314,88,1233,73,N,0,1233,1314,0,16,1,15,0.53125,1.21875,71.309375,107.76107629606906,106.05197423199965,1.7091020640694126,0.5298588490770901,0.17397782549629695,0.3713355048859935,0.2572992700729927,0.8181818181818182,13.121212121212121,76.6810606060606,112.23189322162835,95.12048133255614,17.111411889072215,0.5289986406887177,0.17032375344549938,0.30856366107838695,0.3461847389558233
1074,2019,137,1326,62,1235,59,N,0,1235,1326,0,6,11,-5,0.6764705882352942,9.117647058823529,68.80514705882354,112.55142933475821,99.30002671653753,13.25140261822068,0.549147442326981,0.16158161902217472,0.30341023069207623,0.2854594112399643,0.5757575757575758,3.4242424242424243,67.34848484848484,103.3970753655793,98.31271091113611,5.08436445444319,0.5052083333333334,0.18627671541057367,0.3399122807017544,0.2772808586762075
1075,2019,137,1328,95,1279,72,N,0,1279,1328,0,8,9,-1,0.625,5.03125,69.12109375,109.09296411415654,101.81407177168691,7.278892342469632,0.5300976138828634,0.18310257134783836,0.31724511930585686,0.30405405405405406,0.59375,2.9375,69.9171875,101.77218584486111,97.57078686839341,4.201398976467701,0.5021459227467812,0.17431336178961718,0.3143776824034335,0.26175687666370895
1076,2019,137,1332,72,1458,54,N,0,1332,1458,1,12,5,7,0.6571428571428571,7.542857142857143,66.50214285714286,105.99013995252571,94.64786311934095,11.342276833184755,0.5169964485032978,0.1774378913676251,0.3028919330289193,0.29668411867364747,0.696969696969697,7.636363636363637,65.97121212121213,104.68294251395236,93.10764566730208,11.575296846650275,0.5153846153846153,0.14469121058312853,0.27480106100795754,0.24039320822162646
1077,2019,137,1397,77,1159,70,N,0,1159,1397,0,15,2,13,0.696969696969697,5.424242424242424,68.09015151515152,110.9046607105108,102.93839495321488,7.966265757295915,0.5585248530197755,0.19359360918568297,0.28915018706574025,0.30326295585412666,0.8484848484848485,12.181818181818182,70.39318181818182,116.01502383796641,98.70962881649609,17.305395021470318,0.5528044466902476,0.15884802892842154,0.33400707427993936,0.31534883720930235
1078,2019,137,1403,72,1297,57,N,0,1297,1403,0,14,3,11,0.75,7.75,69.828125,111.38957261132245,100.29089281718505,11.098679794137396,0.5502688172043011,0.1767733273663012,0.3548387096774194,0.30670339761248855,0.8125,13.8125,67.83203125,107.75698243593435,87.39418370285055,20.362798733083793,0.5369014084507042,0.18243593435070543,0.3352112676056338,0.2867274569402229
1079,2019,137,1414,70,1243,64,N,0,1243,1414,0,4,13,-9,0.7575757575757576,6.575757575757576,64.98560606060606,101.28116948974714,91.16237861531108,10.118790874436058,0.49505222649807584,0.17346498641890395,0.3073117097306212,0.28337874659400547,0.8529411764705882,8.852941176470589,66.85808823529412,108.39464625468781,95.15325480880266,13.241391445885156,0.5144638403990025,0.17244602813245788,0.285785536159601,0.3361629881154499
1080,2019,137,1416,73,1433,58,N,0,1416,1433,1,9,8,1,0.7419354838709677,7.838709677419355,67.13951612903226,107.43156402772273,95.75630908195501,11.675254945767719,0.5269370460048426,0.17729090843573206,0.4642857142857143,0.2962962962962963,0.78125,9.84375,69.428125,102.8941801323311,88.71584822433273,14.17833190799837,0.5055218111540585,0.20164738713597696,0.3600220872446162,0.3106535362578335
1081,2019,137,1438,71,1205,56,N,0,1205,1438,0,16,1,15,0.6451612903225806,2.3548387096774195,69.92822580645162,108.35995433105373,104.99244617176598,3.367508159287752,0.5480656506447831,0.16837540796438744,0.3921453692848769,0.22551020408163266,0.90625,16.78125,61.46875,116.87849517031012,89.57803762074225,27.300457549567867,0.5571428571428572,0.1469242501270971,0.3032069970845481,0.29957805907172996
1082,2019,137,1439,66,1387,52,N,0,1387,1439,0,13,4,9,0.6571428571428571,3.3142857142857145,66.79071428571429,100.39890061706609,95.43670527340198,4.962195343664106,0.46825,0.19036007999401114,0.3965,0.3611940298507463,0.75,11.90625,64.71484375,114.34779984306151,95.94977968250136,18.39802016056015,0.5640507789959608,0.17577111124524658,0.31448355452971727,0.29780564263322884
1083,2019,137,1449,78,1429,61,N,0,1429,1449,0,8,9,-1,0.8181818181818182,11.93939393939394,70.17954545454546,112.61159148072583,95.59895074322354,17.012640737502295,0.5427528675703858,0.17876226561740988,0.3665276329509906,0.3170289855072464,0.7647058823529411,5.4411764705882355,67.2,103.90406162464986,95.80707282913164,8.096988795518214,0.5214092140921409,0.19870448179271707,0.35121951219512193,0.2959558823529412
1084,2019,138,1120,89,1242,75,N,0,1120,1242,1,5,4,1,0.7352941176470589,10.294117647058824,69.75220588235294,113.08940261218811,98.33127773736864,14.758124874819472,0.5416058394160584,0.17414587352286984,0.3099756690997567,0.32678132678132676,0.7352941176470589,5.294117647058823,71.29338235294118,105.73541393785003,98.30959477717386,7.42581916067617,0.523406374501992,0.18770820656153633,0.3291832669322709,0.2968881412952061
1085,2019,138,1199,90,1293,62,N,0,1199,1293,1,4,12,-8,0.7941176470588235,7.794117647058823,70.48455882352941,106.2811003661628,95.22319239716667,11.057907968996133,0.5073084677419355,0.19153131161393297,0.3634072580645161,0.3307823129251701,0.8620689655172413,13.206896551724139,71.34396551724137,114.35614253434672,95.84456071243007,18.51158182191665,0.5515963511972634,0.17206587803139237,0.3312428734321551,0.3237997957099081
1086,2019,138,1211,83,1124,71,N,0,1124,1211,0,9,1,8,0.59375,4.46875,66.778125,107.3049744957649,100.61303757779962,6.691936917965279,0.5089044792228818,0.19888623707239458,0.3259579060982191,0.38146167557932265,0.9090909090909091,23.78787878787879,71.66818181818182,123.97200904843449,90.78032176909578,33.19168727933871,0.5961442163244868,0.14460582228705524,0.35953930896344516,0.30642023346303504
1087,2019,138,1246,62,1459,56,N,0,1246,1459,1,2,7,-5,0.8181818181818182,11.303030303030303,67.86363636363636,113.0609511051574,96.40544764456352,16.655503460593877,0.5326975476839237,0.18620227729403885,0.4250681198910082,0.3658070678127985,0.8666666666666667,13.666666666666666,68.93416666666667,117.79354698323279,97.96786789327982,19.82567908995297,0.5779256794231836,0.16295741105644274,0.27676095396561284,0.322884012539185
1088,2019,138,1261,69,1268,67,N,0,1261,1268,1,3,6,-3,0.8125,8.34375,72.48125,112.27041476243856,100.75881693541433,11.511597827024232,0.5172151898734177,0.18237475209105802,0.37670886075949367,0.37337942955920483,0.6875,6.28125,66.41875,107.41507480944763,97.958031429378,9.457043380069635,0.5194147439504784,0.19855086101439728,0.32864378165447383,0.33945841392649906
1089,2019,138,1276,64,1196,49,N,0,1196,1276,0,10,2,8,0.5588235294117647,4.617647058823529,65.32426470588236,104.50130007541563,97.43249175493297,7.06880832048266,0.49947561615102254,0.18009702727344357,0.3036182485579444,0.3114754098360656,0.8235294117647058,11.823529411764707,65.08382352941176,108.14108502609757,89.97446731590483,18.16661771019274,0.5208226221079691,0.13557177395666223,0.2704370179948586,0.24500434404865334
1090,2019,138,1277,70,1278,50,N,0,1277,1278,1,2,10,-8,0.8235294117647058,13.294117647058824,68.70588235294117,114.72602739726027,95.37671232876713,19.34931506849314,0.5581275720164609,0.1870719178082192,0.3497942386831276,0.34137291280148424,0.6176470588235294,1.6176470588235294,68.37647058823529,103.53578802477632,101.16999311768754,2.365794907088784,0.4833506763787721,0.17549896765313144,0.42039542143600417,0.3188524590163934
1091,2019,138,1345,87,1437,61,N,0,1345,1437,1,3,6,-3,0.71875,9.375,66.840625,113.98382346065735,99.95792229650755,14.0259011641498,0.52734375,0.15989527327130768,0.29375,0.35004476275738583,0.7352941176470589,7.382352941176471,66.4595588235294,112.05399125961166,100.9459534214748,11.108037838136866,0.5337343096234309,0.16993970238424516,0.3530334728033473,0.3082901554404145
1092,2019,139,1181,77,1416,76,N,0,1181,1416,1,1,9,-8,0.8529411764705882,15.941176470588236,74.1389705882353,112.62632774301045,91.1245772545597,21.501750488450753,0.534054302807179,0.1769332235765504,0.3456051541647492,0.3611111111111111,0.7419354838709677,7.838709677419355,67.13951612903226,107.43156402772273,95.75630908195501,11.675254945767719,0.5269370460048426,0.17729090843573206,0.4642857142857143,0.2962962962962963
1093,2019,139,1222,74,1326,59,N,0,1222,1326,1,3,11,-8,0.9117647058823529,14.382352941176471,67.59779411764706,111.86407492412954,90.58771061533943,21.276364308790107,0.5214285714285715,0.1679483972023104,0.3187192118226601,0.3472222222222222,0.5757575757575758,3.4242424242424243,67.34848484848484,103.3970753655793,98.31271091113611,5.08436445444319,0.5052083333333334,0.18627671541057367,0.3399122807017544,0.2772808586762075
1094,2019,139,1314,81,1449,59,N,0,1314,1449,1,1,9,-8,0.8181818181818182,13.121212121212121,76.6810606060606,112.23189322162835,95.12048133255614,17.111411889072215,0.5289986406887177,0.17032375344549938,0.30856366107838695,0.3461847389558233,0.7647058823529411,5.4411764705882355,67.2,103.90406162464986,95.80707282913164,8.096988795518214,0.5214092140921409,0.19870448179271707,0.35121951219512193,0.2959558823529412
1095,2019,139,1332,73,1414,54,N,0,1332,1414,1,12,13,-1,0.6571428571428571,7.542857142857143,66.50214285714286,105.99013995252571,94.64786311934095,11.342276833184755,0.5169964485032978,0.1774378913676251,0.3028919330289193,0.29668411867364747,0.8529411764705882,8.852941176470589,66.85808823529412,108.39464625468781,95.15325480880266,13.241391445885156,0.5144638403990025,0.17244602813245788,0.285785536159601,0.3361629881154499
1096,2019,139,1397,83,1234,77,N,1,1234,1397,0,10,2,8,0.6666666666666666,4.666666666666667,70.74166666666666,110.68869874382892,104.09192645027255,6.59677229355637,0.5256071805702217,0.1717730967348119,0.4229144667370644,0.29859894921190894,0.8484848484848485,12.181818181818182,70.39318181818182,116.01502383796641,98.70962881649609,17.305395021470318,0.5528044466902476,0.15884802892842154,0.33400707427993936,0.31534883720930235
1097,2019,139,1403,78,1138,58,N,0,1138,1403,0,6,3,3,0.9090909090909091,13.818181818181818,74.97045454545454,113.13547761239276,94.70397429290327,18.431503319489494,0.5341013824884793,0.1564252584351411,0.32211981566820275,0.3170359052711994,0.8125,13.8125,67.83203125,107.75698243593435,87.39418370285055,20.362798733083793,0.5369014084507042,0.18243593435070543,0.3352112676056338,0.2867274569402229
1098,2019,139,1438,63,1328,51,N,0,1328,1438,0,9,1,8,0.59375,2.9375,69.9171875,101.77218584486111,97.57078686839341,4.201398976467701,0.5021459227467812,0.17431336178961718,0.3143776824034335,0.26175687666370895,0.90625,16.78125,61.46875,116.87849517031012,89.57803762074225,27.300457549567867,0.5571428571428572,0.1469242501270971,0.3032069970845481,0.29957805907172996
1099,2019,139,1439,67,1251,58,N,0,1251,1439,0,12,4,8,0.8064516129032258,9.903225806451612,64.79112903225807,111.42505072130045,96.14020238732402,15.284848333976427,0.560615020697812,0.17226571737966914,0.25960969840331166,0.25677139761646806,0.75,11.90625,64.71484375,114.34779984306151,95.94977968250136,18.39802016056015,0.5640507789959608,0.17577111124524658,0.31448355452971727,0.29780564263322884
1100,2019,143,1211,72,1199,58,N,0,1199,1211,0,4,1,3,0.7941176470588235,7.794117647058823,70.48455882352941,106.2811003661628,95.22319239716667,11.057907968996133,0.5073084677419355,0.19153131161393297,0.3634072580645161,0.3307823129251701,0.9090909090909091,23.78787878787879,71.66818181818182,123.97200904843449,90.78032176909578,33.19168727933871,0.5961442163244868,0.14460582228705524,0.35953930896344516,0.30642023346303504
1101,2019,143,1345,99,1397,94,N,1,1345,1397,1,3,2,1,0.71875,9.375,66.840625,113.98382346065735,99.95792229650755,14.0259011641498,0.52734375,0.15989527327130768,0.29375,0.35004476275738583,0.8484848484848485,12.181818181818182,70.39318181818182,116.01502383796641,98.70962881649609,17.305395021470318,0.5528044466902476,0.15884802892842154,0.33400707427993936,0.31534883720930235
1102,2019,143,1403,63,1276,44,N,0,1276,1403,0,2,3,-1,0.8235294117647058,11.823529411764707,65.08382352941176,108.14108502609757,89.97446731590483,18.16661771019274,0.5208226221079691,0.13557177395666223,0.2704370179948586,0.24500434404865334,0.8125,13.8125,67.83203125,107.75698243593435,87.39418370285055,20.362798733083793,0.5369014084507042,0.18243593435070543,0.3352112676056338,0.2867274569402229
1103,2019,143,1438,53,1332,49,N,0,1332,1438,0,12,1,11,0.6571428571428571,7.542857142857143,66.50214285714286,105.99013995252571,94.64786311934095,11.342276833184755,0.5169964485032978,0.1774378913676251,0.3028919330289193,0.29668411867364747,0.90625,16.78125,61.46875,116.87849517031012,89.57803762074225,27.300457549567867,0.5571428571428572,0.1469242501270971,0.3032069970845481,0.29957805907172996
1104,2019,144,1120,97,1314,80,N,0,1120,1314,1,5,1,4,0.7352941176470589,10.294117647058824,69.75220588235294,113.08940261218811,98.33127773736864,14.758124874819472,0.5416058394160584,0.17414587352286984,0.3099756690997567,0.32678132678132676,0.8181818181818182,13.121212121212121,76.6810606060606,112.23189322162835,95.12048133255614,17.111411889072215,0.5289986406887177,0.17032375344549938,0.30856366107838695,0.3461847389558233
1105,2019,144,1181,75,1439,73,N,0,1181,1439,1,1,4,-3,0.8529411764705882,15.941176470588236,74.1389705882353,112.62632774301045,91.1245772545597,21.501750488450753,0.534054302807179,0.1769332235765504,0.3456051541647492,0.3611111111111111,0.75,11.90625,64.71484375,114.34779984306151,95.94977968250136,18.39802016056015,0.5640507789959608,0.17577111124524658,0.31448355452971727,0.29780564263322884
1106,2019,144,1246,62,1222,58,N,0,1222,1246,0,3,2,1,0.9117647058823529,14.382352941176471,67.59779411764706,111.86407492412954,90.58771061533943,21.276364308790107,0.5214285714285715,0.1679483972023104,0.3187192118226601,0.3472222222222222,0.8181818181818182,11.303030303030303,67.86363636363636,113.0609511051574,96.40544764456352,16.655503460593877,0.5326975476839237,0.18620227729403885,0.4250681198910082,0.3658070678127985
1107,2019,144,1277,80,1261,63,N,0,1261,1277,0,3,2,1,0.8125,8.34375,72.48125,112.27041476243856,100.75881693541433,11.511597827024232,0.5172151898734177,0.18237475209105802,0.37670886075949367,0.37337942955920483,0.8235294117647058,13.294117647058824,68.70588235294117,114.72602739726027,95.37671232876713,19.34931506849314,0.5581275720164609,0.1870719178082192,0.3497942386831276,0.34137291280148424
1108,2019,145,1403,75,1211,69,N,0,1211,1403,0,1,3,-2,0.9090909090909091,23.78787878787879,71.66818181818182,123.97200904843449,90.78032176909578,33.19168727933871,0.5961442163244868,0.14460582228705524,0.35953930896344516,0.30642023346303504,0.8125,13.8125,67.83203125,107.75698243593435,87.39418370285055,20.362798733083793,0.5369014084507042,0.18243593435070543,0.3352112676056338,0.2867274569402229
1109,2019,145,1438,80,1345,75,N,1,1345,1438,0,3,1,2,0.71875,9.375,66.840625,113.98382346065735,99.95792229650755,14.0259011641498,0.52734375,0.15989527327130768,0.29375,0.35004476275738583,0.90625,16.78125,61.46875,116.87849517031012,89.57803762074225,27.300457549567867,0.5571428571428572,0.1469242501270971,0.3032069970845481,0.29957805907172996
1110,2019,146,1120,77,1246,71,N,1,1120,1246,1,5,2,3,0.7352941176470589,10.294117647058824,69.75220588235294,113.08940261218811,98.33127773736864,14.758124874819472,0.5416058394160584,0.17414587352286984,0.3099756690997567,0.32678132678132676,0.8181818181818182,11.303030303030303,67.86363636363636,113.0609511051574,96.40544764456352,16.655503460593877,0.5326975476839237,0.18620227729403885,0.4250681198910082,0.3658070678127985
1111,2019,146,1277,68,1181,67,N,0,1181,1277,0,1,2,-1,0.8529411764705882,15.941176470588236,74.1389705882353,112.62632774301045,91.1245772545597,21.501750488450753,0.534054302807179,0.1769332235765504,0.3456051541647492,0.3611111111111111,0.8235294117647058,13.294117647058824,68.70588235294117,114.72602739726027,95.37671232876713,19.34931506849314,0.5581275720164609,0.1870719178082192,0.3497942386831276,0.34137291280148424
1112,2019,152,1403,61,1277,51,N,0,1277,1403,0,2,3,-1,0.8235294117647058,13.294117647058824,68.70588235294117,114.72602739726027,95.37671232876713,19.34931506849314,0.5581275720164609,0.1870719178082192,0.3497942386831276,0.34137291280148424,0.8125,13.8125,67.83203125,107.75698243593435,87.39418370285055,20.362798733083793,0.5369014084507042,0.18243593435070543,0.3352112676056338,0.2867274569402229
1113,2019,152,1438,63,1120,62,N,0,1120,1438,0,5,1,4,0.7352941176470589,10.294117647058824,69.75220588235294,113.08940261218811,98.33127773736864,14.758124874819472,0.5416058394160584,0.17414587352286984,0.3099756690997567,0.32678132678132676,0.90625,16.78125,61.46875,116.87849517031012,89.57803762074225,27.300457549567867,0.5571428571428572,0.1469242501270971,0.3032069970845481,0.29957805907172996
1114,2019,154,1438,85,1403,77,N,1,1403,1438,0,3,1,2,0.8125,13.8125,67.83203125,107.75698243593435,87.39418370285055,20.362798733083793,0.5369014084507042,0.18243593435070543,0.3352112676056338,0.2867274569402229,0.90625,16.78125,61.46875,116.87849517031012,89.57803762074225,27.300457549567867,0.5571428571428572,0.1469242501270971,0.3032069970845481,0.29957805907172996
1115,2021,136,1179,53,1455,52,N,0,1179,1455,1,11,11,0,0.8518518518518519,11.185185185185185,67.88148148148149,112.28721082496726,95.80969009166303,16.47752073330423,0.5453423812461443,0.139131383675251,0.25169648365206665,0.29115479115479115,0.7368421052631579,2.6315789473684212,71.27894736842104,100.86391493760614,97.17197075980212,3.691944177804018,0.475914362176628,0.1484161559477221,0.3818019625334523,0.2667706708268331
1116,2021,136,1313,54,1111,53,N,0,1111,1313,0,16,16,0,0.5416666666666666,-0.08333333333333333,68.52708333333334,99.47405222995773,99.59565865077676,-0.1216064208190204,0.4767272727272727,0.16234457179339068,0.3301818181818182,0.26394052044609667,0.6666666666666666,4.571428571428571,74.54642857142856,100.8000766540507,94.66775259905141,6.1323240549992875,0.4967871485943775,0.16927769526820935,0.3863453815261044,0.25329428989751096
1117,2021,136,1411,60,1291,52,N,0,1291,1411,0,16,16,0,0.5454545454545454,1.4090909090909092,64.96136363636364,98.10026939089668,95.93114788510653,2.1691215057901587,0.4874161073825503,0.19242206906202985,0.29697986577181207,0.2985507246376812,0.6521739130434783,3.4782608695652173,74.77391304347826,98.38353296894988,93.7318292824747,4.651703686475173,0.4838591342626559,0.1982788696360042,0.3873807776962582,0.3083989501312336
1118,2021,136,1417,86,1277,80,N,1,1277,1417,0,11,11,0,0.5555555555555556,-1.5185185185185186,69.80185185185185,98.90430583928051,101.07977608574537,-2.1754702464648545,0.47903430749682335,0.1788130422094288,0.3138500635324015,0.28903654485049834,0.6538461538461539,4.346153846153846,68.07307692307693,107.01169557602124,100.6271540765015,6.384541499519742,0.5202020202020202,0.1598960393242556,0.32592592592592595,0.2900763358778626
1119,2021,137,1116,85,1159,68,N,0,1116,1159,1,3,14,-11,0.7857142857142857,11.714285714285714,77.09553571428572,106.87111306704344,91.67660717801428,15.194505889029159,0.5154355016538037,0.16630571994394708,0.3269018743109151,0.30484037075180226,0.9333333333333333,17.733333333333334,73.51,117.44433863873395,93.32063664807508,24.123701990658873,0.5714285714285714,0.13240828912166144,0.3111111111111111,0.270042194092827
1120,2021,137,1124,79,1216,55,N,0,1124,1216,1,1,16,-15,0.9166666666666666,17.958333333333332,71.96979166666667,117.23668784646335,92.28408909988276,24.95259874658059,0.5750165234633179,0.1690524091415669,0.2703238598810311,0.36026490066225164,0.6521739130434783,2.608695652173913,67.2195652173913,97.99165615601048,94.11079848646551,3.880857669544966,0.5035971223021583,0.18175350085702274,0.28617106314948043,0.22413793103448276
1121,2021,137,1196,75,1439,70,N,1,1196,1439,1,7,10,-3,0.6086956521739131,4.130434782608695,71.1945652173913,103.87944854119911,98.0778332493626,5.801615291836512,0.52455871066769,0.19603352722942335,0.33844973138910206,0.29210134128166915,0.7142857142857143,6.619047619047619,68.41309523809524,105.45182452537979,95.77670663163207,9.675117893747725,0.5245139475908707,0.16148398211147266,0.3322062552831784,0.25902668759811615
1122,2021,137,1222,87,1156,56,N,0,1156,1222,0,15,2,13,0.7307692307692307,0.8846153846153846,70.61153846153846,101.20376926847867,99.95097772209814,1.2527915463805215,0.5062706270627063,0.17648020044664742,0.3194719471947195,0.28174123337363965,0.8846153846153846,18.0,66.99423076923077,113.9018859258834,87.0339007377214,26.86798518816201,0.5132827324478179,0.15156299336911905,0.30740037950664134,0.3952662721893491
1123,2021,137,1228,78,1180,49,N,0,1180,1228,0,16,1,15,0.631578947368421,4.631578947368421,66.29473684210525,107.81200381073357,100.82565893934583,6.986344871387743,0.5433526011560693,0.17783423308986981,0.28516377649325625,0.275,0.7931034482758621,12.172413793103448,73.1301724137931,111.32722707500795,94.68236847378905,16.6448586012189,0.5562390158172232,0.17446452358218104,0.39191564147627417,0.3117178612059158
1124,2021,137,1260,71,1210,60,N,0,1210,1260,0,9,8,1,0.68,5.52,70.395,107.28034661552667,99.4388806023155,7.841466013211161,0.5385402455661664,0.15001065416577883,0.28990450204638474,0.22721268163804492,0.8461538461538461,14.692307692307692,64.75384615384615,108.93323829888335,86.24376336421953,22.68947493466382,0.5633750921149595,0.1758137324780233,0.30655858511422257,0.24028776978417266
1125,2021,137,1317,78,1345,69,N,1,1317,1345,1,13,4,9,0.64,7.64,65.438,104.22078914392249,92.54561569730126,11.67517344662123,0.5401651651651652,0.1919374063999511,0.27177177177177175,0.2622478386167147,0.6666666666666666,4.814814814814815,67.43333333333334,105.45394628439611,98.31383533805679,7.14011094633932,0.5140798952193845,0.17630581644422474,0.32220039292730845,0.3125748502994012
1126,2021,137,1329,69,1251,60,N,0,1251,1329,0,13,4,9,0.7916666666666666,11.0,64.75729166666666,113.0503321698007,96.06382807598887,16.98650409381183,0.5743865030674846,0.14927533900622517,0.2553680981595092,0.21084337349397592,0.7142857142857143,4.178571428571429,75.71249999999999,101.79485365220879,96.27585556263121,5.518998089577579,0.5220410628019324,0.20660864643034035,0.3635265700483092,0.29646522234891676
1127,2021,137,1331,75,1326,72,N,1,1326,1331,0,2,15,-13,0.7,6.366666666666666,69.12833333333333,111.8692287291752,102.65930515707501,9.209923572100195,0.5314136125654451,0.1436940955228199,0.3757998836532868,0.2738225629791895,0.5652173913043478,1.826086956521739,73.66304347826087,107.77630219861295,105.29732920171168,2.478972996901277,0.5359942979330007,0.1516895381437214,0.27797576621525305,0.20741758241758243
1128,2021,137,1333,70,1397,56,N,0,1333,1397,1,12,5,7,0.5714285714285714,-0.14285714285714285,66.91607142857143,103.27435753742694,103.48784458143196,-0.21348704400502072,0.48694267515923567,0.16438502388386303,0.3401273885350318,0.2866666666666667,0.6923076923076923,9.26923076923077,69.47788461538461,104.34975158116168,91.00848360712457,13.341267974037109,0.5013413816230717,0.17216325061931717,0.35077129443326627,0.30198019801980197
1129,2021,137,1353,60,1155,56,N,0,1155,1353,0,7,10,-3,0.6956521739130435,3.3043478260869565,65.5891304347826,99.56580822644261,94.52785787676909,5.0379503496735225,0.5039556962025317,0.18163136786980877,0.23575949367088608,0.24963503649635035,0.5769230769230769,1.7307692307692308,69.60865384615384,100.50695509234318,98.02052684651831,2.486428245824868,0.501619170984456,0.1552636304615087,0.2765544041450777,0.25586854460093894
1130,2021,137,1393,78,1361,62,N,0,1361,1393,0,6,11,-5,0.8461538461538461,12.423076923076923,68.45673076923077,107.70419271016223,89.55685090245102,18.147341807711214,0.5274949083503055,0.15731441814734182,0.3428377460964019,0.2734274711168164,0.64,5.12,71.208,106.50488709133805,99.31468374339961,7.190203347938436,0.5071661237785017,0.14885967868778788,0.2814332247557003,0.27812113720642767
1131,2021,137,1403,65,1429,53,N,0,1403,1429,1,6,11,-5,0.6296296296296297,9.62962962962963,68.17777777777778,107.12733594089526,93.00304215558452,14.12429378531074,0.4974160206718346,0.15373750543242068,0.39276485788113696,0.32105868814729577,0.7037037037037037,10.481481481481481,70.07592592592593,103.69704817525964,88.7397267514072,14.957321423852434,0.49846059113300495,0.1849845405776803,0.29433497536945813,0.3460246360582307
1132,2021,137,1437,73,1457,63,N,0,1437,1457,1,5,12,-7,0.7272727272727273,8.409090909090908,67.69545454545454,111.59605183643323,99.17410864164373,12.421943194789506,0.528250773993808,0.12489088833680252,0.30030959752321984,0.25292397660818716,0.9583333333333334,12.75,73.74791666666667,107.8561541286477,90.5675301562191,17.288623972428596,0.5300751879699248,0.18531596937766603,0.3568010936431989,0.3413705583756345
1133,2021,137,1452,84,1287,67,N,0,1287,1452,0,14,3,11,0.75,4.107142857142857,68.35267857142857,99.6407811377441,93.63202926000915,6.008751877734952,0.5189317106152807,0.22206256939455293,0.3684922244759973,0.29784688995215314,0.6666666666666666,5.185185185185185,72.72777777777777,106.2816693402592,99.15208922160262,7.129580118656577,0.48734939759036144,0.15990629694701194,0.39397590361445783,0.3400423728813559
1134,2021,137,1458,85,1314,62,N,0,1314,1458,0,8,9,-1,0.6428571428571429,6.285714285714286,73.77321428571429,102.58272214557161,94.06240166533536,8.52032048023625,0.4852356615559341,0.19558008375087743,0.3486655309483248,0.3997955010224949,0.5862068965517241,5.310344827586207,67.625,102.95111224424757,95.09847663968385,7.852635604563716,0.4940828402366864,0.12696793932054307,0.2692307692307692,0.20793140407288319
1135,2021,138,1101,53,1400,52,N,0,1101,1400,1,14,3,11,0.8260869565217391,14.565217391304348,72.4108695652174,105.37692515536341,85.26224143624846,20.11468371911495,0.5290868924889544,0.18553544087183643,0.3402061855670103,0.29784366576819404,0.7307692307692307,6.423076923076923,71.52596153846153,105.17966849046205,96.19960476965062,8.98006372081143,0.5285335102853351,0.19250675521260435,0.3404114134041141,0.3047735618115055
1136,2021,138,1104,68,1233,55,N,0,1104,1233,1,2,15,-13,0.8,9.8,76.77166666666668,103.64066604433059,90.8755400212752,12.765126023055387,0.5131646876613319,0.18018800338666607,0.28600929272070214,0.29686013320647003,0.7058823529411765,6.294117647058823,71.23088235294118,101.41007907178397,92.57385882692984,8.836220244854132,0.5115667718191378,0.2105828189194211,0.36067297581493163,0.30859375
1137,2021,138,1160,96,1207,73,N,0,1160,1207,1,5,12,-7,0.7333333333333333,9.766666666666667,67.04166666666667,108.9372280919826,94.3691733996271,14.568054692355503,0.5202583675866118,0.1531385954008701,0.29947152084556666,0.27976878612716766,0.52,0.68,72.17699999999999,98.8680604624742,97.92593208362776,0.9421283788464478,0.4955570745044429,0.20837662967427298,0.3028024606971975,0.29482551143200963
1138,2021,138,1166,63,1364,62,N,0,1166,1364,1,5,12,-7,0.7142857142857143,8.678571428571429,71.34821428571429,107.87135527468402,95.70767113002127,12.163684144662753,0.5570149253731344,0.1511700663246152,0.26865671641791045,0.22107674684994272,0.8333333333333334,10.333333333333334,67.903125,108.85606025741329,93.63830211545248,15.217758141960815,0.5300075018754689,0.15708653565895042,0.3548387096774194,0.2697947214076246
1139,2021,138,1199,64,1422,54,N,0,1199,1422,1,4,13,-9,0.7272727272727273,8.590909090909092,72.35568181818182,109.05721420382265,97.18404975421294,11.873164449609718,0.5436113236419281,0.19537323512320764,0.32670237184391737,0.34384384384384387,0.7241379310344828,6.172413793103448,71.90431034482758,102.38703257442243,93.80282703305399,8.584205541368448,0.4823125659978881,0.14722631850279946,0.23812038014783526,0.3173076923076923
1140,2021,138,1211,98,1313,55,N,0,1211,1313,1,1,16,-15,1.0,23.0,76.48942307692307,120.42891802536802,90.35940112383562,30.069516901532396,0.6098014888337469,0.15587876654640537,0.36662531017369726,0.28269484808454426,0.6666666666666666,4.571428571428571,74.54642857142856,100.8000766540507,94.66775259905141,6.1323240549992875,0.4967871485943775,0.16927769526820935,0.3863453815261044,0.25329428989751096
1141,2021,138,1234,86,1213,74,N,0,1213,1234,0,15,2,13,0.7,9.6,68.175,104.51045104510452,90.42904290429043,14.08140814081409,0.5296262534184139,0.18921892189218922,0.3463992707383774,0.3017543859649123,0.7241379310344828,11.827586206896552,72.06120689655172,116.2326087736718,99.81935854338386,16.413250230287943,0.5459239130434783,0.1268079099424579,0.3201086956521739,0.29918864097363085
1142,2021,138,1242,93,1186,84,N,0,1186,1242,0,14,3,11,0.6818181818181818,7.909090909090909,72.55227272727274,107.4460420386555,96.54481095135168,10.901231087303827,0.5405405405405406,0.1616389437082981,0.30424710424710427,0.22085889570552147,0.7037037037037037,6.333333333333333,70.28518518518518,103.1775306950519,94.16662275385994,9.01090794119196,0.49783013019218847,0.17020603888918165,0.3050216986980781,0.2989010989010989
1143,2021,138,1261,76,1382,61,N,0,1261,1382,1,8,9,-1,0.6666666666666666,6.777777777777778,73.80185185185185,111.25887637066218,102.07512608837477,9.183750282287406,0.5283687943262412,0.1530625047047901,0.3392434988179669,0.30306345733041573,0.8,10.15,66.22125,106.46129452403873,91.13388829114521,15.327406232893523,0.5051679586563308,0.1570492855390075,0.27820844099913866,0.3188405797101449
1144,2021,138,1268,63,1163,54,N,0,1163,1268,0,7,10,-3,0.6818181818181818,7.909090909090909,68.35113636363636,106.13642787078756,94.56516317810771,11.571264692679847,0.4950869236583522,0.163593742206853,0.29554043839758126,0.35959885386819485,0.5357142857142857,2.4642857142857144,65.99821428571428,102.54606455802376,98.81219729971049,3.7338672583132677,0.5256756756756756,0.16342433507400092,0.3256756756756757,0.1963855421686747
1145,2021,138,1276,82,1411,66,N,0,1276,1411,1,1,16,-15,0.8333333333333334,10.875,68.125,111.92660550458716,95.96330275229357,15.963302752293586,0.5491684743311641,0.1565749235474006,0.28922631959508316,0.27635327635327633,0.6521739130434783,3.4782608695652173,74.77391304347826,98.38353296894988,93.7318292824747,4.651703686475173,0.4838591342626559,0.1982788696360042,0.3873807776962582,0.3083989501312336
1146,2021,138,1325,62,1438,58,N,0,1325,1438,1,13,4,9,0.6818181818181818,7.045454545454546,72.25568181818181,111.22119996854605,101.47047259573799,9.750727372808058,0.5576779026217229,0.15978611307698357,0.2958801498127341,0.27827380952380953,0.75,8.166666666666666,61.293749999999996,111.9608442948914,98.63702797321642,13.323816321674983,0.5608214849921012,0.14003602868699228,0.21958925750394945,0.21077654516640254
1147,2021,138,1328,72,1281,68,N,0,1281,1328,0,9,8,1,0.64,1.72,72.241,101.93657341398928,99.55565399150066,2.380919422488617,0.5090340514246005,0.1816143187386664,0.3745656706045865,0.27364438839848676,0.6,5.52,70.83800000000001,105.5365764137892,97.74414862079675,7.792427792992456,0.5075807514831905,0.14794319433072645,0.2913645352669743,0.25921521997621877
1148,2021,138,1417,73,1140,62,N,0,1140,1417,0,6,11,-5,0.76,8.72,71.967,107.77161754693124,95.6549529645532,12.116664582378036,0.5501345895020189,0.18063834813178262,0.2779273216689098,0.2769640479360852,0.6538461538461539,4.346153846153846,68.07307692307693,107.01169557602124,100.6271540765015,6.384541499519742,0.5202020202020202,0.1598960393242556,0.32592592592592595,0.2900763358778626
1149,2021,138,1425,72,1179,56,N,0,1179,1425,0,11,6,5,0.8518518518518519,11.185185185185185,67.88148148148149,112.28721082496726,95.80969009166303,16.47752073330423,0.5453423812461443,0.139131383675251,0.25169648365206665,0.29115479115479115,0.7586206896551724,9.655172413793103,70.1448275862069,106.57752433389047,92.81289941991938,13.76462491397109,0.521339656194428,0.17254940517156622,0.3746295198577356,0.33224043715846996
1150,2021,139,1116,68,1403,66,N,0,1116,1403,1,3,6,-3,0.7857142857142857,11.714285714285714,77.09553571428572,106.87111306704344,91.67660717801428,15.194505889029159,0.5154355016538037,0.16630571994394708,0.3269018743109151,0.30484037075180226,0.6296296296296297,9.62962962962963,68.17777777777778,107.12733594089526,93.00304215558452,14.12429378531074,0.4974160206718346,0.15373750543242068,0.39276485788113696,0.32105868814729577
1151,2021,139,1124,76,1458,63,N,0,1124,1458,1,1,9,-8,0.9166666666666666,17.958333333333332,71.96979166666667,117.23668784646335,92.28408909988276,24.95259874658059,0.5750165234633179,0.1690524091415669,0.2703238598810311,0.36026490066225164,0.5862068965517241,5.310344827586207,67.625,102.95111224424757,95.09847663968385,7.852635604563716,0.4940828402366864,0.12696793932054307,0.2692307692307692,0.20793140407288319
1152,2021,139,1222,63,1353,60,N,0,1222,1353,1,2,10,-8,0.8846153846153846,18.0,66.99423076923077,113.9018859258834,87.0339007377214,26.86798518816201,0.5132827324478179,0.15156299336911905,0.30740037950664134,0.3952662721893491,0.5769230769230769,1.7307692307692308,69.60865384615384,100.50695509234318,98.02052684651831,2.486428245824868,0.501619170984456,0.1552636304615087,0.2765544041450777,0.25586854460093894
1153,2021,139,1260,71,1228,58,N,0,1228,1260,0,1,8,-7,0.7931034482758621,12.172413793103448,73.1301724137931,111.32722707500795,94.68236847378905,16.6448586012189,0.5562390158172232,0.17446452358218104,0.39191564147627417,0.3117178612059158,0.8461538461538461,14.692307692307692,64.75384615384615,108.93323829888335,86.24376336421953,22.68947493466382,0.5633750921149595,0.1758137324780233,0.30655858511422257,0.24028776978417266
1154,2021,139,1331,81,1196,78,N,0,1196,1331,0,7,15,-8,0.6086956521739131,4.130434782608695,71.1945652173913,103.87944854119911,98.0778332493626,5.801615291836512,0.52455871066769,0.19603352722942335,0.33844973138910206,0.29210134128166915,0.5652173913043478,1.826086956521739,73.66304347826087,107.77630219861295,105.29732920171168,2.478972996901277,0.5359942979330007,0.1516895381437214,0.27797576621525305,0.20741758241758243
1155,2021,139,1333,80,1329,70,N,0,1329,1333,0,4,12,-8,0.7142857142857143,4.178571428571429,75.71249999999999,101.79485365220879,96.27585556263121,5.518998089577579,0.5220410628019324,0.20660864643034035,0.3635265700483092,0.29646522234891676,0.5714285714285714,-0.14285714285714285,66.91607142857143,103.27435753742694,103.48784458143196,-0.21348704400502072,0.48694267515923567,0.16438502388386303,0.3401273885350318,0.2866666666666667
1156,2021,139,1393,75,1452,72,N,0,1393,1452,1,11,3,8,0.64,5.12,71.208,106.50488709133805,99.31468374339961,7.190203347938436,0.5071661237785017,0.14885967868778788,0.2814332247557003,0.27812113720642767,0.6666666666666666,5.185185185185185,72.72777777777777,106.2816693402592,99.15208922160262,7.129580118656577,0.48734939759036144,0.15990629694701194,0.39397590361445783,0.3400423728813559
1157,2021,139,1437,84,1317,61,N,0,1317,1437,0,13,5,8,0.64,7.64,65.438,104.22078914392249,92.54561569730126,11.67517344662123,0.5401651651651652,0.1919374063999511,0.27177177177177175,0.2622478386167147,0.7272727272727273,8.409090909090908,67.69545454545454,111.59605183643323,99.17410864164373,12.421943194789506,0.528250773993808,0.12489088833680252,0.30030959752321984,0.25292397660818716
1158,2021,140,1104,96,1268,77,N,0,1104,1268,1,2,10,-8,0.8,9.8,76.77166666666668,103.64066604433059,90.8755400212752,12.765126023055387,0.5131646876613319,0.18018800338666607,0.28600929272070214,0.29686013320647003,0.5357142857142857,2.4642857142857144,65.99821428571428,102.54606455802376,98.81219729971049,3.7338672583132677,0.5256756756756756,0.16342433507400092,0.3256756756756757,0.1963855421686747
1159,2021,140,1166,72,1325,58,N,0,1166,1325,1,5,13,-8,0.7142857142857143,8.678571428571429,71.34821428571429,107.87135527468402,95.70767113002127,12.163684144662753,0.5570149253731344,0.1511700663246152,0.26865671641791045,0.22107674684994272,0.6818181818181818,7.045454545454546,72.25568181818181,111.22119996854605,101.47047259573799,9.750727372808058,0.5576779026217229,0.15978611307698357,0.2958801498127341,0.27827380952380953
1160,2021,140,1199,71,1160,53,N,0,1160,1199,0,5,4,1,0.7333333333333333,9.766666666666667,67.04166666666667,108.9372280919826,94.3691733996271,14.568054692355503,0.5202583675866118,0.1531385954008701,0.29947152084556666,0.27976878612716766,0.7272727272727273,8.590909090909092,72.35568181818182,109.05721420382265,97.18404975421294,11.873164449609718,0.5436113236419281,0.19537323512320764,0.32670237184391737,0.34384384384384387
1161,2021,140,1211,87,1328,71,N,0,1211,1328,1,1,8,-7,1.0,23.0,76.48942307692307,120.42891802536802,90.35940112383562,30.069516901532396,0.6098014888337469,0.15587876654640537,0.36662531017369726,0.28269484808454426,0.6,5.52,70.83800000000001,105.5365764137892,97.74414862079675,7.792427792992456,0.5075807514831905,0.14794319433072645,0.2913645352669743,0.25921521997621877
1162,2021,140,1276,86,1261,78,N,0,1261,1276,0,8,1,7,0.6666666666666666,6.777777777777778,73.80185185185185,111.25887637066218,102.07512608837477,9.183750282287406,0.5283687943262412,0.1530625047047901,0.3392434988179669,0.30306345733041573,0.8333333333333334,10.875,68.125,111.92660550458716,95.96330275229357,15.963302752293586,0.5491684743311641,0.1565749235474006,0.28922631959508316,0.27635327635327633
1163,2021,140,1332,95,1234,80,N,0,1234,1332,0,2,7,-5,0.7241379310344828,11.827586206896552,72.06120689655172,116.2326087736718,99.81935854338386,16.413250230287943,0.5459239130434783,0.1268079099424579,0.3201086956521739,0.29918864097363085,0.7692307692307693,6.961538461538462,68.45576923076922,108.66084220580386,98.49144590836308,10.169396297440784,0.5442536327608983,0.1606876984015507,0.26816380449141347,0.26996197718631176
1164,2021,140,1417,67,1101,47,N,0,1101,1417,0,14,11,3,0.8260869565217391,14.565217391304348,72.4108695652174,105.37692515536341,85.26224143624846,20.11468371911495,0.5290868924889544,0.18553544087183643,0.3402061855670103,0.29784366576819404,0.6538461538461539,4.346153846153846,68.07307692307693,107.01169557602124,100.6271540765015,6.384541499519742,0.5202020202020202,0.1598960393242556,0.32592592592592595,0.2900763358778626
1165,2021,140,1425,85,1242,51,N,0,1242,1425,0,3,6,-3,0.7037037037037037,6.333333333333333,70.28518518518518,103.1775306950519,94.16662275385994,9.01090794119196,0.49783013019218847,0.17020603888918165,0.3050216986980781,0.2989010989010989,0.7586206896551724,9.655172413793103,70.1448275862069,106.57752433389047,92.81289941991938,13.76462491397109,0.521339656194428,0.17254940517156622,0.3746295198577356,0.33224043715846996
1166,2021,145,1116,72,1331,70,N,0,1116,1331,1,3,15,-12,0.7857142857142857,11.714285714285714,77.09553571428572,106.87111306704344,91.67660717801428,15.194505889029159,0.5154355016538037,0.16630571994394708,0.3269018743109151,0.30484037075180226,0.5652173913043478,1.826086956521739,73.66304347826087,107.77630219861295,105.29732920171168,2.478972996901277,0.5359942979330007,0.1516895381437214,0.27797576621525305,0.20741758241758243
1167,2021,145,1124,62,1437,51,N,0,1124,1437,1,1,5,-4,0.9166666666666666,17.958333333333332,71.96979166666667,117.23668784646335,92.28408909988276,24.95259874658059,0.5750165234633179,0.1690524091415669,0.2703238598810311,0.36026490066225164,0.7272727272727273,8.409090909090908,67.69545454545454,111.59605183643323,99.17410864164373,12.421943194789506,0.528250773993808,0.12489088833680252,0.30030959752321984,0.25292397660818716
1168,2021,145,1222,62,1393,46,N,0,1222,1393,1,2,11,-9,0.8846153846153846,18.0,66.99423076923077,113.9018859258834,87.0339007377214,26.86798518816201,0.5132827324478179,0.15156299336911905,0.30740037950664134,0.3952662721893491,0.64,5.12,71.208,106.50488709133805,99.31468374339961,7.190203347938436,0.5071661237785017,0.14885967868778788,0.2814332247557003,0.27812113720642767
1169,2021,145,1333,65,1260,58,N,0,1260,1333,0,8,12,-4,0.8461538461538461,14.692307692307692,64.75384615384615,108.93323829888335,86.24376336421953,22.68947493466382,0.5633750921149595,0.1758137324780233,0.30655858511422257,0.24028776978417266,0.5714285714285714,-0.14285714285714285,66.91607142857143,103.27435753742694,103.48784458143196,-0.21348704400502072,0.48694267515923567,0.16438502388386303,0.3401273885350318,0.2866666666666667
1170,2021,146,1211,83,1166,65,N,0,1166,1211,0,5,1,4,0.7142857142857143,8.678571428571429,71.34821428571429,107.87135527468402,95.70767113002127,12.163684144662753,0.5570149253731344,0.1511700663246152,0.26865671641791045,0.22107674684994272,1.0,23.0,76.48942307692307,120.42891802536802,90.35940112383562,30.069516901532396,0.6098014888337469,0.15587876654640537,0.36662531017369726,0.28269484808454426
1171,2021,146,1276,76,1199,58,N,0,1199,1276,0,4,1,3,0.7272727272727273,8.590909090909092,72.35568181818182,109.05721420382265,97.18404975421294,11.873164449609718,0.5436113236419281,0.19537323512320764,0.32670237184391737,0.34384384384384387,0.8333333333333334,10.875,68.125,111.92660550458716,95.96330275229357,15.963302752293586,0.5491684743311641,0.1565749235474006,0.28922631959508316,0.27635327635327633
1172,2021,146,1417,88,1104,78,N,1,1104,1417,0,2,11,-9,0.8,9.8,76.77166666666668,103.64066604433059,90.8755400212752,12.765126023055387,0.5131646876613319,0.18018800338666607,0.28600929272070214,0.29686013320647003,0.6538461538461539,4.346153846153846,68.07307692307693,107.01169557602124,100.6271540765015,6.384541499519742,0.5202020202020202,0.1598960393242556,0.32592592592592595,0.2900763358778626
1173,2021,146,1425,82,1332,68,N,0,1332,1425,0,7,6,1,0.7692307692307693,6.961538461538462,68.45576923076922,108.66084220580386,98.49144590836308,10.169396297440784,0.5442536327608983,0.1606876984015507,0.26816380449141347,0.26996197718631176,0.7586206896551724,9.655172413793103,70.1448275862069,106.57752433389047,92.81289941991938,13.76462491397109,0.521339656194428,0.17254940517156622,0.3746295198577356,0.33224043715846996
1174,2021,147,1124,81,1116,72,N,0,1116,1124,0,3,1,2,0.7857142857142857,11.714285714285714,77.09553571428572,106.87111306704344,91.67660717801428,15.194505889029159,0.5154355016538037,0.16630571994394708,0.3269018743109151,0.30484037075180226,0.9166666666666666,17.958333333333332,71.96979166666667,117.23668784646335,92.28408909988276,24.95259874658059,0.5750165234633179,0.1690524091415669,0.2703238598810311,0.36026490066225164
1175,2021,147,1222,67,1333,61,N,0,1222,1333,1,2,12,-10,0.8846153846153846,18.0,66.99423076923077,113.9018859258834,87.0339007377214,26.86798518816201,0.5132827324478179,0.15156299336911905,0.30740037950664134,0.3952662721893491,0.5714285714285714,-0.14285714285714285,66.91607142857143,103.27435753742694,103.48784458143196,-0.21348704400502072,0.48694267515923567,0.16438502388386303,0.3401273885350318,0.2866666666666667
1176,2021,148,1211,85,1425,66,N,0,1211,1425,1,1,6,-5,1.0,23.0,76.48942307692307,120.42891802536802,90.35940112383562,30.069516901532396,0.6098014888337469,0.15587876654640537,0.36662531017369726,0.28269484808454426,0.7586206896551724,9.655172413793103,70.1448275862069,106.57752433389047,92.81289941991938,13.76462491397109,0.521339656194428,0.17254940517156622,0.3746295198577356,0.33224043715846996
1177,2021,148,1417,51,1276,49,N,0,1276,1417,0,1,11,-10,0.8333333333333334,10.875,68.125,111.92660550458716,95.96330275229357,15.963302752293586,0.5491684743311641,0.1565749235474006,0.28922631959508316,0.27635327635327633,0.6538461538461539,4.346153846153846,68.07307692307693,107.01169557602124,100.6271540765015,6.384541499519742,0.5202020202020202,0.1598960393242556,0.32592592592592595,0.2900763358778626
1178,2021,152,1124,78,1222,59,N,0,1124,1222,1,1,2,-1,0.9166666666666666,17.958333333333332,71.96979166666667,117.23668784646335,92.28408909988276,24.95259874658059,0.5750165234633179,0.1690524091415669,0.2703238598810311,0.36026490066225164,0.8846153846153846,18.0,66.99423076923077,113.9018859258834,87.0339007377214,26.86798518816201,0.5132827324478179,0.15156299336911905,0.30740037950664134,0.3952662721893491
1179,2021,152,1211,93,1417,90,N,1,1211,1417,1,1,11,-10,1.0,23.0,76.48942307692307,120.42891802536802,90.35940112383562,30.069516901532396,0.6098014888337469,0.15587876654640537,0.36662531017369726,0.28269484808454426,0.6538461538461539,4.346153846153846,68.07307692307693,107.01169557602124,100.6271540765015,6.384541499519742,0.5202020202020202,0.1598960393242556,0.32592592592592595,0.2900763358778626
1180,2021,154,1124,86,1211,70,N,0,1124,1211,1,1,1,0,0.9166666666666666,17.958333333333332,71.96979166666667,117.23668784646335,92.28408909988276,24.95259874658059,0.5750165234633179,0.1690524091415669,0.2703238598810311,0.36026490066225164,1.0,23.0,76.48942307692307,120.42891802536802,90.35940112383562,30.069516901532396,0.6098014888337469,0.15587876654640537,0.36662531017369726,0.28269484808454426
1181,2022,134,1231,66,1461,58,N,0,1231,1461,1,12,12,0,0.6060606060606061,5.545454545454546,69.88787878787879,102.28504531067077,94.35025798898668,7.934787321684084,0.5125467164975974,0.16519967046784892,0.3352909770421783,0.24380574826560952,0.75,6.1875,68.10390625,105.5372649788352,96.45188303717894,9.085381941656252,0.5240412135088723,0.15876475514207383,0.3703491700057241,0.23336853220696938
1182,2022,134,1411,76,1394,67,N,0,1394,1411,0,16,16,0,0.6333333333333333,2.7,73.22666666666667,100.73743627093954,97.0502549162418,3.687181354697742,0.4729654403567447,0.1875455207574654,0.3835005574136009,0.3287671232876712,0.6,3.7333333333333334,70.50916666666667,98.19054260084386,92.89572277836214,5.294819822481713,0.4867892016082711,0.19997399865265744,0.32682366456059736,0.3288659793814433
1183,2022,135,1323,89,1353,87,N,2,1323,1353,1,11,11,0,0.6774193548387096,5.0,66.74354838709678,107.77893236026195,100.2875715908267,7.491360769435246,0.5399074609600926,0.14451076581039607,0.2764603817235396,0.2017353579175705,0.5806451612903226,2.096774193548387,66.91854838709678,101.4714566336061,98.3381337446824,3.1333228889237006,0.49523809523809526,0.1629327902240326,0.2694677871148459,0.2806484295845998
1184,2022,135,1460,93,1136,82,N,0,1136,1460,0,16,16,0,0.7,3.066666666666667,74.19333333333334,103.01913918591067,98.88579387186628,4.133345314044391,0.4973074851911686,0.17701500584059662,0.32740980075390413,0.30724070450097846,0.6060606060606061,3.5454545454545454,70.64924242424243,106.37271196800239,101.35432192757648,5.018390040425913,0.5201030927835052,0.17199781249664903,0.31082474226804124,0.2939424031777557
1185,2022,136,1116,75,1436,71,N,0,1116,1436,1,4,13,-9,0.7575757575757576,8.393939393939394,73.97121212121213,104.01261752114868,92.66504168288236,11.347575838266323,0.492,0.16427357079945104,0.379,0.29038112522686027,0.84375,14.0625,66.1921875,112.92873498099756,91.68378065764936,21.244954323348196,0.5727937043282744,0.14116091872624695,0.26644182124789206,0.21118721461187215
1186,2022,136,1124,85,1313,49,N,0,1124,1313,1,1,16,-15,0.8125,12.875,70.159375,109.0374593559307,90.68638368001426,18.351075675916434,0.528747433264887,0.17103915193087169,0.28542094455852157,0.34479371316306484,0.7777777777777778,6.925925925925926,71.39722222222223,102.08925028206825,92.38869652050994,9.70055376155831,0.5148809523809523,0.1908985980884203,0.39087301587301587,0.28038507821901326
1187,2022,136,1166,72,1361,69,N,1,1166,1361,1,9,8,1,0.6666666666666666,3.090909090909091,69.35606060606061,99.53031130529766,95.07373020207537,4.456581103222291,0.509009009009009,0.19268159475696342,0.25967143614202437,0.265625,0.7419354838709677,7.612903225806452,66.975,97.48461751496104,86.11783404977784,11.366783465183204,0.4876252209781968,0.18302447952413636,0.3129051266941662,0.27175080558539205
1188,2022,136,1211,93,1209,72,N,0,1209,1211,0,16,1,15,0.6,1.08,70.15899999999999,97.37881098647358,95.83945039125416,1.5393605952194207,0.45062132112491826,0.16020752861357773,0.30150425114453894,0.3100338218714769,0.896551724137931,22.482758620689655,74.58706896551725,117.75175968839935,87.60878861779221,30.142971070607132,0.5940949227373068,0.1558003259324326,0.29746136865342165,0.2768878718535469
1189,2022,136,1242,83,1411,56,N,0,1242,1411,1,1,16,-15,0.8235294117647058,10.441176470588236,70.9235294117647,110.80700008293937,96.08526167371652,14.721738409222851,0.5409876543209876,0.16961101434851122,0.3279012345679012,0.32159847764034255,0.6,3.7333333333333334,70.50916666666667,98.19054260084386,92.89572277836214,5.294819822481713,0.4867892016082711,0.19997399865265744,0.32682366456059736,0.3288659793814433
1190,2022,136,1272,64,1129,53,N,0,1129,1272,0,8,9,-1,0.7878787878787878,7.242424242424242,65.82424242424241,103.489549765215,92.486879661173,11.002670104041997,0.5114142538975501,0.16849277230457602,0.3518930957683742,0.29292929292929293,0.6774193548387096,7.032258064516129,72.41774193548386,104.14485846009934,94.43417448050069,9.710683979598656,0.5259301014656145,0.21826766743134593,0.38444193912063135,0.35953878406708595
1191,2022,136,1276,75,1161,63,N,0,1161,1276,0,6,11,-5,0.8275862068965517,7.379310344827586,66.20517241379311,110.62788093439933,99.48175733743066,11.146123596968664,0.5520176544766708,0.1447954373811818,0.30390920554854983,0.20893719806763286,0.5483870967741935,3.161290322580645,68.17822580645162,107.11962243171952,102.48281898723695,4.636803444482567,0.5231326644370122,0.16276126376551023,0.28929765886287623,0.29360780065005415
1192,2022,136,1293,92,1362,87,N,1,1293,1362,1,7,10,-3,0.9310344827586207,14.0,68.82844827586207,110.87035483022507,90.52992823236181,20.340426597863257,0.5293948126801152,0.1578136546385942,0.3106628242074928,0.33805888767720826,0.71875,9.3125,71.21171875,106.72400741626531,93.64680584963412,13.077201566631189,0.5305067218200621,0.16938925519193426,0.2838676318510858,0.2887189292543021
1193,2022,136,1308,70,1163,63,N,0,1163,1308,0,5,12,-7,0.71875,10.03125,69.63828125,107.96863255438257,93.56383993179038,14.404792622592183,0.49593908629441624,0.16379281330984888,0.30609137055837565,0.3683223992502343,0.7931034482758621,6.206896551724138,68.19827586206897,104.91720389331311,95.81595247124257,9.101251422070547,0.5217391304347826,0.19213753002148906,0.35403726708074534,0.3275462962962963
1194,2022,136,1314,95,1266,63,N,0,1266,1314,0,9,8,1,0.6129032258064516,3.5161290322580645,73.11774193548388,101.73604217678071,96.9271832881124,4.808858888668311,0.5257871878393051,0.16588357267332848,0.2681867535287731,0.19254658385093168,0.7272727272727273,5.787878787878788,71.65378787878787,108.18011693433282,100.10255542750812,8.077561506824694,0.5206057596822244,0.15816795830117464,0.29642502482621647,0.28611369990680335
1195,2022,136,1344,66,1355,57,N,0,1344,1355,1,4,13,-9,0.8333333333333334,4.8,68.16166666666666,105.33779983861898,98.29571851236032,7.0420813262586535,0.5026849642004774,0.15991393011712352,0.3854415274463007,0.2852529601722282,0.875,10.96875,72.93828125,117.26523923265603,102.22683990102934,15.038399331626692,0.596903363587827,0.1482417711892546,0.35184196476241325,0.21902654867256638
1196,2022,136,1350,67,1234,63,N,0,1234,1350,0,5,12,-7,0.7428571428571429,12.485714285714286,71.95357142857142,116.424281530749,99.0718221075098,17.352459423239196,0.5361258865248227,0.12190400555914031,0.30363475177304966,0.3088480801335559,0.6571428571428571,3.4285714285714284,68.35857142857144,104.90898831790348,99.89341915529455,5.0155691626089265,0.5152423788105946,0.13583833148732521,0.30884557721139433,0.20542986425339366
1197,2022,136,1388,82,1231,53,N,0,1231,1388,0,12,5,7,0.6060606060606061,5.545454545454546,69.88787878787879,102.28504531067077,94.35025798898668,7.934787321684084,0.5125467164975974,0.16519967046784892,0.3352909770421783,0.24380574826560952,0.7741935483870968,8.35483870967742,66.26854838709677,104.94931425163985,92.34176676037141,12.607547491268434,0.526255707762557,0.15868959390554077,0.23230593607305935,0.248
1198,2022,136,1389,85,1246,79,N,1,1246,1389,0,2,15,-13,0.7878787878787878,13.454545454545455,70.6189393939394,112.51166632695752,93.45934754390292,19.052318783054602,0.533542471042471,0.15748200435542872,0.2717181467181467,0.3650485436893204,0.6206896551724138,3.9310344827586206,68.33362068965518,96.83727150011985,91.08456230209293,5.7527091980269205,0.4781921618204804,0.19226159688142608,0.3748419721871049,0.289010989010989
1199,2022,136,1397,88,1255,56,N,0,1255,1397,0,14,3,11,0.7857142857142857,7.178571428571429,68.59642857142858,107.46082157546728,96.99588691622846,10.464934659238821,0.5166040100250626,0.16712656843859008,0.3583959899749373,0.3123543123543124,0.7878787878787878,10.424242424242424,70.02499999999999,104.50813021323555,89.62167191371047,14.886458299525074,0.503022670025189,0.17006913115445785,0.2957178841309824,0.3148316651501365
1200,2022,136,1417,57,1103,53,N,0,1103,1417,0,13,4,9,0.7096774193548387,5.129032258064516,64.83387096774193,106.87364728711098,98.96260914993657,7.911038137174415,0.5279329608938548,0.16717665497425183,0.40099317194289263,0.27570621468926554,0.78125,11.5625,69.69375,109.58658416285536,92.99614384360147,16.590440319253887,0.5060483870967742,0.12734283920724598,0.29838709677419356,0.29702048417132215
1201,2022,137,1112,87,1460,70,N,0,1112,1460,1,1,16,-15,0.9117647058823529,17.029411764705884,74.12279411764706,114.07937940817601,91.1047843899729,22.974595018203104,0.5591758505031145,0.17459105022468677,0.3512218495448011,0.3387404580152672,0.6060606060606061,3.5454545454545454,70.64924242424243,106.37271196800239,101.35432192757648,5.018390040425913,0.5201030927835052,0.17199781249664903,0.31082474226804124,0.2939424031777557
1202,2022,137,1120,80,1240,61,N,0,1120,1240,1,2,15,-13,0.84375,11.6875,74.54453125,105.59963109299181,89.92108324512402,15.67854784786779,0.5034414945919371,0.15636626596937653,0.316125860373648,0.3108365019011407,0.6551724137931034,4.379310344827586,67.3896551724138,105.35741697794607,98.85892646983575,6.498490508110322,0.5417721518987342,0.1852325640894438,0.32151898734177214,0.2681498829039813
1203,2022,137,1181,78,1168,61,N,0,1168,1181,0,15,2,13,0.6551724137931034,2.896551724137931,67.33793103448275,102.31462515362557,98.01310938140107,4.301515772224505,0.4921334172435494,0.1700122900450635,0.3574575204531152,0.27324913892078073,0.8235294117647058,13.029411764705882,69.50735294117646,115.34962445784407,96.60425261821644,18.745371839627637,0.5556631171345595,0.14260023273035016,0.2855759922555663,0.30592734225621415
1204,2022,137,1222,82,1412,68,N,0,1222,1412,1,5,12,-7,0.8529411764705882,16.941176470588236,66.80441176470588,113.50078147357299,88.1414136967002,25.359367776872787,0.5355218030377266,0.16157791621722764,0.2871141597256247,0.377959927140255,0.78125,11.8125,72.18203125,110.05162728778156,93.68675116080223,16.364876126979325,0.5288509784244857,0.15585596311408875,0.29453085800301054,0.3191278493557978
1205,2022,137,1228,54,1151,53,N,0,1151,1228,0,13,4,9,0.78125,7.3125,67.015625,109.06971321986477,98.15807880624854,10.911634413616227,0.5277927684835402,0.1571461879225927,0.26983270372369134,0.30861504907306436,0.7096774193548387,8.129032258064516,69.1467741935484,109.58456765645774,97.82836882741246,11.756198829045275,0.5312157721796276,0.16421357094539432,0.31653888280394304,0.3169230769230769
1206,2022,137,1235,59,1261,54,N,0,1235,1261,1,11,6,5,0.625,3.46875,68.68515625,96.7730928034396,91.72287498436025,5.05021781907935,0.49888080581980976,0.19108932288408384,0.28147733631785116,0.25752855659397716,0.6666666666666666,9.575757575757576,72.14696969696969,101.35035806539682,88.07778734485584,13.272570720540983,0.49540347293156284,0.19530839826112523,0.3299284984678243,0.3243494423791822
1207,2022,137,1274,68,1425,66,N,0,1274,1425,1,10,7,3,0.696969696969697,3.787878787878788,68.59924242424243,109.0656094355667,103.54385926163157,5.521750173935132,0.5417981072555205,0.1356141842718468,0.2886435331230284,0.20850202429149797,0.7878787878787878,6.666666666666667,69.39090909090909,104.58972007511245,94.98231363815013,9.607406436962322,0.5105020491803278,0.16725621206166208,0.3094262295081967,0.3132075471698113
1208,2022,137,1277,74,1172,73,N,0,1172,1277,0,10,7,3,0.8125,8.8125,66.43984375,112.31965005938173,99.05577178603767,13.263878273344062,0.556157354618016,0.14157543830767966,0.3289623717217788,0.2199349945828819,0.6470588235294118,3.6470588235294117,69.33235294117648,103.97488652271666,98.7146311458024,5.260255376914259,0.5198966408268734,0.18326050990540024,0.30387596899224806,0.28472906403940884
1209,2022,137,1323,78,1104,64,N,0,1104,1323,0,6,11,-5,0.59375,3.5625,75.2234375,106.30828988638015,101.57239889495877,4.735890991421385,0.514691235059761,0.18735849448517955,0.33565737051792827,0.3381818181818182,0.6774193548387096,5.0,66.74354838709678,107.77893236026195,100.2875715908267,7.491360769435246,0.5399074609600926,0.14451076581039607,0.2764603817235396,0.2017353579175705
1210,2022,137,1326,54,1260,41,N,0,1260,1326,0,10,7,3,0.7741935483870968,11.225806451612904,67.21290322580644,109.1380303321175,92.43616817047419,16.701862161643305,0.5628724672228844,0.17229794586292954,0.31942789034564956,0.24046242774566473,0.6333333333333333,5.333333333333333,66.32583333333334,111.26886205726778,103.22775188149413,8.041110175773653,0.5478658536585366,0.16082220351547286,0.33475609756097563,0.2733727810650888
1211,2022,137,1345,78,1463,56,N,0,1345,1463,1,3,14,-11,0.7941176470588235,11.029411764705882,68.65735294117647,116.2207895131407,100.15636044294986,16.06442907019084,0.5696300102774923,0.16535652322916444,0.36279547790339156,0.34083930399181167,0.6206896551724138,2.0344827586206895,71.87241379310345,99.88965120184234,97.05896464040684,2.830686561435499,0.5008955223880597,0.17607829966895358,0.3271641791044776,0.2361863488624052
1212,2022,137,1395,69,1371,42,N,0,1371,1395,0,8,9,-1,0.6666666666666666,5.266666666666667,70.16833333333334,101.99282677371083,94.48706681551506,7.5057599581957675,0.47573083287369,0.16484169022113487,0.30777716492002205,0.31341821743388837,0.625,3.09375,67.97421875,100.17584792028227,95.62448998356453,4.551357936717736,0.48884050081654873,0.19814497684094382,0.31192161132280893,0.36174430128840435
1213,2022,137,1400,81,1439,73,N,0,1400,1439,1,6,11,-5,0.65625,8.71875,65.22734375,104.77776047717718,91.41105029284593,13.366710184331254,0.5005685048322911,0.1667245571378951,0.3234792495736214,0.30303030303030304,0.6571428571428571,8.457142857142857,64.45785714285715,109.75055684223356,96.63013486109418,13.120421981139387,0.5519648397104446,0.16178898726742832,0.23733195449844882,0.2625754527162978
1214,2022,137,1403,97,1286,62,N,0,1286,1403,0,14,3,11,0.78125,6.53125,70.40234375,107.06319702602231,97.78616212617212,9.277034899850193,0.5413555427914991,0.17799478444210176,0.40493968983342904,0.24944320712694878,0.7352941176470589,11.382352941176471,68.60514705882352,104.5196831827487,87.92857678745592,16.59110639529277,0.5237206823027718,0.1907762880078883,0.36087420042643925,0.3186022610483042
1215,2022,137,1437,80,1174,60,N,0,1174,1437,0,15,2,13,0.6363636363636364,2.8181818181818183,68.81136363636364,106.3073179861501,102.21179993614514,4.095518050004955,0.5354785478547854,0.17659169226365448,0.34598459845984597,0.2559585492227979,0.7878787878787878,9.545454545454545,65.11666666666666,111.54803732228866,96.88903366917188,14.659003653116784,0.5196447793326158,0.14426321055448263,0.30462863293864373,0.2926829268292683
1216,2022,137,1458,67,1159,60,N,0,1159,1458,0,14,3,11,0.6666666666666666,7.787878787878788,68.59772727272727,109.95151796265006,98.59854885200279,11.352969110647265,0.5589005235602095,0.1590299175032303,0.2675392670157068,0.24776119402985075,0.7741935483870968,4.161290322580645,68.28306451612903,103.5537551227693,97.45957884045305,6.094176282316255,0.4818780889621087,0.12330077594453827,0.3234486545853926,0.24019607843137256
1217,2022,138,1116,53,1308,48,N,0,1116,1308,1,4,12,-8,0.7575757575757576,8.393939393939394,73.97121212121213,104.01261752114868,92.66504168288236,11.347575838266323,0.492,0.16427357079945104,0.379,0.29038112522686027,0.7931034482758621,6.206896551724138,68.19827586206897,104.91720389331311,95.81595247124257,9.101251422070547,0.5217391304347826,0.19213753002148906,0.35403726708074534,0.3275462962962963
1218,2022,138,1211,82,1272,78,N,0,1211,1272,1,1,9,-8,0.896551724137931,22.482758620689655,74.58706896551725,117.75175968839935,87.60878861779221,30.142971070607132,0.5940949227373068,0.1558003259324326,0.29746136865342165,0.2768878718535469,0.6774193548387096,7.032258064516129,72.41774193548386,104.14485846009934,94.43417448050069,9.710683979598656,0.5259301014656145,0.21826766743134593,0.38444193912063135,0.35953878406708595
1219,2022,138,1242,79,1166,72,N,0,1166,1242,0,9,1,8,0.6666666666666666,3.090909090909091,69.35606060606061,99.53031130529766,95.07373020207537,4.456581103222291,0.509009009009009,0.19268159475696342,0.25967143614202437,0.265625,0.8235294117647058,10.441176470588236,70.9235294117647,110.80700008293937,96.08526167371652,14.721738409222851,0.5409876543209876,0.16961101434851122,0.3279012345679012,0.32159847764034255
1220,2022,138,1276,76,1397,68,N,0,1276,1397,1,11,3,8,0.5483870967741935,3.161290322580645,68.17822580645162,107.11962243171952,102.48281898723695,4.636803444482567,0.5231326644370122,0.16276126376551023,0.28929765886287623,0.29360780065005415,0.7878787878787878,10.424242424242424,70.02499999999999,104.50813021323555,89.62167191371047,14.886458299525074,0.503022670025189,0.17006913115445785,0.2957178841309824,0.3148316651501365
1221,2022,138,1314,93,1124,86,N,1,1124,1314,0,1,8,-7,0.8125,12.875,70.159375,109.0374593559307,90.68638368001426,18.351075675916434,0.528747433264887,0.17103915193087169,0.28542094455852157,0.34479371316306484,0.7272727272727273,5.787878787878788,71.65378787878787,108.18011693433282,100.10255542750812,8.077561506824694,0.5206057596822244,0.15816795830117464,0.29642502482621647,0.28611369990680335
1222,2022,138,1344,79,1350,51,N,0,1344,1350,1,4,12,-8,0.8333333333333334,4.8,68.16166666666666,105.33779983861898,98.29571851236032,7.0420813262586535,0.5026849642004774,0.15991393011712352,0.3854415274463007,0.2852529601722282,0.6571428571428571,3.4285714285714284,68.35857142857144,104.90898831790348,99.89341915529455,5.0155691626089265,0.5152423788105946,0.13583833148732521,0.30884557721139433,0.20542986425339366
1223,2022,138,1389,70,1293,60,N,0,1293,1389,0,7,15,-8,0.9310344827586207,14.0,68.82844827586207,110.87035483022507,90.52992823236181,20.340426597863257,0.5293948126801152,0.1578136546385942,0.3106628242074928,0.33805888767720826,0.6206896551724138,3.9310344827586206,68.33362068965518,96.83727150011985,91.08456230209293,5.7527091980269205,0.4781921618204804,0.19226159688142608,0.3748419721871049,0.289010989010989
1224,2022,138,1417,72,1388,56,N,0,1388,1417,0,5,4,1,0.7741935483870968,8.35483870967742,66.26854838709677,104.94931425163985,92.34176676037141,12.607547491268434,0.526255707762557,0.15868959390554077,0.23230593607305935,0.248,0.78125,11.5625,69.69375,109.58658416285536,92.99614384360147,16.590440319253887,0.5060483870967742,0.12734283920724598,0.29838709677419356,0.29702048417132215
1225,2022,139,1112,85,1395,80,N,1,1112,1395,1,1,9,-8,0.9117647058823529,17.029411764705884,74.12279411764706,114.07937940817601,91.1047843899729,22.974595018203104,0.5591758505031145,0.17459105022468677,0.3512218495448011,0.3387404580152672,0.625,3.09375,67.97421875,100.17584792028227,95.62448998356453,4.551357936717736,0.48884050081654873,0.19814497684094382,0.31192161132280893,0.36174430128840435
1226,2022,139,1181,85,1277,76,N,0,1181,1277,1,2,7,-5,0.8235294117647058,13.029411764705882,69.50735294117646,115.34962445784407,96.60425261821644,18.745371839627637,0.5556631171345595,0.14260023273035016,0.2855759922555663,0.30592734225621415,0.6470588235294118,3.6470588235294117,69.33235294117648,103.97488652271666,98.7146311458024,5.260255376914259,0.5198966408268734,0.18326050990540024,0.30387596899224806,0.28472906403940884
1227,2022,139,1222,68,1228,53,N,0,1222,1228,1,5,4,1,0.8529411764705882,16.941176470588236,66.80441176470588,113.50078147357299,88.1414136967002,25.359367776872787,0.5355218030377266,0.16157791621722764,0.2871141597256247,0.377959927140255,0.7096774193548387,8.129032258064516,69.1467741935484,109.58456765645774,97.82836882741246,11.756198829045275,0.5312157721796276,0.16421357094539432,0.31653888280394304,0.3169230769230769
1228,2022,139,1235,54,1458,49,N,0,1235,1458,1,11,3,8,0.625,3.46875,68.68515625,96.7730928034396,91.72287498436025,5.05021781907935,0.49888080581980976,0.19108932288408384,0.28147733631785116,0.25752855659397716,0.7741935483870968,4.161290322580645,68.28306451612903,103.5537551227693,97.45957884045305,6.094176282316255,0.4818780889621087,0.12330077594453827,0.3234486545853926,0.24019607843137256
1229,2022,139,1274,79,1120,61,N,0,1120,1274,0,2,10,-8,0.84375,11.6875,74.54453125,105.59963109299181,89.92108324512402,15.67854784786779,0.5034414945919371,0.15636626596937653,0.316125860373648,0.3108365019011407,0.696969696969697,3.787878787878788,68.59924242424243,109.0656094355667,103.54385926163157,5.521750173935132,0.5417981072555205,0.1356141842718468,0.2886435331230284,0.20850202429149797
1230,2022,139,1345,81,1400,71,N,0,1345,1400,1,3,6,-3,0.7941176470588235,11.029411764705882,68.65735294117647,116.2207895131407,100.15636044294986,16.06442907019084,0.5696300102774923,0.16535652322916444,0.36279547790339156,0.34083930399181167,0.65625,8.71875,65.22734375,104.77776047717718,91.41105029284593,13.366710184331254,0.5005685048322911,0.1667245571378951,0.3234792495736214,0.30303030303030304
1231,2022,139,1403,59,1323,53,N,0,1323,1403,0,11,3,8,0.6774193548387096,5.0,66.74354838709678,107.77893236026195,100.2875715908267,7.491360769435246,0.5399074609600926,0.14451076581039607,0.2764603817235396,0.2017353579175705,0.7352941176470589,11.382352941176471,68.60514705882352,104.5196831827487,87.92857678745592,16.59110639529277,0.5237206823027718,0.1907762880078883,0.36087420042643925,0.3186022610483042
1232,2022,139,1437,71,1326,61,N,0,1326,1437,0,7,2,5,0.6333333333333333,5.333333333333333,66.32583333333334,111.26886205726778,103.22775188149413,8.041110175773653,0.5478658536585366,0.16082220351547286,0.33475609756097563,0.2733727810650888,0.7878787878787878,9.545454545454545,65.11666666666666,111.54803732228866,96.88903366917188,14.659003653116784,0.5196447793326158,0.14426321055448263,0.30462863293864373,0.2926829268292683
1233,2022,143,1116,74,1211,68,N,0,1116,1211,1,4,1,3,0.7575757575757576,8.393939393939394,73.97121212121213,104.01261752114868,92.66504168288236,11.347575838266323,0.492,0.16427357079945104,0.379,0.29038112522686027,0.896551724137931,22.482758620689655,74.58706896551725,117.75175968839935,87.60878861779221,30.142971070607132,0.5940949227373068,0.1558003259324326,0.29746136865342165,0.2768878718535469
1234,2022,143,1181,78,1403,73,N,0,1181,1403,1,2,3,-1,0.8235294117647058,13.029411764705882,69.50735294117646,115.34962445784407,96.60425261821644,18.745371839627637,0.5556631171345595,0.14260023273035016,0.2855759922555663,0.30592734225621415,0.7352941176470589,11.382352941176471,68.60514705882352,104.5196831827487,87.92857678745592,16.59110639529277,0.5237206823027718,0.1907762880078883,0.36087420042643925,0.3186022610483042
1235,2022,143,1222,72,1112,60,N,0,1112,1222,0,1,5,-4,0.9117647058823529,17.029411764705884,74.12279411764706,114.07937940817601,91.1047843899729,22.974595018203104,0.5591758505031145,0.17459105022468677,0.3512218495448011,0.3387404580152672,0.8529411764705882,16.941176470588236,66.80441176470588,113.50078147357299,88.1414136967002,25.359367776872787,0.5355218030377266,0.16157791621722764,0.2871141597256247,0.377959927140255
1236,2022,143,1437,63,1276,55,N,0,1276,1437,0,11,2,9,0.5483870967741935,3.161290322580645,68.17822580645162,107.11962243171952,102.48281898723695,4.636803444482567,0.5231326644370122,0.16276126376551023,0.28929765886287623,0.29360780065005415,0.7878787878787878,9.545454545454545,65.11666666666666,111.54803732228866,96.88903366917188,14.659003653116784,0.5196447793326158,0.14426321055448263,0.30462863293864373,0.2926829268292683
1237,2022,144,1242,66,1344,61,N,0,1242,1344,1,1,4,-3,0.8235294117647058,10.441176470588236,70.9235294117647,110.80700008293937,96.08526167371652,14.721738409222851,0.5409876543209876,0.16961101434851122,0.3279012345679012,0.32159847764034255,0.8333333333333334,4.8,68.16166666666666,105.33779983861898,98.29571851236032,7.0420813262586535,0.5026849642004774,0.15991393011712352,0.3854415274463007,0.2852529601722282
1238,2022,144,1274,70,1235,56,N,0,1235,1274,0,11,10,1,0.625,3.46875,68.68515625,96.7730928034396,91.72287498436025,5.05021781907935,0.49888080581980976,0.19108932288408384,0.28147733631785116,0.25752855659397716,0.696969696969697,3.787878787878788,68.59924242424243,109.0656094355667,103.54385926163157,5.521750173935132,0.5417981072555205,0.1356141842718468,0.2886435331230284,0.20850202429149797
1239,2022,144,1314,73,1417,66,N,0,1314,1417,1,8,4,4,0.7272727272727273,5.787878787878788,71.65378787878787,108.18011693433282,100.10255542750812,8.077561506824694,0.5206057596822244,0.15816795830117464,0.29642502482621647,0.28611369990680335,0.78125,11.5625,69.69375,109.58658416285536,92.99614384360147,16.590440319253887,0.5060483870967742,0.12734283920724598,0.29838709677419356,0.29702048417132215
1240,2022,144,1389,67,1345,64,N,0,1345,1389,0,3,15,-12,0.7941176470588235,11.029411764705882,68.65735294117647,116.2207895131407,100.15636044294986,16.06442907019084,0.5696300102774923,0.16535652322916444,0.36279547790339156,0.34083930399181167,0.6206896551724138,3.9310344827586206,68.33362068965518,96.83727150011985,91.08456230209293,5.7527091980269205,0.4781921618204804,0.19226159688142608,0.3748419721871049,0.289010989010989
1241,2022,145,1181,78,1116,69,N,0,1116,1181,0,4,2,2,0.7575757575757576,8.393939393939394,73.97121212121213,104.01261752114868,92.66504168288236,11.347575838266323,0.492,0.16427357079945104,0.379,0.29038112522686027,0.8235294117647058,13.029411764705882,69.50735294117646,115.34962445784407,96.60425261821644,18.745371839627637,0.5556631171345595,0.14260023273035016,0.2855759922555663,0.30592734225621415
1242,2022,145,1437,50,1222,44,N,0,1222,1437,0,5,2,3,0.8529411764705882,16.941176470588236,66.80441176470588,113.50078147357299,88.1414136967002,25.359367776872787,0.5355218030377266,0.16157791621722764,0.2871141597256247,0.377959927140255,0.7878787878787878,9.545454545454545,65.11666666666666,111.54803732228866,96.88903366917188,14.659003653116784,0.5196447793326158,0.14426321055448263,0.30462863293864373,0.2926829268292683
1243,2022,146,1242,76,1274,50,N,0,1242,1274,1,1,10,-9,0.8235294117647058,10.441176470588236,70.9235294117647,110.80700008293937,96.08526167371652,14.721738409222851,0.5409876543209876,0.16961101434851122,0.3279012345679012,0.32159847764034255,0.696969696969697,3.787878787878788,68.59924242424243,109.0656094355667,103.54385926163157,5.521750173935132,0.5417981072555205,0.1356141842718468,0.2886435331230284,0.20850202429149797
1244,2022,146,1314,69,1389,49,N,0,1314,1389,1,8,15,-7,0.7272727272727273,5.787878787878788,71.65378787878787,108.18011693433282,100.10255542750812,8.077561506824694,0.5206057596822244,0.15816795830117464,0.29642502482621647,0.28611369990680335,0.6206896551724138,3.9310344827586206,68.33362068965518,96.83727150011985,91.08456230209293,5.7527091980269205,0.4781921618204804,0.19226159688142608,0.3748419721871049,0.289010989010989
1245,2022,152,1242,81,1437,65,N,0,1242,1437,1,1,2,-1,0.8235294117647058,10.441176470588236,70.9235294117647,110.80700008293937,96.08526167371652,14.721738409222851,0.5409876543209876,0.16961101434851122,0.3279012345679012,0.32159847764034255,0.7878787878787878,9.545454545454545,65.11666666666666,111.54803732228866,96.88903366917188,14.659003653116784,0.5196447793326158,0.14426321055448263,0.30462863293864373,0.2926829268292683
1246,2022,152,1314,81,1181,77,N,0,1181,1314,0,2,8,-6,0.8235294117647058,13.029411764705882,69.50735294117646,115.34962445784407,96.60425261821644,18.745371839627637,0.5556631171345595,0.14260023273035016,0.2855759922555663,0.30592734225621415,0.7272727272727273,5.787878787878788,71.65378787878787,108.18011693433282,100.10255542750812,8.077561506824694,0.5206057596822244,0.15816795830117464,0.29642502482621647,0.28611369990680335
1247,2022,154,1242,72,1314,69,N,0,1242,1314,1,1,8,-7,0.8235294117647058,10.441176470588236,70.9235294117647,110.80700008293937,96.08526167371652,14.721738409222851,0.5409876543209876,0.16961101434851122,0.3279012345679012,0.32159847764034255,0.7272727272727273,5.787878787878788,71.65378787878787,108.18011693433282,100.10255542750812,8.077561506824694,0.5206057596822244,0.15816795830117464,0.29642502482621647,0.28611369990680335
1248,2023,134,1338,60,1280,59,N,0,1280,1338,0,11,11,0,0.6363636363636364,4.909090909090909,66.50909090909092,99.09786768726079,91.7167851284855,7.38108255877529,0.4687666844634277,0.18179332968835427,0.3459690336358783,0.3496821071752952,0.6666666666666666,5.636363636363637,68.92424242424242,110.4418553528248,102.2642338975599,8.177621455264898,0.5323590814196242,0.15519894482303803,0.3235908141962422,0.2811284046692607
1249,2023,134,1394,75,1369,71,N,0,1369,1394,0,16,16,0,0.5151515151515151,-0.48484848484848486,76.375,101.09606705351386,101.73089322025493,-0.634826166741064,0.5,0.16267420522739673,0.3826913456728364,0.22743682310469315,0.6551724137931034,5.344827586206897,72.56810344827586,107.8653821024246,100.50012473419737,7.365257368227233,0.5123138602520045,0.16963850841658848,0.34421534936998854,0.3037433155080214
1250,2023,135,1113,98,1305,73,N,0,1113,1305,1,11,11,0,0.6470588235294118,2.6176470588235294,71.4904411764706,98.36773735690703,94.7062030094521,3.661534347454932,0.47543774319066145,0.16127207462947535,0.30787937743190663,0.2727272727272727,0.6774193548387096,4.516129032258065,68.4475806451613,104.90721649484536,98.30927835051547,6.597938144329888,0.5047534165181224,0.14703976435935198,0.39512774806892453,0.20257234726688103
1251,2023,135,1192,84,1411,61,N,0,1192,1411,1,16,16,0,0.53125,0.3125,71.0390625,107.37930276036512,106.93940393709447,0.4398988232706529,0.5147133434804668,0.15704387990762125,0.27904616945712835,0.2995260663507109,0.375,-4.96875,73.2984375,92.68615036984929,99.4649442561446,-6.778793886295318,0.46178343949044587,0.19099997868303809,0.3492569002123142,0.2728102189781022
1252,2023,136,1104,96,1394,75,N,0,1104,1394,1,1,16,-15,0.8529411764705882,13.676470588235293,75.3845588235294,109.00968563151685,90.86741511660799,18.14227051490886,0.5271867612293144,0.18025223608361052,0.36737588652482267,0.32430143945808637,0.6551724137931034,5.344827586206897,72.56810344827586,107.8653821024246,100.50012473419737,7.365257368227233,0.5123138602520045,0.16963850841658848,0.34421534936998854,0.3037433155080214
1253,2023,136,1116,73,1228,63,N,0,1116,1228,1,8,9,-1,0.6060606060606061,7.03030303030303,71.23636363636365,104.47507231580738,94.6060915433044,9.86898077250298,0.520234291799787,0.17568487323464352,0.3876464323748669,0.2891809908998989,0.625,7.6875,70.92109375,105.26663655691294,94.42712521618436,10.839511340728578,0.5155755015839493,0.17493032529549787,0.3384371700105597,0.31467181467181465
1254,2023,136,1120,83,1234,75,N,0,1120,1234,1,9,8,1,0.625,5.65625,70.49609375,103.15287859478029,95.12938438521638,8.023494209563907,0.496,0.16844904970355185,0.3546666666666667,0.3128103277060576,0.59375,5.8125,71.6453125,111.9665016465662,103.85361917431793,8.112882472248273,0.5186660029865605,0.13347000196279415,0.3255350920856147,0.30300272975432213
1255,2023,136,1181,74,1331,51,N,0,1181,1331,1,5,12,-7,0.7647058823529411,8.588235294117647,66.74779411764706,108.66188571995109,95.79519041166814,12.866695308282942,0.5107197549770292,0.17273097811119556,0.30781010719754975,0.3511450381679389,0.8666666666666667,12.533333333333333,71.73083333333334,114.96683202249147,97.4941041160821,17.472727906409375,0.5605416887944769,0.1236102559336408,0.2458842272968667,0.22557172557172558
1256,2023,136,1202,68,1438,67,N,0,1202,1438,1,13,4,9,0.7741935483870968,9.0,70.15080645161291,114.59183556163563,101.76233230252795,12.829503259107682,0.5562568605927553,0.15128697391564255,0.34742041712403954,0.28764278296988577,0.78125,7.5625,63.42890625,106.9110347460863,94.98823732279004,11.92279742329626,0.5131502045587376,0.12809617066351353,0.34541203974284046,0.2359192348565356
1257,2023,136,1222,63,1297,52,N,0,1222,1297,1,1,16,-15,0.9117647058823529,18.529411764705884,65.44338235294117,114.64782085997102,86.33416851117379,28.313652348797234,0.5268870251603355,0.14426480006291925,0.28465712876171684,0.37068160597572364,0.625,2.46875,64.8,103.68441358024691,99.87461419753087,3.8097993827160366,0.49751381215469614,0.1625192901234568,0.2740331491712707,0.30353634577603145
1258,2023,136,1242,96,1224,68,N,0,1224,1242,0,16,1,15,0.6129032258064516,1.0,72.51048387096773,101.52035856883877,100.14124765050661,1.3791109183321595,0.5204024594745668,0.2175436255046545,0.32811626607043043,0.3198757763975155,0.7941176470588235,7.0,71.36691176470588,105.00829392431407,95.19982690940563,9.808467014908445,0.5242694403169886,0.1689693897526247,0.2976721149083705,0.26666666666666666
1259,2023,136,1268,67,1452,65,N,0,1268,1452,1,8,9,-1,0.6363636363636364,7.212121212121212,65.48712121212121,107.44652545608089,96.43348796316648,11.013037492914407,0.5109529025191676,0.15270178036393925,0.3378970427163198,0.2882882882882883,0.5757575757575758,5.2727272727272725,70.89924242424243,107.62178507698718,100.18485473409768,7.436930342889497,0.5166051660516605,0.17566542361652793,0.39694254085397995,0.32023575638506874
1260,2023,136,1281,76,1429,65,N,0,1281,1429,1,7,10,-3,0.7272727272727273,4.909090909090909,71.08863636363637,111.81090614576338,104.90531453477838,6.905591610984999,0.551314459049545,0.15004742265843962,0.29474216380182,0.2546341463414634,0.7575757575757576,7.96969696969697,69.89545454545456,111.20504649801651,99.80273568749864,11.402310810517875,0.5564559697460832,0.16778305261104245,0.35548352242031334,0.2557651991614256
1261,2023,136,1321,75,1129,67,N,0,1129,1321,0,10,7,3,0.71875,7.03125,68.065625,105.32115146228365,94.99104724300997,10.330104219273679,0.5190187431091511,0.1565584683898811,0.3065049614112459,0.24896694214876033,0.65625,5.1875,66.39765625,101.89553942274883,94.0827636517667,7.812775770982128,0.4717133620689655,0.1374295497064326,0.296875,0.26635514018691586
1262,2023,136,1336,76,1401,59,N,0,1336,1401,1,10,7,3,0.6285714285714286,3.914285714285714,66.02357142857143,109.52798243051724,103.59936386355523,5.928618566962015,0.5553884711779449,0.12809278071684357,0.21403508771929824,0.17329545454545456,0.7352941176470589,7.029411764705882,68.13235294117646,107.48974746384631,97.17245845024821,10.3172890135981,0.49038974906567007,0.17483272177854522,0.4591564335290977,0.3578336557059961
1263,2023,136,1343,59,1112,55,N,0,1112,1343,0,2,15,-13,0.8235294117647058,11.176470588235293,73.82720588235294,111.9864548578258,96.84776654549076,15.138688312335049,0.5682382133995038,0.1776803944026692,0.36476426799007444,0.2904162633107454,0.7037037037037037,6.074074074074074,70.5101851851852,106.31508450315819,97.70062113432522,8.614463368832972,0.5246367656348705,0.1591574634607556,0.3215413771320278,0.2644628099173554
1264,2023,136,1361,63,1158,57,N,0,1158,1361,0,12,5,7,0.9090909090909091,12.969696969696969,72.80227272727272,110.34454052591599,92.52957887178847,17.814961654127515,0.514882381180989,0.16066764482460796,0.32693230916946714,0.3436123348017621,0.8125,7.53125,67.79375,105.23647091361666,94.12740850004609,11.10906241357057,0.5013743815283123,0.16087397437079376,0.34304562946673994,0.30697190426638915
1265,2023,136,1397,58,1418,55,N,0,1397,1418,1,4,13,-9,0.696969696969697,13.757575757575758,66.92651515151515,107.26373340275971,86.7074923876255,20.556241015134205,0.5031071983428276,0.16933995902335217,0.3091662351113413,0.3588290840415486,0.7666666666666667,5.033333333333333,69.79166666666667,108.27462686567164,101.06268656716418,7.211940298507457,0.5304347826086957,0.16811940298507463,0.37681159420289856,0.3208791208791209
1266,2023,136,1400,81,1159,61,N,0,1159,1400,0,15,2,13,0.7575757575757576,8.909090909090908,68.45,114.17314120016823,101.15766872523629,13.01547247493194,0.5861797162375197,0.1425504128206831,0.2764056752496059,0.22808870116156282,0.7647058823529411,10.441176470588236,71.64264705882353,108.66843196420142,94.0944639448242,14.573968019377219,0.5281036168132942,0.15395036640187204,0.31573802541544477,0.27340823970037453
1267,2023,136,1417,86,1421,53,N,0,1417,1421,1,2,15,-13,0.8529411764705882,13.617647058823529,68.02794117647058,108.64912773730518,88.63140145701378,20.0177262802914,0.5084459459459459,0.13921615253248018,0.27123552123552125,0.3192660550458716,0.78125,3.71875,70.18203125,103.97070118998587,98.67198022998231,5.298720960003564,0.5394736842105263,0.18656841027239435,0.41345029239766085,0.23347547974413646
1268,2023,137,1124,74,1364,56,N,0,1124,1364,1,3,14,-11,0.6875,6.90625,69.98046875,110.25397711415016,100.38515210717276,9.868825006977403,0.5306565382528486,0.17102986324309238,0.3716766142159523,0.32231404958677684,0.78125,6.0625,66.0015625,108.80424232380861,99.61885372031911,9.1853886034895,0.5417152858809802,0.1557728273478374,0.34889148191365227,0.24826789838337182
1269,2023,137,1163,87,1233,63,N,0,1163,1233,1,4,13,-9,0.7575757575757576,13.424242424242424,69.54318181818182,112.81414425308016,93.51068117694477,19.303463076135387,0.5348308934881373,0.17734784361144698,0.31448763250883394,0.38025415444770283,0.7941176470588235,11.382352941176471,69.54191176470589,109.83642957590111,93.46881377078994,16.36761580511117,0.5185185185185185,0.14802753312116051,0.29004329004329005,0.32172318973418884
1270,2023,137,1166,72,1301,63,N,0,1166,1301,1,6,11,-5,0.6363636363636364,8.151515151515152,70.19242424242424,109.18039156431455,97.56729337103633,11.61309819327822,0.5429747812660833,0.1562803548686511,0.281008749356665,0.24433497536945814,0.696969696969697,7.393939393939394,70.98787878787878,110.13403910185265,99.71826176043713,10.41577734141552,0.5181861124232404,0.12848971228549474,0.2531884742560227,0.29333333333333333
1271,2023,137,1192,63,1345,58,N,0,1192,1345,1,16,1,15,0.53125,0.3125,71.0390625,107.37930276036512,106.93940393709447,0.4398988232706529,0.5147133434804668,0.15704387990762125,0.27904616945712835,0.2995260663507109,0.8529411764705882,10.352941176470589,64.55808823529412,113.21313454595155,97.17650542716888,16.03662911878267,0.5215082315454063,0.1612774632968485,0.3722782793414764,0.3776435045317221
1272,2023,137,1194,66,1272,65,N,0,1194,1272,1,9,8,1,0.90625,12.875,69.91953125,111.78028313798227,93.36625808686324,18.414025051119026,0.5498164656528579,0.15866453624143825,0.2952281069743052,0.2888229475766568,0.7647058823529411,7.852941176470588,74.74191176470588,106.75953526350482,96.25279146868145,10.506743794823365,0.531648675171737,0.177473462601698,0.35868498527968595,0.28696498054474706
1273,2023,137,1211,82,1213,70,N,0,1211,1213,1,3,14,-11,0.84375,12.625,72.55390625,119.22169938300186,101.8208444152516,17.400854967750263,0.5850738665308202,0.1404128395912522,0.3418237391747326,0.29545454545454547,0.65625,3.625,67.53203125,107.07881676519244,101.71099362571002,5.367823139482425,0.5289896670493686,0.16890133154405895,0.378300803673938,0.27939590075512405
1274,2023,137,1231,71,1245,60,N,0,1231,1245,1,4,13,-9,0.6666666666666666,6.575757575757576,69.82045454545454,107.46177967297072,98.04368347384526,9.418096199125458,0.5383211678832117,0.1601510367501058,0.30083420229405633,0.2614445574771109,0.8125,9.375,71.00234375,106.64260642804486,93.43881694046192,13.203789487582938,0.512973533990659,0.15448433700472036,0.3201868188894655,0.2934249263984298
1275,2023,137,1243,77,1286,65,N,0,1243,1286,1,3,14,-11,0.71875,6.46875,72.79453125,103.71658241840797,94.83026927245993,8.886313145948037,0.5151515151515151,0.18802923468237867,0.3695887445887446,0.2902892561983471,0.71875,4.09375,68.12265625,104.26964230420771,98.26026124751998,6.0093810566877295,0.5092537313432836,0.16927187861967727,0.4435820895522388,0.23898678414096916
1276,2023,137,1246,61,1344,53,N,0,1246,1344,1,6,11,-5,0.65625,7.03125,68.21640625,110.03584639875396,99.72857519154344,10.307271207210519,0.5117248566961959,0.1585029261197705,0.32464825429911415,0.37168141592920356,0.65625,6.78125,70.9171875,110.11963778174368,100.55742833851103,9.562209443232646,0.5146061554512259,0.15511049419437284,0.368283776734481,0.3284313725490196
1277,2023,137,1266,78,1436,61,N,0,1266,1436,1,2,15,-13,0.8235294117647058,9.352941176470589,71.75073529411765,111.41513204414794,98.37980754450149,13.03532449964645,0.5602613746369797,0.14674987958721472,0.27057115198451115,0.23832221163012393,0.6875,5.4375,66.65234375,108.2576334759421,100.0996307800504,8.158002695891696,0.5494938132733408,0.13315360722030123,0.2840269966254218,0.17827004219409281
1278,2023,137,1274,63,1179,56,N,0,1179,1274,0,12,5,7,0.7878787878787878,9.454545454545455,68.20681818181818,108.27141159352682,94.40982750769163,13.86158408583519,0.5305423907319642,0.14483578243532927,0.2880463401790416,0.23283582089552238,0.78125,7.28125,70.084375,113.30093191242699,102.91166897043743,10.389262941989557,0.5495283018867925,0.15606188968653856,0.29979035639413,0.3014705882352941
1279,2023,137,1277,72,1425,62,N,0,1277,1425,1,7,10,-3,0.6129032258064516,2.838709677419355,67.43709677419355,104.13527540599362,99.92585683193417,4.209418574059455,0.5155104342921601,0.15306976632943484,0.25831923293852227,0.23939064200217627,0.6875,5.53125,69.8,104.2711318051576,96.34670487106017,7.924426934097426,0.5137287204832509,0.16878581661891118,0.3382756727073037,0.2693920335429769
1280,2023,137,1338,59,1235,41,N,0,1235,1338,0,6,11,-5,0.59375,5.6875,67.1359375,101.93869713966532,93.46707938650593,8.471617753159393,0.5074094401756312,0.18665487467125935,0.27771679473106475,0.31947261663286003,0.6666666666666666,5.636363636363637,68.92424242424242,110.4418553528248,102.2642338975599,8.177621455264898,0.5323590814196242,0.15519894482303803,0.3235908141962422,0.2811284046692607
1281,2023,137,1388,63,1433,51,N,0,1388,1433,1,5,12,-7,0.78125,10.96875,64.71875,109.65717044905843,92.70883631096089,16.948334138097536,0.5244988864142539,0.14630613230323516,0.311804008908686,0.310126582278481,0.7941176470588235,8.529411764705882,68.94117647058823,103.62627986348123,91.25426621160409,12.37201365187714,0.5222772277227723,0.1864334470989761,0.41804180418041803,0.26745329400196655
1282,2023,137,1395,72,1113,70,N,0,1113,1395,0,11,6,5,0.6470588235294118,2.6176470588235294,71.4904411764706,98.36773735690703,94.7062030094521,3.661534347454932,0.47543774319066145,0.16127207462947535,0.30787937743190663,0.2727272727272727,0.6363636363636364,7.2727272727272725,71.75909090909092,104.76974726040412,94.63482612275922,10.134921137644895,0.5022533800701051,0.16342560334452397,0.33950926389584374,0.3120960295475531
1283,2023,137,1462,72,1244,67,N,0,1244,1462,0,14,3,11,0.7419354838709677,2.903225806451613,71.1766129032258,103.60416501433282,99.52526087991026,4.078904134422558,0.5292946530147895,0.16950112736378162,0.3646188850967008,0.24287222808870115,0.7352941176470589,7.352941176470588,73.32352941176471,111.03088648215002,101.00280786201364,10.028078620136384,0.5563312469908522,0.1684717208182912,0.30813673567645644,0.3001949317738791
1284,2023,138,1104,73,1268,51,N,0,1104,1268,1,1,8,-7,0.8529411764705882,13.676470588235293,75.3845588235294,109.00968563151685,90.86741511660799,18.14227051490886,0.5271867612293144,0.18025223608361052,0.36737588652482267,0.32430143945808637,0.6363636363636364,7.212121212121212,65.48712121212121,107.44652545608089,96.43348796316648,11.013037492914407,0.5109529025191676,0.15270178036393925,0.3378970427163198,0.2882882882882883
1285,2023,138,1116,72,1242,71,N,0,1116,1242,1,8,1,7,0.6060606060606061,7.03030303030303,71.23636363636365,104.47507231580738,94.6060915433044,9.86898077250298,0.520234291799787,0.17568487323464352,0.3876464323748669,0.2891809908998989,0.7941176470588235,7.0,71.36691176470588,105.00829392431407,95.19982690940563,9.808467014908445,0.5242694403169886,0.1689693897526247,0.2976721149083705,0.26666666666666666
1286,2023,138,1222,81,1120,64,N,0,1120,1222,0,9,1,8,0.625,5.65625,70.49609375,103.15287859478029,95.12938438521638,8.023494209563907,0.496,0.16844904970355185,0.3546666666666667,0.3128103277060576,0.9117647058823529,18.529411764705884,65.44338235294117,114.64782085997102,86.33416851117379,28.313652348797234,0.5268870251603355,0.14426480006291925,0.28465712876171684,0.37068160597572364
1287,2023,138,1343,78,1281,63,N,0,1281,1343,0,7,15,-8,0.7272727272727273,4.909090909090909,71.08863636363637,111.81090614576338,104.90531453477838,6.905591610984999,0.551314459049545,0.15004742265843962,0.29474216380182,0.2546341463414634,0.7037037037037037,6.074074074074074,70.5101851851852,106.31508450315819,97.70062113432522,8.614463368832972,0.5246367656348705,0.1591574634607556,0.3215413771320278,0.2644628099173554
1288,2023,138,1361,75,1202,52,N,0,1202,1361,0,13,5,8,0.7741935483870968,9.0,70.15080645161291,114.59183556163563,101.76233230252795,12.829503259107682,0.5562568605927553,0.15128697391564255,0.34742041712403954,0.28764278296988577,0.8125,7.53125,67.79375,105.23647091361666,94.12740850004609,11.10906241357057,0.5013743815283123,0.16087397437079376,0.34304562946673994,0.30697190426638915
1289,2023,138,1397,65,1181,52,N,0,1181,1397,0,5,4,1,0.7647058823529411,8.588235294117647,66.74779411764706,108.66188571995109,95.79519041166814,12.866695308282942,0.5107197549770292,0.17273097811119556,0.30781010719754975,0.3511450381679389,0.696969696969697,13.757575757575758,66.92651515151515,107.26373340275971,86.7074923876255,20.556241015134205,0.5031071983428276,0.16933995902335217,0.3091662351113413,0.3588290840415486
1290,2023,138,1400,71,1336,66,N,0,1336,1400,0,10,2,8,0.6285714285714286,3.914285714285714,66.02357142857143,109.52798243051724,103.59936386355523,5.928618566962015,0.5553884711779449,0.12809278071684357,0.21403508771929824,0.17329545454545456,0.7647058823529411,10.441176470588236,71.64264705882353,108.66843196420142,94.0944639448242,14.573968019377219,0.5281036168132942,0.15395036640187204,0.31573802541544477,0.27340823970037453
1291,2023,138,1417,68,1321,63,N,0,1321,1417,0,7,2,5,0.65625,5.1875,66.39765625,101.89553942274883,94.0827636517667,7.812775770982128,0.4717133620689655,0.1374295497064326,0.296875,0.26635514018691586,0.8529411764705882,13.617647058823529,68.02794117647058,108.64912773730518,88.63140145701378,20.0177262802914,0.5084459459459459,0.13921615253248018,0.27123552123552125,0.3192660550458716
1292,2023,139,1163,70,1388,55,N,0,1163,1388,1,4,5,-1,0.7575757575757576,13.424242424242424,69.54318181818182,112.81414425308016,93.51068117694477,19.303463076135387,0.5348308934881373,0.17734784361144698,0.31448763250883394,0.38025415444770283,0.78125,10.96875,64.71875,109.65717044905843,92.70883631096089,16.948334138097536,0.5244988864142539,0.14630613230323516,0.311804008908686,0.310126582278481
1293,2023,139,1166,85,1124,76,N,0,1124,1166,0,3,6,-3,0.6875,6.90625,69.98046875,110.25397711415016,100.38515210717276,9.868825006977403,0.5306565382528486,0.17102986324309238,0.3716766142159523,0.32231404958677684,0.6363636363636364,8.151515151515152,70.19242424242424,109.18039156431455,97.56729337103633,11.61309819327822,0.5429747812660833,0.1562803548686511,0.281008749356665,0.24433497536945814
1294,2023,139,1194,78,1192,70,N,0,1192,1194,0,16,9,7,0.53125,0.3125,71.0390625,107.37930276036512,106.93940393709447,0.4398988232706529,0.5147133434804668,0.15704387990762125,0.27904616945712835,0.2995260663507109,0.90625,12.875,69.91953125,111.78028313798227,93.36625808686324,18.414025051119026,0.5498164656528579,0.15866453624143825,0.2952281069743052,0.2888229475766568
1295,2023,139,1211,84,1395,81,N,0,1211,1395,1,3,6,-3,0.84375,12.625,72.55390625,119.22169938300186,101.8208444152516,17.400854967750263,0.5850738665308202,0.1404128395912522,0.3418237391747326,0.29545454545454547,0.6363636363636364,7.2727272727272725,71.75909090909092,104.76974726040412,94.63482612275922,10.134921137644895,0.5022533800701051,0.16342560334452397,0.33950926389584374,0.3120960295475531
1296,2023,139,1243,75,1246,69,N,0,1243,1246,1,3,6,-3,0.71875,6.46875,72.79453125,103.71658241840797,94.83026927245993,8.886313145948037,0.5151515151515151,0.18802923468237867,0.3695887445887446,0.2902892561983471,0.65625,7.03125,68.21640625,110.03584639875396,99.72857519154344,10.307271207210519,0.5117248566961959,0.1585029261197705,0.32464825429911415,0.37168141592920356
1297,2023,139,1274,85,1231,69,N,0,1231,1274,0,4,5,-1,0.6666666666666666,6.575757575757576,69.82045454545454,107.46177967297072,98.04368347384526,9.418096199125458,0.5383211678832117,0.1601510367501058,0.30083420229405633,0.2614445574771109,0.78125,7.28125,70.084375,113.30093191242699,102.91166897043743,10.389262941989557,0.5495283018867925,0.15606188968653856,0.29979035639413,0.3014705882352941
1298,2023,139,1277,69,1266,60,N,0,1266,1277,0,2,7,-5,0.8235294117647058,9.352941176470589,71.75073529411765,111.41513204414794,98.37980754450149,13.03532449964645,0.5602613746369797,0.14674987958721472,0.27057115198451115,0.23832221163012393,0.6129032258064516,2.838709677419355,67.43709677419355,104.13527540599362,99.92585683193417,4.209418574059455,0.5155104342921601,0.15306976632943484,0.25831923293852227,0.23939064200217627
1299,2023,139,1462,84,1338,73,N,0,1338,1462,0,11,3,8,0.6666666666666666,5.636363636363637,68.92424242424242,110.4418553528248,102.2642338975599,8.177621455264898,0.5323590814196242,0.15519894482303803,0.3235908141962422,0.2811284046692607,0.7352941176470589,7.352941176470588,73.32352941176471,111.03088648215002,101.00280786201364,10.028078620136384,0.5563312469908522,0.1684717208182912,0.30813673567645644,0.3001949317738791
1300,2023,143,1163,88,1116,65,N,0,1116,1163,0,8,4,4,0.6060606060606061,7.03030303030303,71.23636363636365,104.47507231580738,94.6060915433044,9.86898077250298,0.520234291799787,0.17568487323464352,0.3876464323748669,0.2891809908998989,0.7575757575757576,13.424242424242424,69.54318181818182,112.81414425308016,93.51068117694477,19.303463076135387,0.5348308934881373,0.17734784361144698,0.31448763250883394,0.38025415444770283
1301,2023,143,1194,62,1397,55,N,0,1194,1397,1,9,4,5,0.90625,12.875,69.91953125,111.78028313798227,93.36625808686324,18.414025051119026,0.5498164656528579,0.15866453624143825,0.2952281069743052,0.2888229475766568,0.696969696969697,13.757575757575758,66.92651515151515,107.26373340275971,86.7074923876255,20.556241015134205,0.5031071983428276,0.16933995902335217,0.3091662351113413,0.3588290840415486
1302,2023,143,1211,79,1417,76,N,0,1211,1417,1,3,2,1,0.84375,12.625,72.55390625,119.22169938300186,101.8208444152516,17.400854967750263,0.5850738665308202,0.1404128395912522,0.3418237391747326,0.29545454545454547,0.8529411764705882,13.617647058823529,68.02794117647058,108.64912773730518,88.63140145701378,20.0177262802914,0.5084459459459459,0.13921615253248018,0.27123552123552125,0.3192660550458716
1303,2023,143,1243,98,1277,93,N,1,1243,1277,1,3,7,-4,0.71875,6.46875,72.79453125,103.71658241840797,94.83026927245993,8.886313145948037,0.5151515151515151,0.18802923468237867,0.3695887445887446,0.2902892561983471,0.6129032258064516,2.838709677419355,67.43709677419355,104.13527540599362,99.92585683193417,4.209418574059455,0.5155104342921601,0.15306976632943484,0.25831923293852227,0.23939064200217627
1304,2023,144,1166,86,1343,75,N,0,1166,1343,1,6,15,-9,0.6363636363636364,8.151515151515152,70.19242424242424,109.18039156431455,97.56729337103633,11.61309819327822,0.5429747812660833,0.1562803548686511,0.281008749356665,0.24433497536945814,0.7037037037037037,6.074074074074074,70.5101851851852,106.31508450315819,97.70062113432522,8.614463368832972,0.5246367656348705,0.1591574634607556,0.3215413771320278,0.2644628099173554
1305,2023,144,1274,89,1222,75,N,0,1222,1274,0,1,5,-4,0.9117647058823529,18.529411764705884,65.44338235294117,114.64782085997102,86.33416851117379,28.313652348797234,0.5268870251603355,0.14426480006291925,0.28465712876171684,0.37068160597572364,0.78125,7.28125,70.084375,113.30093191242699,102.91166897043743,10.389262941989557,0.5495283018867925,0.15606188968653856,0.29979035639413,0.3014705882352941
1306,2023,144,1361,71,1104,64,N,0,1104,1361,0,1,5,-4,0.8529411764705882,13.676470588235293,75.3845588235294,109.00968563151685,90.86741511660799,18.14227051490886,0.5271867612293144,0.18025223608361052,0.36737588652482267,0.32430143945808637,0.8125,7.53125,67.79375,105.23647091361666,94.12740850004609,11.10906241357057,0.5013743815283123,0.16087397437079376,0.34304562946673994,0.30697190426638915
1307,2023,144,1400,83,1462,71,N,0,1400,1462,1,2,3,-1,0.7647058823529411,10.441176470588236,71.64264705882353,108.66843196420142,94.0944639448242,14.573968019377219,0.5281036168132942,0.15395036640187204,0.31573802541544477,0.27340823970037453,0.7352941176470589,7.352941176470588,73.32352941176471,111.03088648215002,101.00280786201364,10.028078620136384,0.5563312469908522,0.1684717208182912,0.30813673567645644,0.3001949317738791
1308,2023,145,1163,82,1211,54,N,0,1163,1211,1,4,3,1,0.7575757575757576,13.424242424242424,69.54318181818182,112.81414425308016,93.51068117694477,19.303463076135387,0.5348308934881373,0.17734784361144698,0.31448763250883394,0.38025415444770283,0.84375,12.625,72.55390625,119.22169938300186,101.8208444152516,17.400854967750263,0.5850738665308202,0.1404128395912522,0.3418237391747326,0.29545454545454547
1309,2023,145,1194,79,1243,76,N,0,1194,1243,1,9,3,6,0.90625,12.875,69.91953125,111.78028313798227,93.36625808686324,18.414025051119026,0.5498164656528579,0.15866453624143825,0.2952281069743052,0.2888229475766568,0.71875,6.46875,72.79453125,103.71658241840797,94.83026927245993,8.886313145948037,0.5151515151515151,0.18802923468237867,0.3695887445887446,0.2902892561983471
1310,2023,146,1274,88,1400,81,N,0,1274,1400,1,5,2,3,0.78125,7.28125,70.084375,113.30093191242699,102.91166897043743,10.389262941989557,0.5495283018867925,0.15606188968653856,0.29979035639413,0.3014705882352941,0.7647058823529411,10.441176470588236,71.64264705882353,108.66843196420142,94.0944639448242,14.573968019377219,0.5281036168132942,0.15395036640187204,0.31573802541544477,0.27340823970037453
1311,2023,146,1361,57,1166,56,N,0,1166,1361,0,6,5,1,0.6363636363636364,8.151515151515152,70.19242424242424,109.18039156431455,97.56729337103633,11.61309819327822,0.5429747812660833,0.1562803548686511,0.281008749356665,0.24433497536945814,0.8125,7.53125,67.79375,105.23647091361666,94.12740850004609,11.10906241357057,0.5013743815283123,0.16087397437079376,0.34304562946673994,0.30697190426638915
1312,2023,152,1163,72,1274,59,N,0,1163,1274,1,4,5,-1,0.7575757575757576,13.424242424242424,69.54318181818182,112.81414425308016,93.51068117694477,19.303463076135387,0.5348308934881373,0.17734784361144698,0.31448763250883394,0.38025415444770283,0.78125,7.28125,70.084375,113.30093191242699,102.91166897043743,10.389262941989557,0.5495283018867925,0.15606188968653856,0.29979035639413,0.3014705882352941
1313,2023,152,1361,72,1194,71,N,0,1194,1361,0,9,5,4,0.90625,12.875,69.91953125,111.78028313798227,93.36625808686324,18.414025051119026,0.5498164656528579,0.15866453624143825,0.2952281069743052,0.2888229475766568,0.8125,7.53125,67.79375,105.23647091361666,94.12740850004609,11.10906241357057,0.5013743815283123,0.16087397437079376,0.34304562946673994,0.30697190426638915
1314,2023,154,1163,76,1361,59,N,0,1163,1361,1,4,5,-1,0.7575757575757576,13.424242424242424,69.54318181818182,112.81414425308016,93.51068117694477,19.303463076135387,0.5348308934881373,0.17734784361144698,0.31448763250883394,0.38025415444770283,0.8125,7.53125,67.79375,105.23647091361666,94.12740850004609,11.10906241357057,0.5013743815283123,0.16087397437079376,0.34304562946673994,0.30697190426638915
1315,2024,134,1161,67,1438,42,N,0,1161,1438,1,10,10,0,0.6875,6.09375,68.02734375,110.4335343095033,101.47573930519667,8.957795004306632,0.5461880912632164,0.14148722365776628,0.32554257095158595,0.221505376344086,0.696969696969697,4.0,62.25757575757576,102.11730348016549,95.69238257483573,6.424920905329756,0.4929000546149645,0.12265758091993186,0.2512288367012561,0.23864734299516907
1316,2024,134,1447,71,1224,68,N,0,1224,1447,0,16,16,0,0.5,-0.59375,70.85625,105.36297080356354,106.20093499162036,-0.8379641880568158,0.5195800227014756,0.19493693216900415,0.42224744608399545,0.31283710895361383,0.4827586206896552,-1.3448275862068966,63.876724137931035,96.57610969404969,98.68145808872154,-2.10534839467185,0.4459214501510574,0.1398167267230792,0.2676737160120846,0.2769857433808554
1317,2024,135,1160,60,1129,53,N,0,1129,1160,0,10,10,0,0.6666666666666666,6.4,67.80083333333333,109.53651012155701,100.09709811826306,9.439412003293953,0.5163360560093349,0.1533904450535269,0.36114352392065346,0.3055555555555556,0.7058823529411765,8.117647058823529,70.8610294117647,111.90088304572951,100.44515466270973,11.455728383019789,0.5529953917050692,0.1701756752550041,0.3527905785970302,0.2942408376963351
1318,2024,135,1212,88,1286,81,N,0,1212,1286,1,16,16,0,0.5483870967741935,-3.7419354838709675,67.20725806451614,96.90773605961337,102.47549107839254,-5.567755018779167,0.4821318545902649,0.18959165796704944,0.3961799137399877,0.26490066225165565,0.4838709677419355,-0.6774193548387096,70.17903225806452,104.93898094734664,105.9042540966652,-0.9652731493185627,0.5388127853881278,0.15858058881662107,0.3070776255707763,0.18971061093247588
1319,2024,136,1112,85,1253,65,N,0,1112,1253,1,2,15,-13,0.7575757575757576,15.696969696969697,75.98333333333333,115.73510937406529,95.07667151887377,20.658437855191522,0.5495537811178958,0.15473887814313347,0.36730859558478157,0.35082872928176795,0.5757575757575758,0.6060606060606061,73.90151515151516,103.57765248590466,102.75756022552537,0.8200922603792975,0.4893669634025717,0.16237826755509996,0.380811078140455,0.3162236480293309
1320,2024,136,1166,77,1103,60,N,0,1103,1166,0,14,3,11,0.6875,5.53125,67.9640625,106.44412258316666,98.3056302733522,8.138492309814467,0.5202440377149196,0.15909143159298342,0.33610648918469216,0.27377220480668757,0.71875,10.8125,69.74140625,115.47121621167483,99.96751391860556,15.503702293069267,0.5746618106139438,0.14069833872901008,0.24505723204994798,0.2384937238493724
1321,2024,136,1173,63,1305,60,N,0,1173,1305,1,7,10,-3,0.7741935483870968,8.451612903225806,65.13467741935484,114.74983594784999,101.77423947899514,12.975596468854846,0.5664441747572816,0.14808028031250386,0.3719660194174757,0.24886363636363637,0.78125,8.625,68.07734375,111.54592088502278,98.8765076486992,12.669413236323578,0.5334293948126801,0.14230138055290972,0.461671469740634,0.25945378151260506
1322,2024,136,1182,71,1140,67,N,0,1140,1182,0,6,11,-5,0.696969696969697,11.93939393939394,71.4469696969697,114.55837132859718,97.84752412257448,16.71084720602269,0.5505243088655862,0.1450535468136995,0.2526215443279314,0.31127679403541475,0.6764705882352942,3.4705882352941178,68.07573529411764,102.91306179320178,97.81493362712378,5.0981281660779985,0.5007796257796258,0.16676927729712798,0.3310810810810811,0.2800751879699248
1323,2024,136,1211,86,1270,65,N,0,1211,1270,1,5,12,-7,0.7741935483870968,14.290322580645162,70.66209677419356,118.37344928727131,98.14998687529246,20.223462411978858,0.5669994745139254,0.13375788909051484,0.31476615869679453,0.31833150384193193,0.896551724137931,14.413793103448276,67.06120689655172,116.98011338072527,95.48662441670629,21.49348896401898,0.5491504854368932,0.13009217004537799,0.4059466019417476,0.3075196408529742
1324,2024,136,1228,85,1287,69,N,0,1228,1287,1,3,14,-11,0.7647058823529411,10.617647058823529,72.25073529411765,116.8317033207478,102.13614760688371,14.695555713864096,0.5380794701986755,0.14247768697652172,0.37795648060548725,0.3467741935483871,0.7333333333333333,6.766666666666667,66.2175,109.38699487799046,99.16814537949433,10.218849498496127,0.5437537718768859,0.17165653591069832,0.3132166566083283,0.30317273795534666
1325,2024,136,1235,82,1355,65,N,0,1235,1355,1,2,15,-13,0.7941176470588235,14.264705882352942,69.60367647058824,108.55579383272942,88.06160932168474,20.49418451104468,0.5190763052208835,0.14662849536768047,0.3609437751004016,0.3019230769230769,0.6129032258064516,3.870967741935484,69.43709677419355,108.75473275882092,103.17994936238414,5.574783396436786,0.5528547201808932,0.15748763094933915,0.3041266252119842,0.22351694915254236
1326,2024,136,1242,93,1359,89,N,0,1242,1359,1,4,13,-9,0.6774193548387096,5.903225806451613,70.38467741935484,106.55728313301327,98.17019375093093,8.387089382082337,0.5340078695896571,0.15949219152812308,0.32771219786396855,0.24052004333694474,0.84375,9.96875,75.140625,112.24786857974631,98.98107714701601,13.266791432730301,0.5693866943866944,0.17134539405281762,0.36382536382536385,0.27442827442827444
1327,2024,136,1277,69,1280,51,N,0,1277,1280,1,9,8,1,0.5757575757575758,7.181818181818182,67.7871212121212,107.86888543680641,97.27422076688386,10.594664669922551,0.5149100257069409,0.1376859374825378,0.2987146529562982,0.2868369351669941,0.6176470588235294,5.705882352941177,70.09705882352942,106.65883438929215,98.518860403642,8.139973985650158,0.5167257982767359,0.1753870683506063,0.37911809427268117,0.33518005540166207
1328,2024,136,1301,80,1403,67,N,0,1301,1403,1,11,6,5,0.6111111111111112,3.6666666666666665,70.54652777777778,108.24219634402039,103.04468091389646,5.197515430123929,0.5070615034168565,0.13072538809099588,0.3248291571753986,0.27121464226289516,0.696969696969697,6.242424242424242,68.41666666666667,110.46395747979183,101.33982947624848,9.124128003543348,0.5284423179160022,0.15546451112833573,0.34556087187666135,0.28413654618473894
1329,2024,136,1314,90,1447,62,N,0,1314,1447,1,1,16,-15,0.7941176470588235,11.235294117647058,72.82132352941177,111.87737916132353,96.44880196290275,15.428577198420783,0.5129411764705882,0.13570685703323,0.3684705882352941,0.31343283582089554,0.4827586206896552,-1.3448275862068966,63.876724137931035,96.57610969404969,98.68145808872154,-2.10534839467185,0.4459214501510574,0.1398167267230792,0.2676737160120846,0.2769857433808554
1330,2024,136,1324,80,1246,76,N,0,1246,1324,0,3,14,-11,0.71875,9.75,76.11796875,117.49853742648644,104.68947254980448,12.809064876681958,0.5736359246740705,0.13589104083915796,0.3037180106228875,0.26005888125613347,0.6764705882352942,3.5,70.22867647058824,108.80422150328233,103.8205023505146,4.983719152767733,0.5211302211302211,0.15453717372868045,0.3090909090909091,0.2892561983471074
1331,2024,136,1332,87,1376,73,N,0,1332,1376,1,11,6,5,0.6764705882352942,3.4705882352941178,69.90294117647058,107.75444944671183,102.78958219379813,4.964867252913706,0.5183077684314695,0.13800647957251652,0.32261256803562594,0.2642924086223055,0.7878787878787878,5.0606060606060606,66.72121212121213,107.95712598782814,100.37242256335725,7.584703424470888,0.5075757575757576,0.14033972204559905,0.3176593521421108,0.3024390243902439
1332,2024,136,1397,83,1389,49,N,0,1389,1397,0,15,2,13,0.5806451612903226,1.8709677419354838,66.58467741935483,97.76539695997093,94.95548961424332,2.809907345727609,0.45023282887078,0.1744080421486102,0.38125727590221187,0.3292806484295846,0.75,11.59375,71.0328125,111.87611359186995,95.55443127075955,16.3216823211104,0.5149291497975709,0.1403400717098172,0.3431174089068826,0.31881371640407785
1333,2024,136,1400,56,1161,44,N,0,1161,1400,0,10,7,3,0.6875,6.09375,68.02734375,110.4335343095033,101.47573930519667,8.957795004306632,0.5461880912632164,0.14148722365776628,0.32554257095158595,0.221505376344086,0.625,6.65625,69.53828125,110.05628644294397,100.48422069678348,9.57206574616049,0.5370074547390842,0.1572874653124965,0.30404685835995743,0.28482328482328484
1334,2024,136,1450,66,1179,61,N,0,1179,1450,0,10,7,3,0.8181818181818182,9.666666666666666,70.92348484848485,113.18215319539837,99.55244127794572,13.629711917452653,0.5493387589013224,0.1251882630662579,0.32604272634791454,0.22255489021956087,0.7272727272727273,7.424242424242424,67.91287878787878,109.40933682860171,98.47732723520554,10.932009593396174,0.5208762886597939,0.1494784985219477,0.3170103092783505,0.31712062256809337
1335,2024,137,1104,109,1158,96,N,0,1104,1158,1,4,13,-9,0.65625,9.6875,76.3671875,118.83375959079284,106.14833759590793,12.685421994884905,0.5627413127413128,0.15468030690537085,0.35231660231660233,0.3352326685660019,0.7878787878787878,7.0606060606060606,71.0371212121212,112.61717625227955,102.67785728758972,9.939318964689832,0.524235294117647,0.13522592754535082,0.2687058823529412,0.32340052585451357
1336,2024,137,1124,92,1159,67,N,0,1124,1159,1,3,14,-11,0.6875,8.8125,69.62890625,114.98457223001402,102.32819074333801,12.656381486676011,0.5556167400881057,0.16336605890603084,0.40473568281938327,0.3311331133113311,0.7272727272727273,6.151515151515151,66.32651515151515,105.81261207753195,96.5380178410298,9.274594236502153,0.5341648590021691,0.1544242784205777,0.27603036876355747,0.23785425101214575
1337,2024,137,1155,77,1307,56,N,0,1155,1307,1,6,11,-5,0.65625,6.09375,68.91015625,112.32923303667593,103.48619692761181,8.843036109064116,0.5388918486947256,0.1414885777450258,0.3063399041022909,0.2609137055837564,0.7352941176470589,10.558823529411764,74.34558823529412,109.7023044209277,95.49995054890714,14.202353872020566,0.5099773242630385,0.13173771140342203,0.3310657596371882,0.3112467306015693
1338,2024,137,1160,102,1196,100,N,0,1160,1196,1,10,7,3,0.7058823529411765,8.117647058823529,70.8610294117647,111.90088304572951,100.44515466270973,11.455728383019789,0.5529953917050692,0.1701756752550041,0.3527905785970302,0.2942408376963351,0.6857142857142857,6.6,75.44214285714285,112.85848190193053,104.11005595584128,8.748425946089256,0.5155565293602103,0.1499730162186728,0.3860648553900088,0.3645083932853717
1339,2024,137,1163,91,1391,52,N,0,1163,1391,1,1,16,-15,0.9117647058823529,17.058823529411764,66.95294117647059,121.68335969073976,96.20453347390617,25.478826216833596,0.570962888665998,0.1361799332279037,0.3329989969909729,0.35360824742268043,0.6129032258064516,-0.6451612903225806,67.80806451612904,109.84515116196093,110.79660331581074,-0.9514521538498144,0.5343359818388195,0.14842653600057085,0.3166855845629966,0.2562162162162162
1340,2024,137,1181,64,1436,47,N,0,1181,1436,1,4,13,-9,0.75,12.40625,69.09375,115.55857078245138,97.60289461781998,17.9556761646314,0.5522427440633245,0.13568521031207598,0.33773087071240104,0.2953846153846154,0.8125,6.8125,66.31484375,106.54665834148182,96.27369437932214,10.272963962159679,0.518262313226342,0.12770519420849877,0.2971776425013835,0.2089108910891089
1341,2024,137,1213,75,1388,66,N,0,1213,1388,1,12,5,7,0.875,11.71875,70.77890625,110.77629502080642,94.21945539035508,16.556839630451336,0.5203856749311295,0.1664514277514708,0.4534435261707989,0.32919254658385094,0.78125,13.53125,64.8359375,112.9292685865767,92.05928425111459,20.869984335462107,0.5310160427807487,0.14555970598867332,0.28342245989304815,0.37167199148029817
1342,2024,137,1222,86,1255,46,N,0,1222,1255,1,1,16,-15,0.8823529411764706,16.058823529411764,65.36911764705883,111.71852151807607,87.15214505860385,24.566376459472224,0.4973365617433414,0.1277811522800387,0.299273607748184,0.36809815950920244,0.5806451612903226,4.096774193548387,69.69596774193548,105.85145158117632,99.97338671418488,5.878064866991437,0.493942731277533,0.1717135484766787,0.3948237885462555,0.367
1343,2024,137,1241,72,1458,61,N,0,1241,1458,1,12,5,7,0.9090909090909091,13.484848484848484,73.25454545454545,113.26218251013485,94.85397534541242,18.408207164722427,0.5441747572815534,0.13899230578307273,0.341747572815534,0.2944496707431797,0.6285714285714286,5.114285714285714,67.28857142857143,111.54515731816059,103.94463080123987,7.6005265169207235,0.5243055555555556,0.13714916564052482,0.3353174603174603,0.28855250709555347
1344,2024,137,1266,87,1443,69,N,0,1266,1443,1,2,15,-13,0.7352941176470589,8.588235294117647,70.40441176470588,111.20626631853786,99.00783289817232,12.198433420365532,0.5509169884169884,0.13785900783289817,0.2557915057915058,0.24505183788878418,0.6333333333333333,4.833333333333333,76.60583333333334,103.25584431124696,96.94649014979277,6.309354161454195,0.5190757657173563,0.1740511492814951,0.3293927995701236,0.2605128205128205
1345,2024,137,1321,77,1194,65,N,0,1194,1321,0,8,9,-1,0.7575757575757576,9.272727272727273,72.1810606060606,114.35888285981171,101.51240042401788,12.846482435793831,0.5500743678730788,0.14987562841759464,0.3475458601883986,0.32082922013820336,0.65625,4.6875,66.321875,111.10587570089054,104.03807190312396,7.067803797766572,0.5316593886462883,0.12203741224143616,0.29912663755458513,0.23979057591623038
1346,2024,137,1345,78,1212,50,N,0,1212,1345,0,16,1,15,0.5483870967741935,-3.7419354838709675,67.20725806451614,96.90773605961337,102.47549107839254,-5.567755018779167,0.4821318545902649,0.18959165796704944,0.3961799137399877,0.26490066225165565,0.8787878787878788,13.242424242424242,70.20833333333333,118.78068519018073,99.91907202589695,18.86161316428378,0.5596782563570316,0.15624494200161856,0.4281266216917488,0.3695431472081218
1347,2024,137,1361,69,1412,65,N,0,1361,1412,1,5,12,-7,0.6875,6.84375,69.37421875,106.93814119528373,97.07316523834729,9.864975956936448,0.4981283422459893,0.14819986711562066,0.3748663101604278,0.30738916256157633,0.6666666666666666,1.5757575757575757,70.89924242424243,109.16046032034363,106.9379294132732,2.2225309070704355,0.5012755102040817,0.15942385160332095,0.4045918367346939,0.33423667570009036
1348,2024,137,1401,98,1304,83,N,0,1304,1401,0,8,9,-1,0.696969696969697,7.484848484848484,71.00454545454545,109.25463585344515,98.7132705972729,10.541365256172256,0.5316649642492339,0.15193222798369715,0.3237997957099081,0.2602870813397129,0.5882352941176471,3.9705882352941178,69.11397058823529,108.21852226182244,102.47353582637375,5.744986435448695,0.453660797034291,0.13490079259535082,0.38229842446709916,0.4119521912350598
1349,2024,137,1429,88,1395,72,N,0,1395,1429,0,9,8,1,0.6363636363636364,8.0,72.85606060606061,108.76572735780388,97.7851720910887,10.980555266715186,0.5185459940652819,0.16637204949568474,0.35113748763600394,0.33777354900095147,0.8064516129032258,7.419354838709677,71.48709677419355,110.46432922702044,100.08573620323993,10.37859302378051,0.541340782122905,0.150263977257344,0.4,0.26673866090712745
1350,2024,137,1463,78,1120,76,N,0,1120,1463,0,4,13,-9,0.7941176470588235,15.294117647058824,72.21323529411765,115.38539863557682,94.20629263822421,21.179105997352607,0.5413442940038685,0.1405152224824356,0.3820116054158607,0.31385485391140433,0.6896551724137931,5.413793103448276,67.80689655172414,108.47233523189585,100.48820179007323,7.984133441822621,0.5228852838933952,0.13171277461350692,0.2688296639629201,0.26350606394707826
1351,2024,138,1112,78,1173,68,N,0,1112,1173,1,2,7,-5,0.7575757575757576,15.696969696969697,75.98333333333333,115.73510937406529,95.07667151887377,20.658437855191522,0.5495537811178958,0.15473887814313347,0.36730859558478157,0.35082872928176795,0.7741935483870968,8.451612903225806,65.13467741935484,114.74983594784999,101.77423947899514,12.975596468854846,0.5664441747572816,0.14808028031250386,0.3719660194174757,0.24886363636363637
1352,2024,138,1166,86,1332,73,N,0,1166,1332,1,3,11,-8,0.71875,10.8125,69.74140625,115.47121621167483,99.96751391860556,15.503702293069267,0.5746618106139438,0.14069833872901008,0.24505723204994798,0.2384937238493724,0.6764705882352942,3.4705882352941178,69.90294117647058,107.75444944671183,102.78958219379813,4.964867252913706,0.5183077684314695,0.13800647957251652,0.32261256803562594,0.2642924086223055
1353,2024,138,1211,89,1242,68,N,0,1211,1242,1,5,4,1,0.7741935483870968,14.290322580645162,70.66209677419356,118.37344928727131,98.14998687529246,20.223462411978858,0.5669994745139254,0.13375788909051484,0.31476615869679453,0.31833150384193193,0.6774193548387096,5.903225806451613,70.38467741935484,106.55728313301327,98.17019375093093,8.387089382082337,0.5340078695896571,0.15949219152812308,0.32771219786396855,0.24052004333694474
1354,2024,138,1228,89,1182,63,N,0,1182,1228,0,11,3,8,0.6764705882352942,3.4705882352941178,68.07573529411764,102.91306179320178,97.81493362712378,5.0981281660779985,0.5007796257796258,0.16676927729712798,0.3310810810810811,0.2800751879699248,0.7647058823529411,10.617647058823529,72.25073529411765,116.8317033207478,102.13614760688371,14.695555713864096,0.5380794701986755,0.14247768697652172,0.37795648060548725,0.3467741935483871
1355,2024,138,1235,67,1450,56,N,0,1235,1450,1,2,7,-5,0.7941176470588235,14.264705882352942,69.60367647058824,108.55579383272942,88.06160932168474,20.49418451104468,0.5190763052208835,0.14662849536768047,0.3609437751004016,0.3019230769230769,0.7272727272727273,7.424242424242424,67.91287878787878,109.40933682860171,98.47732723520554,10.932009593396174,0.5208762886597939,0.1494784985219477,0.3170103092783505,0.31712062256809337
1356,2024,138,1301,79,1324,73,N,0,1301,1324,1,11,14,-3,0.6111111111111112,3.6666666666666665,70.54652777777778,108.24219634402039,103.04468091389646,5.197515430123929,0.5070615034168565,0.13072538809099588,0.3248291571753986,0.27121464226289516,0.6764705882352942,3.5,70.22867647058824,108.80422150328233,103.8205023505146,4.983719152767733,0.5211302211302211,0.15453717372868045,0.3090909090909091,0.2892561983471074
1357,2024,138,1314,85,1277,69,N,0,1277,1314,0,9,1,8,0.5757575757575758,7.181818181818182,67.7871212121212,107.86888543680641,97.27422076688386,10.594664669922551,0.5149100257069409,0.1376859374825378,0.2987146529562982,0.2868369351669941,0.7941176470588235,11.235294117647058,72.82132352941177,111.87737916132353,96.44880196290275,15.428577198420783,0.5129411764705882,0.13570685703323,0.3684705882352941,0.31343283582089554
1358,2024,138,1397,62,1400,58,N,0,1397,1400,1,2,7,-5,0.75,11.59375,71.0328125,111.87611359186995,95.55443127075955,16.3216823211104,0.5149291497975709,0.1403400717098172,0.3431174089068826,0.31881371640407785,0.625,6.65625,69.53828125,110.05628644294397,100.48422069678348,9.57206574616049,0.5370074547390842,0.1572874653124965,0.30404685835995743,0.28482328482328484
1359,2024,139,1104,72,1213,61,N,0,1104,1213,1,4,12,-8,0.65625,9.6875,76.3671875,118.83375959079284,106.14833759590793,12.685421994884905,0.5627413127413128,0.15468030690537085,0.35231660231660233,0.3352326685660019,0.875,11.71875,70.77890625,110.77629502080642,94.21945539035508,16.556839630451336,0.5203856749311295,0.1664514277514708,0.4534435261707989,0.32919254658385094
1360,2024,139,1155,72,1124,64,N,0,1124,1155,0,3,6,-3,0.6875,8.8125,69.62890625,114.98457223001402,102.32819074333801,12.656381486676011,0.5556167400881057,0.16336605890603084,0.40473568281938327,0.3311331133113311,0.65625,6.09375,68.91015625,112.32923303667593,103.48619692761181,8.843036109064116,0.5388918486947256,0.1414885777450258,0.3063399041022909,0.2609137055837564
1361,2024,139,1163,75,1321,58,N,0,1163,1321,1,1,9,-8,0.9117647058823529,17.058823529411764,66.95294117647059,121.68335969073976,96.20453347390617,25.478826216833596,0.570962888665998,0.1361799332279037,0.3329989969909729,0.35360824742268043,0.65625,4.6875,66.321875,111.10587570089054,104.03807190312396,7.067803797766572,0.5316593886462883,0.12203741224143616,0.29912663755458513,0.23979057591623038
1362,2024,139,1181,93,1241,55,N,0,1181,1241,1,4,12,-8,0.75,12.40625,69.09375,115.55857078245138,97.60289461781998,17.9556761646314,0.5522427440633245,0.13568521031207598,0.33773087071240104,0.2953846153846154,0.9090909090909091,13.484848484848484,73.25454545454545,113.26218251013485,94.85397534541242,18.408207164722427,0.5441747572815534,0.13899230578307273,0.341747572815534,0.2944496707431797
1363,2024,139,1222,100,1401,95,N,0,1222,1401,1,1,9,-8,0.8823529411764706,16.058823529411764,65.36911764705883,111.71852151807607,87.15214505860385,24.566376459472224,0.4973365617433414,0.1277811522800387,0.299273607748184,0.36809815950920244,0.5882352941176471,3.9705882352941178,69.11397058823529,108.21852226182244,102.47353582637375,5.744986435448695,0.453660797034291,0.13490079259535082,0.38229842446709916,0.4119521912350598
1364,2024,139,1266,81,1160,77,N,0,1160,1266,0,10,2,8,0.7058823529411765,8.117647058823529,70.8610294117647,111.90088304572951,100.44515466270973,11.455728383019789,0.5529953917050692,0.1701756752550041,0.3527905785970302,0.2942408376963351,0.7352941176470589,8.588235294117647,70.40441176470588,111.20626631853786,99.00783289817232,12.198433420365532,0.5509169884169884,0.13785900783289817,0.2557915057915058,0.24505183788878418
1365,2024,139,1345,106,1429,67,N,0,1345,1429,1,1,8,-7,0.8787878787878788,13.242424242424242,70.20833333333333,118.78068519018073,99.91907202589695,18.86161316428378,0.5596782563570316,0.15624494200161856,0.4281266216917488,0.3695431472081218,0.8064516129032258,7.419354838709677,71.48709677419355,110.46432922702044,100.08573620323993,10.37859302378051,0.541340782122905,0.150263977257344,0.4,0.26673866090712745
1366,2024,139,1361,85,1463,57,N,0,1361,1463,1,5,13,-8,0.6875,6.84375,69.37421875,106.93814119528373,97.07316523834729,9.864975956936448,0.4981283422459893,0.14819986711562066,0.3748663101604278,0.30738916256157633,0.6896551724137931,5.413793103448276,67.80689655172414,108.47233523189585,100.48820179007323,7.984133441822621,0.5228852838933952,0.13171277461350692,0.2688296639629201,0.26350606394707826
1367,2024,143,1104,89,1314,87,N,0,1104,1314,1,4,1,3,0.65625,9.6875,76.3671875,118.83375959079284,106.14833759590793,12.685421994884905,0.5627413127413128,0.15468030690537085,0.35231660231660233,0.3352326685660019,0.7941176470588235,11.235294117647058,72.82132352941177,111.87737916132353,96.44880196290275,15.428577198420783,0.5129411764705882,0.13570685703323,0.3684705882352941,0.31343283582089554
1368,2024,143,1155,77,1112,72,N,0,1112,1155,0,2,6,-4,0.7575757575757576,15.696969696969697,75.98333333333333,115.73510937406529,95.07667151887377,20.658437855191522,0.5495537811178958,0.15473887814313347,0.36730859558478157,0.35082872928176795,0.65625,6.09375,68.91015625,112.32923303667593,103.48619692761181,8.843036109064116,0.5388918486947256,0.1414885777450258,0.3063399041022909,0.2609137055837564
1369,2024,143,1163,82,1361,52,N,0,1163,1361,1,1,5,-4,0.9117647058823529,17.058823529411764,66.95294117647059,121.68335969073976,96.20453347390617,25.478826216833596,0.570962888665998,0.1361799332279037,0.3329989969909729,0.35360824742268043,0.6875,6.84375,69.37421875,106.93814119528373,97.07316523834729,9.864975956936448,0.4981283422459893,0.14819986711562066,0.3748663101604278,0.30738916256157633
1370,2024,143,1228,72,1235,69,N,0,1228,1235,1,3,2,1,0.7647058823529411,10.617647058823529,72.25073529411765,116.8317033207478,102.13614760688371,14.695555713864096,0.5380794701986755,0.14247768697652172,0.37795648060548725,0.3467741935483871,0.7941176470588235,14.264705882352942,69.60367647058824,108.55579383272942,88.06160932168474,20.49418451104468,0.5190763052208835,0.14662849536768047,0.3609437751004016,0.3019230769230769
1371,2024,144,1181,54,1222,51,N,0,1181,1222,1,4,1,3,0.75,12.40625,69.09375,115.55857078245138,97.60289461781998,17.9556761646314,0.5522427440633245,0.13568521031207598,0.33773087071240104,0.2953846153846154,0.8823529411764706,16.058823529411764,65.36911764705883,111.71852151807607,87.15214505860385,24.566376459472224,0.4973365617433414,0.1277811522800387,0.299273607748184,0.36809815950920244
1372,2024,144,1301,67,1266,58,N,0,1266,1301,0,2,11,-9,0.7352941176470589,8.588235294117647,70.40441176470588,111.20626631853786,99.00783289817232,12.198433420365532,0.5509169884169884,0.13785900783289817,0.2557915057915058,0.24505183788878418,0.6111111111111112,3.6666666666666665,70.54652777777778,108.24219634402039,103.04468091389646,5.197515430123929,0.5070615034168565,0.13072538809099588,0.3248291571753986,0.27121464226289516
1373,2024,144,1345,80,1211,68,N,0,1211,1345,0,5,1,4,0.7741935483870968,14.290322580645162,70.66209677419356,118.37344928727131,98.14998687529246,20.223462411978858,0.5669994745139254,0.13375788909051484,0.31476615869679453,0.31833150384193193,0.8787878787878788,13.242424242424242,70.20833333333333,118.78068519018073,99.91907202589695,18.86161316428378,0.5596782563570316,0.15624494200161856,0.4281266216917488,0.3695431472081218
1374,2024,144,1397,82,1166,75,N,0,1166,1397,0,3,2,1,0.71875,10.8125,69.74140625,115.47121621167483,99.96751391860556,15.503702293069267,0.5746618106139438,0.14069833872901008,0.24505723204994798,0.2384937238493724,0.75,11.59375,71.0328125,111.87611359186995,95.55443127075955,16.3216823211104,0.5149291497975709,0.1403400717098172,0.3431174089068826,0.31881371640407785
1375,2024,145,1104,89,1155,82,N,0,1104,1155,1,4,6,-2,0.65625,9.6875,76.3671875,118.83375959079284,106.14833759590793,12.685421994884905,0.5627413127413128,0.15468030690537085,0.35231660231660233,0.3352326685660019,0.65625,6.09375,68.91015625,112.32923303667593,103.48619692761181,8.843036109064116,0.5388918486947256,0.1414885777450258,0.3063399041022909,0.2609137055837564
1376,2024,145,1163,77,1228,52,N,0,1163,1228,1,1,3,-2,0.9117647058823529,17.058823529411764,66.95294117647059,121.68335969073976,96.20453347390617,25.478826216833596,0.570962888665998,0.1361799332279037,0.3329989969909729,0.35360824742268043,0.7647058823529411,10.617647058823529,72.25073529411765,116.8317033207478,102.13614760688371,14.695555713864096,0.5380794701986755,0.14247768697652172,0.37795648060548725,0.3467741935483871
1377,2024,146,1301,76,1181,64,N,0,1181,1301,0,4,11,-7,0.75,12.40625,69.09375,115.55857078245138,97.60289461781998,17.9556761646314,0.5522427440633245,0.13568521031207598,0.33773087071240104,0.2953846153846154,0.6111111111111112,3.6666666666666665,70.54652777777778,108.24219634402039,103.04468091389646,5.197515430123929,0.5070615034168565,0.13072538809099588,0.3248291571753986,0.27121464226289516
1378,2024,146,1345,72,1397,66,N,0,1345,1397,1,1,2,-1,0.8787878787878788,13.242424242424242,70.20833333333333,118.78068519018073,99.91907202589695,18.86161316428378,0.5596782563570316,0.15624494200161856,0.4281266216917488,0.3695431472081218,0.75,11.59375,71.0328125,111.87611359186995,95.55443127075955,16.3216823211104,0.5149291497975709,0.1403400717098172,0.3431174089068826,0.31881371640407785
1379,2024,152,1163,86,1104,72,N,0,1104,1163,0,4,1,3,0.65625,9.6875,76.3671875,118.83375959079284,106.14833759590793,12.685421994884905,0.5627413127413128,0.15468030690537085,0.35231660231660233,0.3352326685660019,0.9117647058823529,17.058823529411764,66.95294117647059,121.68335969073976,96.20453347390617,25.478826216833596,0.570962888665998,0.1361799332279037,0.3329989969909729,0.35360824742268043
1380,2024,152,1345,63,1301,50,N,0,1301,1345,0,11,1,10,0.6111111111111112,3.6666666666666665,70.54652777777778,108.24219634402039,103.04468091389646,5.197515430123929,0.5070615034168565,0.13072538809099588,0.3248291571753986,0.27121464226289516,0.8787878787878788,13.242424242424242,70.20833333333333,118.78068519018073,99.91907202589695,18.86161316428378,0.5596782563570316,0.15624494200161856,0.4281266216917488,0.3695431472081218
1381,2024,154,1163,75,1345,60,N,0,1163,1345,1,1,1,0,0.9117647058823529,17.058823529411764,66.95294117647059,121.68335969073976,96.20453347390617,25.478826216833596,0.570962888665998,0.1361799332279037,0.3329989969909729,0.35360824742268043,0.8787878787878788,13.242424242424242,70.20833333333333,118.78068519018073,99.91907202589695,18.86161316428378,0.5596782563570316,0.15624494200161856,0.4281266216917488,0.3695431472081218
1382,2025,134,1106,70,1384,68,N,0,1106,1384,1,16,16,0,0.5454545454545454,-0.30303030303030304,71.09166666666667,101.53344486951332,101.95969778668173,-0.4262529171684122,0.47055984555984554,0.12276084014449973,0.29874517374517373,0.2581726739312657,0.43333333333333335,-5.466666666666667,68.29666666666667,99.56562057689491,107.56991556444922,-8.004294987554303,0.5156434474616293,0.18497730489530967,0.2384887839433294,0.23658269441401972
1383,2025,134,1314,95,1361,68,N,0,1314,1361,1,11,11,0,0.6285714285714286,5.828571428571428,72.94642857142857,110.76621787025704,102.77600979192167,7.990208078335371,0.5417061611374407,0.14452876376988985,0.34834123222748814,0.25724976613657624,0.6896551724137931,5.724137931034483,67.42327586206896,103.61713825420976,95.1272838858984,8.48985436831137,0.5066626287098728,0.1493396069606577,0.32041187159297396,0.2715909090909091
1384,2025,135,1291,83,1110,72,N,0,1110,1291,0,16,16,0,0.625,-0.46875,64.5734375,104.72572410288674,105.45164178382171,-0.7259176809349697,0.5180442374854481,0.15292665811696954,0.29452852153667053,0.2205726405090138,0.6363636363636364,-0.5151515151515151,69.49166666666666,100.03379520108145,100.77510928931963,-0.7413140882381839,0.510331702011963,0.20451547493159197,0.31049483414899404,0.2885973763874874
1385,2025,135,1462,86,1400,80,N,0,1400,1462,0,11,11,0,0.5588235294117647,6.205882352941177,69.84117647058824,112.31365282573907,103.42794575928578,8.885707066453293,0.5255837059115748,0.13518066200623263,0.36562344759066073,0.2874418604651163,0.65625,7.15625,71.315625,109.41676526006749,99.38214802155909,10.034617238508403,0.5390539053905391,0.1489855834538364,0.3718371837183718,0.2157721796276013
1386,2025,136,1116,79,1242,72,N,0,1116,1242,1,10,7,3,0.6060606060606061,5.454545454545454,71.98257575757576,106.42306113642822,98.8454697580433,7.577591378384923,0.527315296566077,0.15912941894608332,0.3553590010405827,0.24974924774322968,0.6363636363636364,6.9393939393939394,71.24621212121212,106.97006752086767,97.2300494444149,9.74001807645277,0.5314496314496314,0.15949811260566749,0.24324324324324326,0.2797335870599429
1387,2025,136,1120,83,1106,63,N,0,1106,1120,0,16,1,15,0.5454545454545454,-0.30303030303030304,71.09166666666667,101.53344486951332,101.95969778668173,-0.4262529171684122,0.47055984555984554,0.12276084014449973,0.29874517374517373,0.2581726739312657,0.8484848484848485,14.242424242424242,70.075,119.65534762537973,99.33080357625488,20.324544049124853,0.5571147218119153,0.1271365095838874,0.3353028064992615,0.3333333333333333
1388,2025,136,1140,80,1433,71,N,0,1140,1433,1,6,11,-5,0.7272727272727273,10.090909090909092,70.45909090909092,114.9173171623336,100.59566049502182,14.321656667311785,0.5718274111675127,0.16257015676407974,0.3015228426395939,0.3160621761658031,0.8181818181818182,13.818181818181818,67.44621212121211,113.17660537577643,92.68889912275776,20.487706253018672,0.5235053653551354,0.16039717395455413,0.32243229432805315,0.36397748592870544
1389,2025,136,1166,89,1257,75,N,0,1166,1257,1,9,8,1,0.7058823529411765,5.705882352941177,68.56617647058823,109.72654155495978,101.40482573726541,8.321715817694368,0.557712215320911,0.16815013404825738,0.28467908902691513,0.25425425425425424,0.7941176470588235,9.676470588235293,70.34117647058824,111.72436862351564,97.96788760662318,13.756481016892465,0.5336967294350843,0.15638066566315437,0.34489593657086226,0.30963517305893357
1390,2025,136,1179,67,1281,57,N,0,1179,1281,1,11,6,5,0.9032258064516129,8.96774193548387,60.38467741935484,113.78661004046637,98.93558769715668,14.851022343309694,0.5382372002592353,0.15919441216929098,0.42968243681140633,0.359039190897598,0.6666666666666666,10.606060606060606,71.2030303030303,118.61088649614845,103.71536791930886,14.895518576839592,0.5619747899159664,0.1455504958079755,0.4684873949579832,0.32553407934893186
1391,2025,136,1211,89,1208,68,N,0,1208,1211,0,9,8,1,0.625,6.25,69.73359375,108.35882095923101,99.39613932488601,8.962681634345003,0.5251381215469614,0.17701296227831367,0.3983425414364641,0.3408845738942826,0.7575757575757576,17.0,72.84242424242424,118.93668358432481,95.59863549380147,23.338048090523344,0.5571428571428572,0.12563441218071386,0.30857142857142855,0.30417495029821073
1392,2025,136,1222,78,1188,40,N,0,1188,1222,0,16,1,15,0.6333333333333333,2.6333333333333333,69.14833333333333,102.09935163537324,98.29111330714166,3.8082383282315817,0.4894886363636364,0.15666803249053968,0.3306818181818182,0.289606458123108,0.8823529411764706,15.735294117647058,64.65955882352942,114.76397875751958,90.42837485927424,24.33560389824534,0.5267633816908455,0.13464184586692746,0.2816408204102051,0.3572129538763494
1393,2025,136,1270,69,1155,67,N,0,1155,1270,0,5,12,-7,0.8181818181818182,10.666666666666666,67.50681818181818,113.07499803611309,97.27412494809728,15.800873088015805,0.5363171355498721,0.14813318520014815,0.2818414322250639,0.319,0.8064516129032258,11.225806451612904,66.4258064516129,113.39355089355091,96.493783993784,16.899766899766902,0.5327313769751693,0.15102952602952605,0.35665914221218964,0.3375
1394,2025,136,1276,68,1471,65,N,0,1276,1471,1,5,12,-7,0.7352941176470589,7.029411764705882,72.46176470588235,108.00828022892398,98.30742379348136,9.700856435442617,0.5449722081859525,0.18955229938710072,0.34967155128852956,0.31224899598393574,0.875,15.09375,67.93828125,114.71809201826106,92.5012361863364,22.21685583192466,0.5542825968357883,0.12189372247329262,0.33769776322967815,0.2280334728033473
1395,2025,136,1345,75,1219,63,N,0,1219,1345,0,13,4,9,0.84375,11.1875,68.37890625,119.50871179662954,103.14767209368752,16.361039702942023,0.5641580942068218,0.14350185661239645,0.376285868976719,0.3258064516129032,0.6666666666666666,6.787878787878788,67.43560606060606,115.48615401898556,105.42043475818683,10.06571926079873,0.5633387010198604,0.1464921642419817,0.3462157809983897,0.2922077922077922
1396,2025,136,1385,83,1303,53,N,0,1303,1385,0,15,2,13,0.625,1.78125,70.17421875,110.7956759404607,108.25735056722667,2.5383253732340307,0.5349087003222341,0.14873696046669563,0.3635875402792696,0.27783452502553624,0.8823529411764706,12.823529411764707,73.27058823529411,107.41811175337187,89.91650610147721,17.501605651894664,0.4968567579703637,0.14370584457289662,0.3017512348450831,0.355116079105761
1397,2025,136,1397,77,1459,62,N,0,1397,1459,1,2,15,-13,0.7941176470588235,11.705882352941176,65.99852941176471,113.23781724191717,95.50123665857083,17.73658058334634,0.5280373831775701,0.145279529401279,0.3541017653167186,0.3363728470111449,0.53125,2.75,65.72421875,111.68828081353192,107.50413065959798,4.184150153933942,0.5327913279132791,0.15215091468850664,0.3105691056910569,0.33669354838709675
1398,2025,136,1401,80,1463,71,N,0,1401,1463,1,4,13,-9,0.6875,6.375,70.03125,106.11334225792056,97.01026327532351,9.103078982597054,0.4747264200104221,0.1686746987951807,0.41688379364252215,0.4022140221402214,0.75,10.428571428571429,70.29821428571428,115.22341047069881,100.38865039246069,14.83476007823812,0.5475352112676056,0.13412248837859123,0.3204225352112676,0.30723606168446027
1399,2025,136,1403,82,1423,72,N,0,1403,1423,1,3,14,-11,0.7575757575757576,13.333333333333334,68.70151515151515,117.76900513861014,98.36137882363319,19.40762631497695,0.5545545545545546,0.13761771386983657,0.2972972972972973,0.32210109018830524,0.78125,6.8125,67.78203125,113.27670266594437,103.22610389460702,10.050598771337349,0.52245670995671,0.14983690828828622,0.3782467532467532,0.34603501544799176
1400,2025,136,1417,72,1429,47,N,0,1417,1429,1,7,10,-3,0.6875,9.03125,67.2109375,111.21701731953969,97.77984424038127,13.437173079158427,0.5296815974096061,0.14832035336510518,0.3291958985429034,0.32094943240454077,0.78125,9.25,68.8640625,115.80786422526263,102.37560411136069,13.432260113901947,0.5599240780911063,0.15111292628139678,0.37635574837310193,0.32063492063492066
1401,2025,136,1458,85,1285,66,N,0,1285,1458,0,14,3,11,0.7096774193548387,0.7741935483870968,68.38225806451612,110.33799561289715,109.2058400358516,1.1321555770455518,0.5636200716845878,0.15331273439158433,0.36200716845878134,0.19716646989374262,0.7428571428571429,9.285714285714286,70.17357142857142,113.59587960465377,100.3633846686278,13.232494936025972,0.5358353510895884,0.13273210305059904,0.33753026634382566,0.24836601307189543
1402,2025,137,1104,90,1352,81,N,0,1104,1352,1,2,15,-13,0.7575757575757576,9.696969696969697,77.85378787878788,117.04146272636157,104.58610254264501,12.455360183716564,0.5634995296331138,0.15569200229645702,0.40122295390404517,0.32700993676603435,0.7575757575757576,5.757575757575758,70.87348484848485,108.34500229816254,100.22126495141792,8.123737346744619,0.5133744855967078,0.17188117965217578,0.38425925925925924,0.34774255523535064
1403,2025,137,1112,93,1103,65,N,0,1103,1112,0,13,4,9,0.8125,8.0625,74.0703125,113.36356924375066,102.47864149351334,10.884927750237324,0.5543372319688109,0.1586330555848539,0.2680311890838207,0.3155291790306627,0.6470588235294118,9.294117647058824,72.12058823529412,113.33143020268342,100.44451694465968,12.886913258023739,0.528785679729076,0.15619265119693324,0.36574746008708275,0.345595353339787
1404,2025,137,1124,75,1280,72,N,0,1124,1280,1,9,8,1,0.5625,5.84375,67.9734375,111.07279957704066,102.47569133163229,8.597108245408364,0.5154127481713688,0.1475760292393628,0.3103448275862069,0.3352941176470588,0.6363636363636364,5.606060606060606,71.75530303030304,111.1521690931934,103.33942164553353,7.812747447659859,0.5174224343675418,0.1418963860764171,0.3164677804295943,0.3230769230769231
1405,2025,137,1161,78,1272,70,N,0,1161,1272,1,12,5,7,0.7352941176470589,8.147058823529411,67.41470588235293,111.60071550106889,99.51572793508137,12.084987565987518,0.5580404685835996,0.1596788970812792,0.31735889243876464,0.2465897166841553,0.8529411764705882,6.911764705882353,73.09117647058824,109.65353506901131,100.1971751639773,9.456359905034006,0.5364041604754829,0.18309122369321154,0.3942545814759782,0.34076137418755803
1406,2025,137,1163,67,1328,59,N,0,1163,1328,1,8,9,-1,0.696969696969697,9.363636363636363,65.89545454545456,117.44958727092961,103.23975075302936,14.209836517900257,0.5553495762711864,0.1526752661470189,0.3061440677966102,0.34594594594594597,0.6060606060606061,4.0,70.55378787878789,111.75655796673503,106.08712458794601,5.669433378789023,0.5494296577946768,0.1619224533184439,0.3959804454101032,0.251063829787234
1407,2025,137,1181,93,1291,49,N,0,1181,1291,1,1,16,-15,0.9117647058823529,20.794117647058822,67.39338235294117,122.72107359118434,91.86623752113906,30.85483607004528,0.5736318407960199,0.13659920353499536,0.3208955223880597,0.3407258064516129,0.6363636363636364,-0.5151515151515151,69.49166666666666,100.03379520108145,100.77510928931963,-0.7413140882381839,0.510331702011963,0.20451547493159197,0.31049483414899404,0.2885973763874874
1408,2025,137,1196,95,1313,69,N,0,1196,1313,1,1,16,-15,0.8823529411764706,16.176470588235293,71.81691176470588,118.92987683140338,96.40527894666789,22.524597884735485,0.5500689021589343,0.14292881203223065,0.3256775378961874,0.37059859154929575,0.6774193548387096,3.870967741935484,69.66532258064517,107.518666435145,101.96214620593854,5.5565202292064555,0.5239745811669555,0.1680847369334954,0.389948006932409,0.2951388888888889
1409,2025,137,1228,86,1462,73,N,0,1228,1462,1,6,11,-5,0.6363636363636364,9.212121212121213,74.0371212121212,113.21102231681488,100.76845153434498,12.4425707824699,0.5231897775674397,0.15225777404864474,0.3459536204448651,0.352994555353902,0.65625,7.15625,71.315625,109.41676526006749,99.38214802155909,10.034617238508403,0.5390539053905391,0.1489855834538364,0.3718371837183718,0.2157721796276013
1410,2025,137,1235,82,1252,55,N,0,1235,1252,1,3,14,-11,0.7272727272727273,12.303030303030303,71.41060606060607,112.53739576923893,95.30882009717595,17.228575672062973,0.5456204379562044,0.16125267870403767,0.38477580813347234,0.3054393305439331,0.71875,9.9375,68.2421875,113.84087006296508,99.27876359473383,14.56210646823125,0.5591634562465603,0.13600457927876358,0.31370390753990096,0.21800433839479394
1411,2025,137,1246,76,1407,57,N,0,1246,1407,1,3,14,-11,0.6666666666666666,7.424242424242424,74.00833333333334,115.26138538862331,105.22975504396516,10.031630344658154,0.5600098376783079,0.14208064202434206,0.3585833743236596,0.26970560303893637,0.6774193548387096,6.451612903225806,67.51209677419355,107.31649047363076,97.76025801827629,9.556232455354476,0.5008522727272727,0.18347966314280595,0.3778409090909091,0.37679671457905545
1412,2025,137,1268,81,1213,49,N,0,1213,1268,0,13,4,9,0.78125,8.84375,73.50078125,106.80158586749715,94.7694008354503,12.032185032046854,0.5123390557939914,0.17176688172957344,0.4393776824034335,0.3071500503524673,0.7575757575757576,14.666666666666666,72.12878787878788,113.22340090326647,92.88940237370024,20.33399852956623,0.5378378378378378,0.1365402793824178,0.32923832923832924,0.28932038834951457
1413,2025,137,1277,87,1136,62,N,0,1136,1277,0,15,2,13,0.65625,5.8125,74.2875,108.15244825845534,100.32811711256942,7.824331145885921,0.5098747591522158,0.1585899377418812,0.3044315992292871,0.3330380868024801,0.8181818181818182,10.909090909090908,70.4090909090909,110.99634172584463,95.5024747148698,15.493867010974824,0.5115030674846626,0.15364751452550032,0.3783231083844581,0.33728981206726016
1414,2025,137,1279,71,1314,64,N,0,1279,1314,1,6,11,-5,0.6666666666666666,5.454545454545454,71.5560606060606,107.86202807715925,100.23926990916213,7.6227581679971195,0.5108421583459405,0.12069367099328775,0.3560262228946041,0.22808671065032987,0.6285714285714286,5.828571428571428,72.94642857142857,110.76621787025704,102.77600979192167,7.990208078335371,0.5417061611374407,0.14452876376988985,0.34834123222748814,0.25724976613657624
1415,2025,137,1307,75,1266,66,N,0,1266,1307,0,7,10,-3,0.696969696969697,8.333333333333334,69.98636363636365,109.84823883440497,97.9411573683185,11.907081466086467,0.5206010664081435,0.1277305102725639,0.260785264178381,0.2807017543859649,0.78125,9.1875,75.14140625,106.42434576475603,94.19739865461993,12.226947110136095,0.507715281234445,0.14639065927781994,0.37779990044798406,0.2889699179580675
1416,2025,137,1332,81,1251,52,N,0,1251,1332,0,12,5,7,0.8064516129032258,9.612903225806452,66.80645161290323,111.29888942539836,96.90970545630131,14.389183969097047,0.5844735276621059,0.14389183969097055,0.3093396787626413,0.17593643586833144,0.7272727272727273,5.2727272727272725,70.26818181818182,108.45893438557906,100.9552148694396,7.503719516139455,0.5224806201550387,0.14964314207473534,0.3338501291989664,0.27579162410623087
1417,2025,137,1388,59,1435,56,N,0,1388,1435,1,7,10,-3,0.84375,12.0,64.98671875,112.90768546457811,94.44237404277317,18.46531142180494,0.5086842105263157,0.13897070314847987,0.3142105263157895,0.393,0.625,4.84375,71.73984375,110.99132063554292,104.2394938307905,6.751826804752426,0.5166750884284993,0.13634334128306488,0.34007074279939364,0.29699248120300753
1418,2025,138,1116,75,1385,66,N,0,1116,1385,1,10,2,8,0.6060606060606061,5.454545454545454,71.98257575757576,106.42306113642822,98.8454697580433,7.577591378384923,0.527315296566077,0.15912941894608332,0.3553590010405827,0.24974924774322968,0.8823529411764706,12.823529411764707,73.27058823529411,107.41811175337187,89.91650610147721,17.501605651894664,0.4968567579703637,0.14370584457289662,0.3017512348450831,0.355116079105761
1419,2025,138,1120,82,1166,70,N,0,1120,1166,1,1,9,-8,0.8484848484848485,14.242424242424242,70.075,119.65534762537973,99.33080357625488,20.324544049124853,0.5571147218119153,0.1271365095838874,0.3353028064992615,0.3333333333333333,0.7058823529411765,5.705882352941177,68.56617647058823,109.72654155495978,101.40482573726541,8.321715817694368,0.557712215320911,0.16815013404825738,0.28467908902691513,0.25425425425425424
1420,2025,138,1140,91,1458,89,N,0,1140,1458,1,6,3,3,0.7272727272727273,10.090909090909092,70.45909090909092,114.9173171623336,100.59566049502182,14.321656667311785,0.5718274111675127,0.16257015676407974,0.3015228426395939,0.3160621761658031,0.7428571428571429,9.285714285714286,70.17357142857142,113.59587960465377,100.3633846686278,13.232494936025972,0.5358353510895884,0.13273210305059904,0.33753026634382566,0.24836601307189543
1421,2025,138,1222,81,1211,76,N,0,1211,1222,0,8,1,7,0.7575757575757576,17.0,72.84242424242424,118.93668358432481,95.59863549380147,23.338048090523344,0.5571428571428572,0.12563441218071386,0.30857142857142855,0.30417495029821073,0.8823529411764706,15.735294117647058,64.65955882352942,114.76397875751958,90.42837485927424,24.33560389824534,0.5267633816908455,0.13464184586692746,0.2816408204102051,0.3572129538763494
1422,2025,138,1276,91,1401,79,N,0,1276,1401,1,5,4,1,0.7352941176470589,7.029411764705882,72.46176470588235,108.00828022892398,98.30742379348136,9.700856435442617,0.5449722081859525,0.18955229938710072,0.34967155128852956,0.31224899598393574,0.6875,6.375,70.03125,106.11334225792056,97.01026327532351,9.103078982597054,0.4747264200104221,0.1686746987951807,0.41688379364252215,0.4022140221402214
1423,2025,138,1345,76,1270,62,N,0,1270,1345,0,12,4,8,0.8064516129032258,11.225806451612904,66.4258064516129,113.39355089355091,96.493783993784,16.899766899766902,0.5327313769751693,0.15102952602952605,0.35665914221218964,0.3375,0.6666666666666666,6.787878787878788,67.43560606060606,115.48615401898556,105.42043475818683,10.06571926079873,0.5633387010198604,0.1464921642419817,0.3462157809983897,0.2922077922077922
1424,2025,138,1397,67,1417,58,N,0,1397,1417,1,2,7,-5,0.7941176470588235,11.705882352941176,65.99852941176471,113.23781724191717,95.50123665857083,17.73658058334634,0.5280373831775701,0.145279529401279,0.3541017653167186,0.3363728470111449,0.6875,9.03125,67.2109375,111.21701731953969,97.77984424038127,13.437173079158427,0.5296815974096061,0.14832035336510518,0.3291958985429034,0.32094943240454077
1425,2025,138,1403,77,1179,64,N,0,1179,1403,0,11,3,8,0.9032258064516129,8.96774193548387,60.38467741935484,113.78661004046637,98.93558769715668,14.851022343309694,0.5382372002592353,0.15919441216929098,0.42968243681140633,0.359039190897598,0.7575757575757576,13.333333333333334,68.70151515151515,117.76900513861014,98.36137882363319,19.40762631497695,0.5545545545545546,0.13761771386983657,0.2972972972972973,0.32210109018830524
1426,2025,139,1104,80,1388,66,N,0,1104,1388,1,2,7,-5,0.7575757575757576,9.696969696969697,77.85378787878788,117.04146272636157,104.58610254264501,12.455360183716564,0.5634995296331138,0.15569200229645702,0.40122295390404517,0.32700993676603435,0.84375,12.0,64.98671875,112.90768546457811,94.44237404277317,18.46531142180494,0.5086842105263157,0.13897070314847987,0.3142105263157895,0.393
1427,2025,139,1112,87,1332,83,N,0,1112,1332,1,4,5,-1,0.6470588235294118,9.294117647058824,72.12058823529412,113.33143020268342,100.44451694465968,12.886913258023739,0.528785679729076,0.15619265119693324,0.36574746008708275,0.345595353339787,0.7272727272727273,5.2727272727272725,70.26818181818182,108.45893438557906,100.9552148694396,7.503719516139455,0.5224806201550387,0.14964314207473534,0.3338501291989664,0.27579162410623087
1428,2025,139,1181,89,1124,66,N,0,1124,1181,0,9,1,8,0.5625,5.84375,67.9734375,111.07279957704066,102.47569133163229,8.597108245408364,0.5154127481713688,0.1475760292393628,0.3103448275862069,0.3352941176470588,0.9117647058823529,20.794117647058822,67.39338235294117,122.72107359118434,91.86623752113906,30.85483607004528,0.5736318407960199,0.13659920353499536,0.3208955223880597,0.3407258064516129
1429,2025,139,1196,77,1163,75,N,0,1163,1196,0,8,1,7,0.696969696969697,9.363636363636363,65.89545454545456,117.44958727092961,103.23975075302936,14.209836517900257,0.5553495762711864,0.1526752661470189,0.3061440677966102,0.34594594594594597,0.8823529411764706,16.176470588235293,71.81691176470588,118.92987683140338,96.40527894666789,22.524597884735485,0.5500689021589343,0.14292881203223065,0.3256775378961874,0.37059859154929575
1430,2025,139,1246,84,1228,75,N,0,1228,1246,0,6,3,3,0.6363636363636364,9.212121212121213,74.0371212121212,113.21102231681488,100.76845153434498,12.4425707824699,0.5231897775674397,0.15225777404864474,0.3459536204448651,0.352994555353902,0.6666666666666666,7.424242424242424,74.00833333333334,115.26138538862331,105.22975504396516,10.031630344658154,0.5600098376783079,0.14208064202434206,0.3585833743236596,0.26970560303893637
1431,2025,139,1268,72,1161,71,N,0,1161,1268,0,12,4,8,0.7352941176470589,8.147058823529411,67.41470588235293,111.60071550106889,99.51572793508137,12.084987565987518,0.5580404685835996,0.1596788970812792,0.31735889243876464,0.2465897166841553,0.7575757575757576,14.666666666666666,72.12878787878788,113.22340090326647,92.88940237370024,20.33399852956623,0.5378378378378378,0.1365402793824178,0.32923832923832924,0.28932038834951457
1432,2025,139,1277,71,1307,63,N,0,1277,1307,1,2,10,-8,0.8181818181818182,10.909090909090908,70.4090909090909,110.99634172584463,95.5024747148698,15.493867010974824,0.5115030674846626,0.15364751452550032,0.3783231083844581,0.33728981206726016,0.78125,9.1875,75.14140625,106.42434576475603,94.19739865461993,12.226947110136095,0.507715281234445,0.14639065927781994,0.37779990044798406,0.2889699179580675
1433,2025,139,1279,91,1235,78,N,0,1235,1279,0,3,6,-3,0.7272727272727273,12.303030303030303,71.41060606060607,112.53739576923893,95.30882009717595,17.228575672062973,0.5456204379562044,0.16125267870403767,0.38477580813347234,0.3054393305439331,0.6666666666666666,5.454545454545454,71.5560606060606,107.86202807715925,100.23926990916213,7.6227581679971195,0.5108421583459405,0.12069367099328775,0.3560262228946041,0.22808671065032987
1434,2025,143,1104,113,1140,88,N,0,1104,1140,1,2,6,-4,0.7575757575757576,9.696969696969697,77.85378787878788,117.04146272636157,104.58610254264501,12.455360183716564,0.5634995296331138,0.15569200229645702,0.40122295390404517,0.32700993676603435,0.7272727272727273,10.090909090909092,70.45909090909092,114.9173171623336,100.59566049502182,14.321656667311785,0.5718274111675127,0.16257015676407974,0.3015228426395939,0.3160621761658031
1435,2025,143,1181,100,1112,93,N,0,1112,1181,0,4,1,3,0.6470588235294118,9.294117647058824,72.12058823529412,113.33143020268342,100.44451694465968,12.886913258023739,0.528785679729076,0.15619265119693324,0.36574746008708275,0.345595353339787,0.9117647058823529,20.794117647058822,67.39338235294117,122.72107359118434,91.86623752113906,30.85483607004528,0.5736318407960199,0.13659920353499536,0.3208955223880597,0.3407258064516129
1436,2025,143,1196,87,1268,71,N,0,1196,1268,1,1,4,-3,0.8823529411764706,16.176470588235293,71.81691176470588,118.92987683140338,96.40527894666789,22.524597884735485,0.5500689021589343,0.14292881203223065,0.3256775378961874,0.37059859154929575,0.7575757575757576,14.666666666666666,72.12878787878788,113.22340090326647,92.88940237370024,20.33399852956623,0.5378378378378378,0.1365402793824178,0.32923832923832924,0.28932038834951457
1437,2025,143,1403,85,1116,83,N,1,1116,1403,0,10,3,7,0.6060606060606061,5.454545454545454,71.98257575757576,106.42306113642822,98.8454697580433,7.577591378384923,0.527315296566077,0.15912941894608332,0.3553590010405827,0.24974924774322968,0.7575757575757576,13.333333333333334,68.70151515151515,117.76900513861014,98.36137882363319,19.40762631497695,0.5545545545545546,0.13761771386983657,0.2972972972972973,0.32210109018830524
1438,2025,144,1120,78,1276,65,N,0,1120,1276,1,1,5,-4,0.8484848484848485,14.242424242424242,70.075,119.65534762537973,99.33080357625488,20.324544049124853,0.5571147218119153,0.1271365095838874,0.3353028064992615,0.3333333333333333,0.7352941176470589,7.029411764705882,72.46176470588235,108.00828022892398,98.30742379348136,9.700856435442617,0.5449722081859525,0.18955229938710072,0.34967155128852956,0.31224899598393574
1439,2025,144,1222,62,1345,60,N,0,1222,1345,1,1,4,-3,0.8823529411764706,15.735294117647058,64.65955882352942,114.76397875751958,90.42837485927424,24.33560389824534,0.5267633816908455,0.13464184586692746,0.2816408204102051,0.3572129538763494,0.6666666666666666,6.787878787878788,67.43560606060606,115.48615401898556,105.42043475818683,10.06571926079873,0.5633387010198604,0.1464921642419817,0.3462157809983897,0.2922077922077922
1440,2025,144,1277,73,1279,70,N,0,1277,1279,1,2,6,-4,0.8181818181818182,10.909090909090908,70.4090909090909,110.99634172584463,95.5024747148698,15.493867010974824,0.5115030674846626,0.15364751452550032,0.3783231083844581,0.33728981206726016,0.6666666666666666,5.454545454545454,71.5560606060606,107.86202807715925,100.23926990916213,7.6227581679971195,0.5108421583459405,0.12069367099328775,0.3560262228946041,0.22808671065032987
1441,2025,144,1397,78,1246,65,N,0,1246,1397,0,3,2,1,0.6666666666666666,7.424242424242424,74.00833333333334,115.26138538862331,105.22975504396516,10.031630344658154,0.5600098376783079,0.14208064202434206,0.3585833743236596,0.26970560303893637,0.7941176470588235,11.705882352941176,65.99852941176471,113.23781724191717,95.50123665857083,17.73658058334634,0.5280373831775701,0.145279529401279,0.3541017653167186,0.3363728470111449
1442,2025,145,1181,85,1104,65,N,0,1104,1181,0,2,1,1,0.7575757575757576,9.696969696969697,77.85378787878788,117.04146272636157,104.58610254264501,12.455360183716564,0.5634995296331138,0.15569200229645702,0.40122295390404517,0.32700993676603435,0.9117647058823529,20.794117647058822,67.39338235294117,122.72107359118434,91.86623752113906,30.85483607004528,0.5736318407960199,0.13659920353499536,0.3208955223880597,0.3407258064516129
1443,2025,145,1196,84,1403,79,N,0,1196,1403,1,1,3,-2,0.8823529411764706,16.176470588235293,71.81691176470588,118.92987683140338,96.40527894666789,22.524597884735485,0.5500689021589343,0.14292881203223065,0.3256775378961874,0.37059859154929575,0.7575757575757576,13.333333333333334,68.70151515151515,117.76900513861014,98.36137882363319,19.40762631497695,0.5545545545545546,0.13761771386983657,0.2972972972972973,0.32210109018830524
1444,2025,146,1120,70,1277,64,N,0,1120,1277,1,1,2,-1,0.8484848484848485,14.242424242424242,70.075,119.65534762537973,99.33080357625488,20.324544049124853,0.5571147218119153,0.1271365095838874,0.3353028064992615,0.3333333333333333,0.8181818181818182,10.909090909090908,70.4090909090909,110.99634172584463,95.5024747148698,15.493867010974824,0.5115030674846626,0.15364751452550032,0.3783231083844581,0.33728981206726016
1445,2025,146,1222,69,1397,50,N,0,1222,1397,1,1,2,-1,0.8823529411764706,15.735294117647058,64.65955882352942,114.76397875751958,90.42837485927424,24.33560389824534,0.5267633816908455,0.13464184586692746,0.2816408204102051,0.3572129538763494,0.7941176470588235,11.705882352941176,65.99852941176471,113.23781724191717,95.50123665857083,17.73658058334634,0.5280373831775701,0.145279529401279,0.3541017653167186,0.3363728470111449
1446,2025,152,1196,79,1120,73,N,0,1120,1196,0,1,1,0,0.8484848484848485,14.242424242424242,70.075,119.65534762537973,99.33080357625488,20.324544049124853,0.5571147218119153,0.1271365095838874,0.3353028064992615,0.3333333333333333,0.8823529411764706,16.176470588235293,71.81691176470588,118.92987683140338,96.40527894666789,22.524597884735485,0.5500689021589343,0.14292881203223065,0.3256775378961874,0.37059859154929575
1447,2025,152,1222,70,1181,67,N,0,1181,1222,0,1,1,0,0.9117647058823529,20.794117647058822,67.39338235294117,122.72107359118434,91.86623752113906,30.85483607004528,0.5736318407960199,0.13659920353499536,0.3208955223880597,0.3407258064516129,0.8823529411764706,15.735294117647058,64.65955882352942,114.76397875751958,90.42837485927424,24.33560389824534,0.5267633816908455,0.13464184586692746,0.2816408204102051,0.3572129538763494
1448,2025,154,1196,65,1222,63,N,0,1196,1222,1,1,1,0,0.8823529411764706,16.176470588235293,71.81691176470588,118.92987683140338,96.40527894666789,22.524597884735485,0.5500689021589343,0.14292881203223065,0.3256775378961874,0.37059859154929575,0.8823529411764706,15.735294117647058,64.65955882352942,114.76397875751958,90.42837485927424,24.33560389824534,0.5267633816908455,0.13464184586692746,0.2816408204102051,0.3572129538763494
